id,first_name,last_name,email,gender,city
1,Shae,Kelwick,skelwick0@fema.gov,Male,La Troncal
2,Berk,Godilington,bgodilington1@sourceforge.net,Male,Piribebuy
3,Andrus,Marland,amarland2@seesaa.net,Male,Juhut
4,Hube,Litton,hlitton3@japanpost.jp,Male,'s-Hertogenbosch
5,Barnie,Dukelow,bdukelow4@theglobeandmail.com,Male,Paris 15
6,Esra,Fowley,efowley5@wordpress.org,Male,Chetian
7,Steffie,Cockill,scockill6@ft.com,Female,Tomé Açu
8,Evie,Folliss,efolliss7@zdnet.com,Female,Si Somdet
9,Arnuad,Blackater,ablackater8@shareasale.com,Male,Chur
10,Jarad,McConaghy,jmcconaghy9@nps.gov,Male,Anguera
11,Karna,Wemm,kwemma@unesco.org,Female,Perelyub
12,Lena,Dimmack,ldimmackb@elpais.com,Female,Olenegorsk
13,Derrek,O'Fihillie,dofihilliec@yelp.com,Male,Béré
14,Bartolemo,McDougall,bmcdougalld@whitehouse.gov,Male,Lamotrek
15,Kath,Rickford,krickforde@sitemeter.com,Agender,Rachanie
16,Vi,Theakston,vtheakstonf@chicagotribune.com,Female,Nanshe
17,Dido,Guard,,Bigender,Conceição do Jacuípe
18,Dacy,Horstead,dhorsteadh@mit.edu,Female,Dahedian
19,Cordie,Shapera,cshaperai@google.fr,Female,Nazareth
20,Arabela,Poll,apollj@wiley.com,Female,Vishnyakovskiye Dachi
21,Consuela,Flamank,cflamankk@webmd.com,Female,Lalībela
22,Kirsten,Messager,kmessagerl@census.gov,Female,Yangchun
23,Sheridan,Baudesson,,Male,Turija
24,Scarlett,Gorham,sgorhamn@wix.com,Female,Vlachovice
25,Hastie,Dyde,hdydeo@stanford.edu,Male,Stockholm
26,Harriette,Garoghan,hgaroghanp@mtv.com,Female,Cap-Santé
27,Tyson,Littleover,,Male,Qingshu
28,Rutherford,Oldis,roldisr@t.co,Male,Chocianów
29,Karina,Ivanikov,kivanikovs@biblegateway.com,Female,Cipari
30,Jeri,Shepstone,jshepstonet@unesco.org,Female,Trnovlje pri Celju
31,Brittan,Kubat,bkubatu@creativecommons.org,Female,Malandag
32,Vivi,Trunchion,vtrunchionv@over-blog.com,Female,Pasirmukti
33,Laurice,Gland,lglandw@accuweather.com,Female,Dado
34,Denise,O'Hdirscoll,dohdirscollx@wix.com,Female,Utsunomiya-shi
35,Ragnar,Apperley,rapperleyy@privacy.gov.au,Male,Tengah
36,Kirstyn,Heiden,kheidenz@soup.io,Female,Nîmes
37,Steffie,Davana,sdavana10@forbes.com,Female,Sergelen
38,Denni,Wiggam,dwiggam11@reuters.com,Female,Buchanan
39,Mathilde,Brabbs,mbrabbs12@spiegel.de,Female,Lorient
40,Garv,Timpany,gtimpany13@freewebs.com,Male,Mazyr
41,Gertruda,Chubb,gchubb14@ft.com,Female,Muktāgācha
42,Merwyn,Kidgell,mkidgell15@nba.com,Male,Banqiao
43,Toby,Dubose,tdubose16@slate.com,Female,Tvrdonice
44,Jard,Cleaves,jcleaves17@sun.com,Male,Vicuña
45,Stanly,Rainy,srainy18@aboutads.info,Male,Puerto Asís
46,Ally,Rowling,arowling19@unc.edu,Female,Paranapanema
47,Marys,Pennino,,Female,Ponta Delgada
48,Gianina,Kuhlen,gkuhlen1b@fema.gov,Female,Ciherang
49,Ingra,Dufaur,idufaur1c@ebay.co.uk,Male,Bystra
50,Maye,Scoggins,mscoggins1d@newsvine.com,Female,Shuigou’ao
51,Sharity,Doumer,,Female,Santiago de Cao
52,Elysia,Belone,ebelone1f@va.gov,Genderfluid,Al Ḩusayn
53,Weylin,Alvares,walvares1g@etsy.com,Genderfluid,Kriel
54,Arvin,Ridgewell,aridgewell1h@furl.net,Male,Ḩarīb
55,Hunfredo,MacMenemy,hmacmenemy1i@deliciousdays.com,Male,Ilhabela
56,Saree,Armal,sarmal1j@abc.net.au,Female,Bačka Topola
57,Lynnell,Norvel,lnorvel1k@timesonline.co.uk,Genderfluid,Bolo
58,Elna,Janousek,ejanousek1l@imdb.com,Female,Néos Skopós
59,Carita,Sliney,csliney1m@si.edu,Female,Pedro Carbo
60,Dominga,Schuelcke,dschuelcke1n@dot.gov,Female,Naebugis
61,Suellen,Tenbrug,,Female,Alta Gracia
62,Melicent,Krzyzaniak,mkrzyzaniak1p@dagondesign.com,Genderqueer,Qŭrghonteppa
63,Jeanie,Fish,jfish1q@quantcast.com,Female,Turkestan
64,Stacee,Erricker,serricker1r@friendfeed.com,Male,San Francisco
65,Jonis,Byford,jbyford1s@seesaa.net,Non-binary,Bajina Bašta
66,Shelba,Bosworth,sbosworth1t@google.ru,Female,Paris 19
67,Jervis,Bastone,jbastone1u@sina.com.cn,Non-binary,Cunha
68,Johnny,Pomfrey,jpomfrey1v@prweb.com,Male,Pemberton
69,Letizia,Idwal Evans,lidwalevans1w@constantcontact.com,Female,As Saddah
70,Romona,Auguste,rauguste1x@prnewswire.com,Female,Wuquan
71,Dee dee,Christmas,dchristmas1y@hugedomains.com,Female,Niedzica
72,Rey,Renahan,rrenahan1z@telegraph.co.uk,Female,Songjiang
73,Chicky,Burth,cburth20@seesaa.net,Bigender,Shangtuhai
74,Ardelia,Shane,ashane21@virginia.edu,Female,Gaoping
75,Pammie,Bedingfield,pbedingfield22@sitemeter.com,Female,Hradec nad Moravici
76,Armando,Dore,adore23@dropbox.com,Male,Dadeldhurā
77,Deirdre,Seegar,dseegar24@nifty.com,Female,Futian
78,Cristal,Starr,cstarr25@mashable.com,Female,Irshava
79,Gannon,Hillan,ghillan26@businessinsider.com,Male,Santa Helena de Goiás
80,Rozella,Gaythwaite,rgaythwaite27@digg.com,Female,Berea
81,Aldous,Winnard,awinnard28@mozilla.org,Male,Payapa
82,Armin,Raddon,,Male,Batatais
83,Ursa,Sherbourne,usherbourne2a@craigslist.org,Female,Pojok
84,Emily,Katt,ekatt2b@theglobeandmail.com,Female,Miguelópolis
85,Dedie,Kneafsey,dkneafsey2c@about.me,Female,Chavães
86,Ashlin,Sex,,Male,Capâo Bonito
87,Marcelia,Brisley,mbrisley2e@wikispaces.com,Female,Mahong
88,Fern,Pretious,fpretious2f@blogger.com,Female,San Diego
89,Brana,Katt,bkatt2g@linkedin.com,Female,Bohai
90,Cristi,Longdon,,Female,Tha Muang
91,Pedro,Reinger,preinger2i@va.gov,Genderfluid,Säter
92,Barry,Allerton,ballerton2j@ihg.com,Female,Laguna Paiva
93,Nikola,Grammer,ngrammer2k@cloudflare.com,Male,Osby
94,Merrick,Beggini,mbeggini2l@privacy.gov.au,Male,Bektemir
95,Wilmer,Weekly,wweekly2m@ihg.com,Male,Na Klang
96,Silvanus,Ortes,sortes2n@utexas.edu,Male,Unión de Reyes
97,Zollie,Brisard,zbrisard2o@xing.com,Male,Martingança-Gare
98,Teresina,Drewson,tdrewson2p@themeforest.net,Female,Thị Trấn Sìn Hồ
99,Tristan,Tapenden,,Male,Liverpool
100,Joanie,Simcox,jsimcox2r@wikipedia.org,Female,Weyburn
101,Alasdair,Critchell,acritchell2s@marriott.com,Male,Velikovechnoye
102,Wynn,Plant,wplant2t@auda.org.au,Female,Xiaoshanzi
103,Zoe,Stanett,zstanett2u@deviantart.com,Female,Parumasan
104,Manolo,Strover,mstrover2v@t-online.de,Male,Dazi
105,Consalve,Braysher,cbraysher2w@imdb.com,Male,Circasia
106,Clemmie,Rattrie,crattrie2x@cnet.com,Male,Nong Bun Nak
107,Eolanda,Jacqueme,ejacqueme2y@hugedomains.com,Female,Itagüí
108,Aland,Guthrum,aguthrum2z@creativecommons.org,Male,Bonneville
109,Keefe,Theyer,ktheyer30@shinystat.com,Male,Daxin
110,Kennith,Gethouse,kgethouse31@meetup.com,Male,Toba
111,Damien,Lawrey,dlawrey32@bigcartel.com,Male,Calango
112,Everett,Lester,elester33@umn.edu,Male,Campana
113,Rickie,Weal,rweal34@cbslocal.com,Female,Colima
114,Julianne,Slyde,jslyde35@about.com,Polygender,Plavsk
115,Jens,Pinsent,jpinsent36@reddit.com,Male,Guimbal
116,Prudi,Gaul,pgaul37@wired.com,Non-binary,Shchukino
117,Abrahan,Guppy,,Male,Sidokumpul
118,Woodrow,Duce,wduce39@biglobe.ne.jp,Male,Shibukawa
119,Giacomo,Nickerson,gnickerson3a@merriam-webster.com,Male,Amiens
120,Ajay,Wychard,awychard3b@msu.edu,Female,Revda
121,Alberik,Littledike,alittledike3c@issuu.com,Male,Niuzhuang
122,Aleece,Remmer,aremmer3d@telegraph.co.uk,Female,Halayhayin
123,Gabriele,Dudmarsh,gdudmarsh3e@pen.io,Male,Wufeng
124,Heinrik,Maddra,hmaddra3f@guardian.co.uk,Male,Krajan Sidodadi
125,Ashton,Dronsfield,adronsfield3g@free.fr,Male,Longba
126,Renaud,McCanny,rmccanny3h@bloglovin.com,Male,Jajaway
127,Ken,Chrispin,kchrispin3i@mit.edu,Male,Khamyāb
128,Julius,MacColgan,jmaccolgan3j@flickr.com,Male,Herrera
129,Vladimir,Sleaford,,Male,Hengshan
130,Shurlock,Urrey,surrey3l@ucla.edu,Male,Olímpia
131,Matt,Goalby,,Male,Chelgard
132,Frazier,Esome,fesome3n@pen.io,Male,Suwangi Utara
133,Patsy,Lackham,plackham3o@feedburner.com,Male,Joroinen
134,Sianna,MacGee,smacgee3p@goo.gl,Female,Lalmanirhat
135,Freedman,Hantusch,,Male,Chagang
136,Cecilius,Aisthorpe,caisthorpe3r@cbc.ca,Male,Tiebiancheng
137,Imojean,Banfield,ibanfield3s@unblog.fr,Female,Bojano
138,Jeannine,Milleton,jmilleton3t@exblog.jp,Female,Yelizavetinskoye
139,Claudelle,MacShirie,cmacshirie3u@example.com,Female,Siso
140,Reeta,Abrahamsson,rabrahamsson3v@w3.org,Female,Kelmė
141,Clementine,Trimmill,ctrimmill3w@ucoz.ru,Female,Portorož
142,Maryrose,Loughney,mloughney3x@google.es,Female,Rikitgaib
143,Lock,Pignon,lpignon3y@wikispaces.com,Polygender,Setonokalong
144,Bengt,Exley,bexley3z@ucsd.edu,Male,Kebonkaret
145,Erda,Ramberg,eramberg40@bing.com,Genderfluid,Thị Trấn Trùng Khánh
146,Birgit,Mertin,bmertin41@dropbox.com,Female,Zhangzhu
147,Olivia,Eady,oeady42@domainmarket.com,Non-binary,Hậu Nghĩa
148,Matty,Crone,mcrone43@mysql.com,Female,Xinhua
149,Laure,Blooman,lblooman44@networkadvertising.org,Female,Young
150,Caralie,Dopson,cdopson45@amazon.com,Female,Pameče
151,Eveline,Letteresse,eletteresse46@facebook.com,Female,Znamenka
152,Stephanie,Johnigan,sjohnigan47@upenn.edu,Female,Orivesi
153,Tabbie,Figgen,tfiggen48@newyorker.com,Female,Três Lagoas
154,Celeste,Hospital,chospital49@chicagotribune.com,Genderfluid,Gexi
155,Karen,Abbotts,kabbotts4a@ucoz.ru,Female,Glondong
156,Selby,Orwell,sorwell4b@facebook.com,Male,Klyuchi
157,Shaun,Marlow,smarlow4c@vimeo.com,Female,Peabiru
158,Celie,Heugle,cheugle4d@addthis.com,Female,Jiuzhen
159,Benyamin,McKillop,bmckillop4e@craigslist.org,Male,Umm Şalāl ‘Alī
160,Frazer,Moncrefe,fmoncrefe4f@comcast.net,Male,Guantouzui
161,Carroll,Shallcross,cshallcross4g@omniture.com,Male,Real
162,Ruggiero,Weatherdon,rweatherdon4h@ustream.tv,Male,Sịa
163,Tadeo,McQuarrie,tmcquarrie4i@biblegateway.com,Male,Minle
164,Ron,Bohlsen,,Genderfluid,Poli
165,Etti,Le Grys,,Female,Xom Tan Long
166,Haleigh,Kain,hkain4l@mail.ru,Female,Tayturka
167,Lucita,Scouler,,Female,Haixing
168,Lonni,Simka,lsimka4n@soup.io,Female,Kävlinge
169,Jarad,O'Day,joday4o@youtube.com,Male,Baška Voda
170,Breanne,Trustrie,btrustrie4p@sakura.ne.jp,Female,Fuji
171,Artemus,Kirk,akirk4q@npr.org,Male,Krajan Dua Patempuran
172,Alonso,Polson,apolson4r@qq.com,Male,Shengmi
173,Tresa,Rosell,trosell4s@japanpost.jp,Female,Al Finţās
174,Robby,Hambatch,rhambatch4t@hc360.com,Non-binary,Tyachiv
175,Sharona,Gilbertson,sgilbertson4u@github.io,Female,New Orleans
176,Atlanta,Volante,avolante4v@github.com,Female,Bacnotan
177,Stormy,Balaam,sbalaam4w@tinyurl.com,Female,Gotovlje
178,Rochelle,Verlinden,rverlinden4x@google.es,Female,Lokosovo
179,Shaina,Lightwing,slightwing4y@xinhuanet.com,Female,Causwagan
180,Gwyn,Sergean,gsergean4z@va.gov,Female,Hanjiashu
181,Ari,Purtell,apurtell50@globo.com,Male,San Miguel del Padrón
182,Rosalind,Vassano,rvassano51@pcworld.com,Female,Kipen’
183,Frazer,Carlo,fcarlo52@google.co.jp,Male,Kiltamagh
184,Iolande,Craigmyle,icraigmyle53@delicious.com,Female,Gahe
185,Paulita,Gullivan,pgullivan54@xing.com,Female,Kirs
186,Ogdan,Kellington,okellington55@adobe.com,Agender,Tumxuk
187,Kyle,Fullagar,kfullagar56@spotify.com,Genderfluid,Cervantes
188,Nariko,Tomowicz,ntomowicz57@bluehost.com,Female,Tours
189,Hilliard,Aland,,Male,Zarqa
190,Lissa,Kitson,lkitson59@huffingtonpost.com,Non-binary,Potrerillos Arriba
191,Meredith,MacKenney,mmackenney5a@marriott.com,Female,Sanquan
192,Hanan,Fitzsymon,hfitzsymon5b@ucla.edu,Male,Nishi-Tokyo-shi
193,Bertine,Hindsberg,bhindsberg5c@umich.edu,Female,Pingzhuang
194,Shoshanna,Benito,sbenito5d@fastcompany.com,Female,Sacramento
195,Nataniel,Robley,nrobley5e@vinaora.com,Genderfluid,Shangcai Zhongxing
196,Adrianna,Edel,aedel5f@illinois.edu,Female,Cieurih Satu
197,Mano,Cuff,mcuff5g@uol.com.br,Male,Tidili Mesfioua
198,Lucias,Goldhawk,lgoldhawk5h@furl.net,Male,Lutowiska
199,Lorettalorna,Tante,ltante5i@youtube.com,Female,Loughrea
200,Herminia,Fotheringham,hfotheringham5j@chronoengine.com,Female,Riachão do Jacuípe
201,Lian,Aldine,laldine5k@newyorker.com,Female,Kosum Phisai
202,Friedrich,Kitchingman,,Male,Vitória
203,Bendite,Zumbusch,,Genderfluid,Smołdzino
204,Alberik,Antuoni,aantuoni5n@bandcamp.com,Male,Rio das Ostras
205,Hugues,McTurley,hmcturley5o@wikimedia.org,Male,Fezna
206,Burt,Mazonowicz,bmazonowicz5p@cyberchimps.com,Male,Xinglong
207,Marilyn,Rutledge,,Female,Sarvābād
208,Astrid,Tossell,atossell5r@quantcast.com,Female,Yongtai
209,Silvano,Riceards,sriceards5s@sciencedaily.com,Male,Kedungbanteng Krajan
210,Ram,Clancey,rclancey5t@state.gov,Male,Huaitu
211,Libby,Benck,lbenck5u@hexun.com,Female,Dún Laoghaire
212,Manolo,Dives,mdives5v@simplemachines.org,Polygender,Solna
213,Esme,Ludwig,eludwig5w@furl.net,Male,Rungis
214,Else,Hiscoe,ehiscoe5x@people.com.cn,Female,Aranitas
215,Welch,Muscat,wmuscat5y@unblog.fr,Male,Masu
216,Ralph,Chrestien,rchrestien5z@europa.eu,Male,Kafr al Labad
217,Krista,Grzelak,kgrzelak60@independent.co.uk,Female,Amsterdam Nieuw West
218,Danya,Flaonier,dflaonier61@amazon.de,Genderqueer,Pandean
219,Nicolette,Wadie,nwadie62@chron.com,Female,Atikokan
220,Marietta,Hoult,mhoult63@seesaa.net,Female,Hobor
221,Tad,Twiddle,ttwiddle64@nhs.uk,Bigender,Nagano-shi
222,Kaine,Attlee,kattlee65@cocolog-nifty.com,Male,Karangasem Laok
223,Kiel,Quarrington,kquarrington66@tiny.cc,Male,Savonranta
224,Joanie,Connichie,jconnichie67@squarespace.com,Genderfluid,Málaga
225,Yoko,Darwen,ydarwen68@unicef.org,Female,Barra de São Francisco
226,Nelli,Reade,nreade69@cocolog-nifty.com,Female,Bambali
227,Ashely,Canon,acanon6a@ebay.co.uk,Female,Borgustanskaya
228,Ring,Summerton,,Male,Zangbawa
229,Aristotle,Nattriss,anattriss6c@histats.com,Male,Knivsta
230,Delila,Treffry,,Female,Ust’-Omchug
231,Samuel,Beamiss,sbeamiss6e@dagondesign.com,Male,Cigadung
232,Laney,Trivett,ltrivett6f@squidoo.com,Male,Kamirenjaku
233,Brett,Finneran,bfinneran6g@cisco.com,Male,Al Minyā
234,Gayle,Patty,gpatty6h@skype.com,Male,Piketberg
235,Alexina,Bantham,abantham6i@si.edu,Female,Huacheng
236,Benedikt,Jozefczak,,Male,Shōbu
237,Chilton,Farnham,cfarnham6k@pbs.org,Male,Tsagaan-Ovoo
238,Opal,Dunderdale,odunderdale6l@dailymotion.com,Female,Padangan
239,Oralia,Daggett,odaggett6m@shareasale.com,Female,Tayturka
240,Minna,Yurygyn,myurygyn6n@engadget.com,Female,Presidente Prudente
241,Alma,Gregh,agregh6o@imdb.com,Female,Tanjungluar
242,Jorie,Bissill,jbissill6p@marriott.com,Female,Kingersheim
243,Spenser,Tubritt,stubritt6q@cmu.edu,Male,Makhalino
244,Eberto,Allkins,eallkins6r@psu.edu,Male,Shitong
245,Neely,MacRinn,nmacrinn6s@hud.gov,Genderqueer,Lainqu
246,Vernor,Mosley,vmosley6t@go.com,Male,Pinghu
247,Byrann,Mabb,bmabb6u@xinhuanet.com,Male,Molsheim
248,Glynn,Wilbore,gwilbore6v@ft.com,Male,Kabac
249,Vita,Coppo,vcoppo6w@ebay.co.uk,Female,Hengpi
250,Ina,Fletcher,ifletcher6x@nifty.com,Female,Oslo
251,Roslyn,Alabaster,ralabaster6y@tmall.com,Female,Nanlang
252,Mata,Bakhrushkin,mbakhrushkin6z@nifty.com,Male,Patapan
253,Royal,Garretts,rgarretts70@dailymail.co.uk,Male,Victoria
254,Candace,McNirlan,cmcnirlan71@purevolume.com,Genderfluid,Kamieniec Ząbkowicki
255,Bancroft,Tarburn,btarburn72@ask.com,Male,Wulan Haye
256,Petunia,Kolinsky,pkolinsky73@arstechnica.com,Polygender,Campo Largo
257,Walton,Fridaye,wfridaye74@xing.com,Male,Jasień
258,Maynard,Huxter,mhuxter75@live.com,Male,Lombog
259,Asa,Cheesman,,Male,Villeurbanne
260,Mathian,Tawton,,Male,Shiyan
261,Nani,Blakebrough,nblakebrough78@is.gd,Polygender,Hamada
262,Leticia,McLoughlin,lmcloughlin79@hud.gov,Agender,Banī Mazār
263,Rhetta,Scimoni,rscimoni7a@nih.gov,Female,Portarlington
264,Massimiliano,Strotton,mstrotton7b@angelfire.com,Male,Venado Tuerto
265,Peyton,Von Salzberg,pvonsalzberg7c@twitpic.com,Male,Dzaoudzi
266,Cody,Errichiello,cerrichiello7d@typepad.com,Male,Qiaogu
267,Enriqueta,Clempton,eclempton7e@yahoo.co.jp,Bigender,Zlynka
268,Sol,Langlois,slanglois7f@mayoclinic.com,Male,Oroquieta
269,Cart,Allsopp,callsopp7g@amazon.de,Male,Kimanuit
270,Carolan,Annand,,Female,Pyapon
271,Jacquie,Hush,jhush7i@livejournal.com,Female,Shuiting
272,Ivar,Origin,iorigin7j@whitehouse.gov,Male,Sitovo
273,Filide,De Ruel,fderuel7k@jalbum.net,Female,Ponta Porã
274,Otis,Tennison,otennison7l@toplist.cz,Male,Gaotai
275,Ariel,Norquay,anorquay7m@yellowpages.com,Male,Aasiaat
276,Clayborne,Hulmes,chulmes7n@twitpic.com,Male,Utrecht (stad)
277,Keelia,Leynagh,kleynagh7o@nyu.edu,Female,Kuala Lumpur
278,Domini,Wailes,dwailes7p@cnn.com,Female,Trollhättan
279,Micheil,Ranshaw,mranshaw7q@fotki.com,Male,São Pedro
280,Brynna,Olexa,bolexa7r@fema.gov,Female,Sjöbo
281,Aymer,Slimm,aslimm7s@com.com,Male,Cruzeiro
282,Annissa,Bickerdyke,abickerdyke7t@imdb.com,Female,Mozzozzin Sur
283,Bern,Broz,bbroz7u@sbwire.com,Male,Jedung
284,Saudra,Ludy,sludy7v@nhs.uk,Female,El Jem
285,Alyson,Levens,alevens7w@cargocollective.com,Female,Kedungsumurkrajan
286,Benedetto,Thain,bthain7x@illinois.edu,Male,Jayyūs
287,Raimund,Wasbey,rwasbey7y@ustream.tv,Male,Shuanghe
288,Guthrie,Goodinge,ggoodinge7z@pinterest.com,Male,Farap
289,Pace,Tysack,ptysack80@live.com,Male,Latacunga
290,Ambrose,Alday,aalday81@wunderground.com,Male,Lazarat
291,Frans,Paszak,fpaszak82@redcross.org,Agender,Dolní Kounice
292,Maridel,Vanyarkin,mvanyarkin83@deviantart.com,Female,Markovo
293,Frances,Doveston,fdoveston84@walmart.com,Female,Gaotang
294,Roobbie,Keelin,rkeelin85@europa.eu,Female,Grujugan
295,Sylas,Guinnane,sguinnane86@creativecommons.org,Male,Manamrag
296,Melessa,Escolme,mescolme87@amazon.com,Female,Ichihara
297,Merwyn,Bugge,mbugge88@independent.co.uk,Male,Dongjin
298,Krissie,Rimmington,krimmington89@virginia.edu,Female,Savonranta
299,Reese,Scawen,,Male,Vegreville
300,Terry,Casol,tcasol8b@uiuc.edu,Male,Zhongtang
301,Jocko,Niezen,jniezen8c@homestead.com,Male,San Pedro
302,Kendra,Viccary,kviccary8d@amazonaws.com,Female,Morje
303,Timofei,Goschalk,tgoschalk8e@google.nl,Male,Xihe
304,Al,Feehely,afeehely8f@dion.ne.jp,Male,Heshan
305,Kenna,Scougall,kscougall8g@addthis.com,Female,Laleng
306,Karalynn,Nijs,knijs8h@senate.gov,Female,Chipata
307,Zared,Whitwham,zwhitwham8i@list-manage.com,Male,Sukarame
308,Myron,Perchard,mperchard8j@surveymonkey.com,Male,Sobinka
309,Netta,Filppetti,nfilppetti8k@about.me,Female,São Tomé
310,Karin,Poulter,,Female,Castelo
311,Micki,Keeping,mkeeping8m@flickr.com,Agender,Al Nashmah
312,Mickey,Dennerley,,Male,Bohorodchany
313,Thorsten,Devas,tdevas8o@ucoz.ru,Male,Dipayal
314,Cristobal,Peltzer,cpeltzer8p@deliciousdays.com,Male,Tall aḑ Ḑamān
315,Norine,Aggiss,naggiss8q@sitemeter.com,Female,Sartrouville
316,Kenton,Castellino,kcastellino8r@mozilla.com,Male,Biryukove
317,Elita,Pollendine,epollendine8s@msn.com,Female,Mangqu
318,Fonz,Coxen,fcoxen8t@bloglovin.com,Male,Kolomak
319,Dallon,Chance,dchance8u@walmart.com,Male,Bielice
320,Etan,Cormack,ecormack8v@virginia.edu,Male,Baimangpu
321,Michaeline,Cottu,,Female,Pomacanchi
322,Sara-ann,Courvert,scourvert8x@paypal.com,Genderfluid,São Manuel
323,Baldwin,Halpeine,bhalpeine8y@mashable.com,Male,Monkey Hill
324,Orson,Coade,ocoade8z@zimbio.com,Male,Nowa Sarzyna
325,Haleigh,Potte,hpotte90@discuz.net,Male,Tabaquite
326,Dion,Phuprate,dphuprate91@wordpress.com,Male,Cerna
327,Griz,Abrahamsson,gabrahamsson92@zdnet.com,Male,Bulu
328,Jemmy,Willmetts,jwillmetts93@intel.com,Female,Nerekhta
329,Yalonda,De Witt,ydewitt94@nbcnews.com,Female,Mayskiy
330,Bay,Setchell,bsetchell95@ucoz.ru,Male,Pallasca
331,Winslow,Davis,wdavis96@last.fm,Male,Paradela
332,Orion,Fend,ofend97@de.vu,Male,Uyugan
333,Sisile,Tight,stight98@typepad.com,Female,Kedungkrajan
334,Danni,Lile,dlile99@cloudflare.com,Female,Vallegrande
335,Francisca,McEttigen,fmcettigen9a@ucsd.edu,Female,Carahue
336,Novelia,MacMillan,,Female,Mirador
337,Lynna,Claiton,lclaiton9c@youtube.com,Female,Waco
338,Ansell,Betje,abetje9d@reverbnation.com,Male,Chengxiang
339,Berna,Van der Merwe,bvandermerwe9e@globo.com,Female,Kedungsinggil
340,Arty,Gariff,agariff9f@devhub.com,Male,Arai
341,Nikola,Arnholtz,narnholtz9g@sohu.com,Male,Sakaidechō
342,Herminia,Edmand,hedmand9h@yahoo.com,Female,Maputi
343,Aleksandr,Sheldrick,asheldrick9i@de.vu,Male,Bogor
344,Abagail,Boodle,,Female,Wyszki
345,Cy,Franklyn,cfranklyn9k@adobe.com,Male,Krasnyy Oktyabr’
346,Koren,Tuplin,ktuplin9l@independent.co.uk,Female,Nan’ao
347,Marc,Braid,mbraid9m@tamu.edu,Male,San Calixto
348,Audrey,Ulyatt,aulyatt9n@discovery.com,Female,Cumba
349,Bruce,Koubu,bkoubu9o@so-net.ne.jp,Male,Al Ḩajar al Aswad
350,Patrizio,Panchen,,Male,Brwinów
351,Sigfried,O'Hanley,sohanley9q@ca.gov,Male,Koltubanovskiy
352,Ranique,Orta,rorta9r@drupal.org,Female,Colonia Wanda
353,Brand,Koppeck,bkoppeck9s@examiner.com,Male,Venda
354,Moise,Keyden,mkeyden9t@nps.gov,Male,Selopuro
355,Arabel,Goodlatt,agoodlatt9u@unblog.fr,Female,Laxiong
356,Vilhelmina,Ivashinnikov,vivashinnikov9v@opensource.org,Female,Ash Shaddādah
357,Rodie,Vernazza,rvernazza9w@icq.com,Female,Djibouti
358,Norton,Atty,natty9x@xrea.com,Male,Al Jubayhah
359,Leighton,Forre,lforre9y@tamu.edu,Male,Zakliczyn
360,Esdras,Crasford,ecrasford9z@adobe.com,Male,Marogong
361,Teodorico,Richter,trichtera0@purevolume.com,Male,Jayaraga Kaler
362,Frederica,Campo,fcampoa1@bizjournals.com,Female,Luoqiao
363,Marybeth,Scrowson,mscrowsona2@telegraph.co.uk,Female,Pittsburgh
364,Nicola,Sommerville,nsommervillea3@list-manage.com,Male,Cana Chapetón
365,Anna-maria,Sheahan,asheahana4@loc.gov,Female,Jijiang
366,Lurette,Verson,lversona5@archive.org,Female,Al Mazra‘ah
367,Mandy,Skeel,mskeela6@narod.ru,Female,Mooka
368,Wanda,Gullyes,wgullyesa7@google.fr,Female,Naples
369,Ambrose,Deluze,adeluzea8@gravatar.com,Male,Conceição da Barra
370,Anatol,Lyddiard,alyddiarda9@sitemeter.com,Male,Buyunshan
371,Petronella,Mockford,pmockfordaa@bbb.org,Female,Rizómata
372,Clemmy,Cheshire,ccheshireab@purevolume.com,Male,Nam Som
373,Jaclyn,Eberst,jeberstac@tamu.edu,Female,Dumalinao
374,Wilt,MacKenny,wmackennyad@si.edu,Male,Proástion
375,Odey,Rouchy,orouchyae@ocn.ne.jp,Male,Zīrakī
376,Witty,Sarle,wsarleaf@devhub.com,Male,Jerada
377,Kippie,Dillimore,kdillimoreag@princeton.edu,Agender,Kamenjane
378,Carroll,Rubenchik,crubenchikah@freewebs.com,Non-binary,Gokwe
379,Dalt,Laxton,dlaxtonai@163.com,Male,Nagcarlan
380,Garry,Bricksey,,Genderqueer,Francisco I Madero
381,Siward,Mattingley,smattingleyak@yolasite.com,Male,Zhubei
382,Rubi,Attyeo,rattyeoal@prweb.com,Female,Mouzourás
383,Richie,Lapthorne,rlapthorneam@hud.gov,Male,Taber
384,Ira,Prazor,iprazoran@wufoo.com,Female,Kozyatyn
385,Gianni,Haynesford,,Male,Bulo
386,Coral,Lummis,,Female,Nantes
387,Avrom,Heskin,aheskinaq@infoseek.co.jp,Male,Shuhong
388,Adah,Kleanthous,akleanthousar@istockphoto.com,Female,Stockholm
389,Abe,Tingly,,Male,Boketu
390,Nichole,Deviney,ndevineyat@youtube.com,Male,Jablah
391,Henrieta,Dory,hdoryau@uiuc.edu,Female,Opi
392,Donovan,Rewcassell,drewcassellav@ning.com,Male,Lukolela
393,Kerby,Lambeth,klambethaw@tamu.edu,Male,Rio Piracicaba
394,Helenelizabeth,Halliberton,hhallibertonax@ifeng.com,Female,Alto del Espino
395,Brady,Applewhite,bapplewhiteay@godaddy.com,Male,Matsue-shi
396,Skipp,Kleehuhler,skleehuhleraz@cocolog-nifty.com,Male,Even Yehuda
397,Enrichetta,Siege,esiegeb0@wix.com,Female,Cimrutu
398,Benny,Philippe,,Male,Bojonggenteng
399,Cleavland,McPhelim,cmcphelimb2@constantcontact.com,Agender,Nangka
400,Henryetta,Hearnden,hhearndenb3@tuttocitta.it,Female,Burrel
401,Erminia,Olivetta,eolivettab4@seesaa.net,Female,Xingyi
402,Nalani,Cuttin,ncuttinb5@people.com.cn,Female,Lembursawah
403,Brooke,Matussow,bmatussowb6@cam.ac.uk,Female,Setanggor
404,Reinaldo,Ballsdon,rballsdonb7@google.fr,Male,Glugur Krajan
405,Engracia,McClymond,emcclymondb8@elpais.com,Bigender,Homa Bay
406,Yuri,Ledger,yledgerb9@marketwatch.com,Male,Loay
407,Wash,Thursby,wthursbyba@oakley.com,Male,Lubuagan
408,Gonzales,Kerbey,gkerbeybb@shinystat.com,Male,Lolotique
409,Luelle,Mahony,lmahonybc@i2i.jp,Female,Carreira
410,Hayden,Leftwich,hleftwichbd@storify.com,Male,Hangou
411,Estele,Robertis,erobertisbe@dion.ne.jp,Female,Ampahana
412,Sephira,Sincock,ssincockbf@apple.com,Female,Zarichchya
413,Kendal,Irlam,kirlambg@hhs.gov,Genderqueer,Shaft
414,Dewitt,Jaggli,djagglibh@vk.com,Male,Vorob’yovo
415,Earle,Walduck,ewalduckbi@engadget.com,Bigender,Kristiansand S
416,Jolyn,Press,jpressbj@devhub.com,Female,København
417,Jacques,Beams,jbeamsbk@sitemeter.com,Male,Vybor
418,Ailina,Oxbie,aoxbiebl@senate.gov,Female,Trois-Rivières
419,Lou,Kynder,lkynderbm@jiathis.com,Male,Shaxi
420,Carma,Phillpotts,cphillpottsbn@cafepress.com,Female,Summerside
421,Zitella,Stewartson,zstewartsonbo@purevolume.com,Female,Sanban
422,Hans,Fearnill,hfearnillbp@microsoft.com,Male,San Andrés
423,Sabina,McVey,smcveybq@goo.ne.jp,Female,San Jose
424,Lowell,Huggan,lhugganbr@sun.com,Male,Shuntian
425,Herb,Leyes,hleyesbs@typepad.com,Male,Krasnokamensk
426,Clemmy,Skough,cskoughbt@slashdot.org,Male,Baimiao
427,Gussie,Muschette,gmuschettebu@sciencedaily.com,Female,Žlutava
428,Cindi,Bunten,cbuntenbv@sphinn.com,Female,Achiaman
429,Jobina,Slewcock,jslewcockbw@dion.ne.jp,Female,Fushë-Bulqizë
430,Andree,Garza,agarzabx@chron.com,Female,Seredeyskiy
431,Hermine,Spraberry,hspraberryby@1688.com,Female,Suruhwadang
432,Orelle,Beslier,obeslierbz@blogtalkradio.com,Female,Xintian
433,Emery,Pointing,epointingc0@google.nl,Male,Shijing
434,Barnebas,Jedrys,bjedrysc1@google.ru,Male,Matumadua
435,Murielle,Ferrieri,mferrieric2@loc.gov,Female,Mbumi
436,Laney,Izak,lizakc3@cargocollective.com,Female,Qarqīn
437,Lynnette,Pawlett,lpawlettc4@pcworld.com,Female,Shuishaping
438,Jocelin,Held,jheldc5@163.com,Polygender,San Mateo
439,Elana,Maclaine,emaclainec6@topsy.com,Female,Itoigawa
440,Friedrich,Ethridge,fethridgec7@webnode.com,Male,Brněnec
441,Teresita,Malcolm,tmalcolmc8@theguardian.com,Female,Akoupé
442,Jaimie,Thrower,jthrowerc9@icio.us,Male,Petaling Jaya
443,Sherie,Westfield,swestfieldca@sourceforge.net,Female,Tawali
444,Flint,Warwicker,fwarwickercb@hc360.com,Male,Dem’yanovo
445,Ignace,Rosini,irosinicc@cdbaby.com,Male,Awilega
446,Jules,Atcherley,jatcherleycd@forbes.com,Male,Lajeado
447,Marianne,Jonczyk,mjonczykce@mtv.com,Female,Bouillon
448,Dannel,Breslin,dbreslincf@time.com,Male,Cibaregbeg Dua
449,Thornie,Persent,tpersentcg@spiegel.de,Male,Habartov
450,Chaddy,Shelley,cshelleych@simplemachines.org,Male,Villefranche-sur-Mer
451,Laney,Fearn,,Male,Ribeirópolis
452,Wilt,Filippello,wfilippellocj@g.co,Male,Saransk
453,Georgia,Ivanin,givaninck@aol.com,Female,Maranganí
454,Tobe,Troubridge,ttroubridgecl@jugem.jp,Female,Sevan
455,Standford,Gillhespy,sgillhespycm@themeforest.net,Male,Moravský Krumlov
456,Ashli,Deverell,adeverellcn@alibaba.com,Female,Tewulike
457,Vito,Wapplington,vwapplingtonco@cbc.ca,Male,Lalig
458,Martie,Dimmick,mdimmickcp@studiopress.com,Female,Karangturi
459,Renaud,Rylands,,Male,Ajuy
460,Tybie,Britt,tbrittcr@amazon.co.uk,Polygender,Mirkovci
461,Simonette,Bidgood,sbidgoodcs@exblog.jp,Female,Rouen
462,Dur,Gier,dgierct@cbsnews.com,Male,São Bento
463,Louisette,Blackesland,lblackeslandcu@tamu.edu,Female,Komenda
464,Daniel,Hing,dhingcv@google.pl,Male,Sihe
465,Ariella,Parley,aparleycw@sciencedirect.com,Female,Sula
466,Moyra,Rowantree,mrowantreecx@liveinternet.ru,Female,Maqian
467,Amaleta,Bedham,abedhamcy@webnode.com,Female,Nor Gyugh
468,Marcus,Emeny,memenycz@weibo.com,Male,Pateh Sam
469,Jennilee,Meighan,jmeighand0@ehow.com,Genderqueer,Gamping Lor
470,Morgan,Rignold,mrignoldd1@sakura.ne.jp,Male,Mueang Suang
471,Major,Margery,mmargeryd2@mlb.com,Male,Dulles
472,Innis,Duer,,Male,Ndeaboh
473,Izzy,Tibald,itibaldd4@biglobe.ne.jp,Male,Campo Quijano
474,Clair,Kilvington,ckilvingtond5@cbsnews.com,Male,Kamionka Wielka
475,Renaud,Dalston,rdalstond6@ucoz.ru,Male,Zhongzhang
476,Terry,Grinnikov,,Male,Myhiya
477,Briggs,Eddie,beddied8@craigslist.org,Male,Abelheira
478,Jehanna,McReidy,jmcreidyd9@nsw.gov.au,Non-binary,Laya
479,Parke,Escalera,pescalerada@cdbaby.com,Male,Santa Bárbara
480,Crysta,Martellini,cmartellinidb@privacy.gov.au,Female,Dunhou
481,Lanie,Beauly,lbeaulydc@hhs.gov,Male,Kiamba
482,Antons,Boag,,Bigender,Chagoda
483,Shena,Yarnold,syarnoldde@wikipedia.org,Female,Sutton
484,Serena,Gronous,sgronousdf@google.nl,Female,Macamic
485,Gram,Aldersea,galderseadg@vinaora.com,Male,Kokas
486,Luisa,Gricks,lgricksdh@tinypic.com,Agender,Tsengel
487,Ronnica,Pringuer,rpringuerdi@usnews.com,Female,Kolmården
488,Lane,Woloschin,lwoloschindj@disqus.com,Male,Cipadung
489,Verile,Mancktelow,vmancktelowdk@usnews.com,Female,Yangfeng
490,Minny,Lente,mlentedl@soundcloud.com,Female,San Jacinto
491,Jennifer,Kenshole,jkensholedm@shop-pro.jp,Female,Pancoran
492,Fayre,Dikelin,,Agender,Muikamachi
493,Jana,Collecott,jcollecottdo@ask.com,Female,Helsingborg
494,Electra,Benford,ebenforddp@redcross.org,Female,Portëz
495,Ivy,Billo,ibillodq@sbwire.com,Female,Drohobych
496,Bartholomeus,Aseef,baseefdr@mediafire.com,Male,Donnacona
497,Cindi,Maydway,cmaydwayds@com.com,Female,Bunawan
498,Pet,Dron,pdrondt@mail.ru,Female,São Luís de Montes Belos
499,Fraze,Coursor,fcoursordu@drupal.org,Male,Fasito‘outa
500,Brett,Lewty,blewtydv@shareasale.com,Female,Koungou
501,Way,Dolder,wdolderdw@tuttocitta.it,Male,Parral
502,Gerome,Sulley,,Male,Noemuti
503,Bobbye,Kimberley,bkimberleydy@quantcast.com,Genderfluid,Rameshki
504,Benn,Winkett,bwinkettdz@google.com.br,Male,Carson City
505,Cornelius,Matchett,cmatchette0@spotify.com,Male,Tanglag
506,Diannne,Give,dgivee1@blinklist.com,Female,Nong Khaem
507,Nickie,Fawlo,nfawloe2@google.co.jp,Male,Zašová
508,Stewart,Clutten,scluttene3@time.com,Male,Đà Bắc
509,Hugo,Albury,halburye4@google.it,Male,Yuza
510,Rustin,Giacovelli,rgiacovellie5@sphinn.com,Male,Jingling
511,Kinna,Popland,,Agender,Lijiang
512,Henka,Bruck,hbrucke7@china.com.cn,Female,Tân Châu
513,Fields,Skuse,fskusee8@artisteer.com,Genderfluid,Cartagena
514,Ted,Gower,tgowere9@huffingtonpost.com,Female,Syanno
515,Gnni,Apdell,gapdellea@google.fr,Polygender,Stockholm
516,Abba,Holtum,aholtumeb@ftc.gov,Male,Castro Barros
517,Cara,Tames,ctamesec@mediafire.com,Female,Benevides
518,Chen,Orknay,corknayed@dell.com,Male,Wenchun
519,Rhetta,Bellworthy,,Female,Kamiichi
520,Elsi,Aldersley,ealdersleyef@feedburner.com,Polygender,Xinan
521,Tracie,Dudson,tdudsoneg@timesonline.co.uk,Female,Xubu
522,Smith,Bickerstaff,sbickerstaffeh@theguardian.com,Male,Mangdang
523,Gwenni,Beale,gbealeei@woothemes.com,Female,Šimanovci
524,Birdie,Galloway,bgallowayej@blogtalkradio.com,Female,Opuwo
525,Laverne,St. Quintin,lstquintinek@bbc.co.uk,Polygender,Sikeshu
526,Margeaux,Gilyatt,mgilyattel@indiatimes.com,Female,Vostochnyy
527,Tommi,Brooks,tbrooksem@engadget.com,Female,Port Antonio
528,Joellyn,Hastewell,jhastewellen@ask.com,Female,Daugavgrīva
529,Frazer,Shreve,fshreveeo@vistaprint.com,Male,Kudowa-Zdrój
530,Julienne,Kibbey,jkibbeyep@time.com,Agender,Lok
531,Modestine,Ginnaly,mginnalyeq@abc.net.au,Female,Wielichowo
532,Torey,Pencott,,Female,Vatutino
533,Noland,Putson,nputsones@google.com,Non-binary,Tudela
534,Lyn,Mersey,lmerseyet@cbc.ca,Female,Alabug
535,Edgardo,Elvey,eelveyeu@myspace.com,Male,Kolobolon
536,Norry,Sherbourne,nsherbourneev@ucoz.com,Male,Etinan
537,Kathe,Devlin,kdevlinew@ed.gov,Female,Pantang
538,Angel,Spelman,aspelmanex@pcworld.com,Female,Itumbiara
539,Myrtice,Mulrenan,mmulrenaney@canalblog.com,Female,Bartolomé Masó
540,Ted,Fareweather,tfareweatherez@w3.org,Genderqueer,Ron Phibun
541,Enid,O'Luney,eoluneyf0@loc.gov,Female,Rajhradice
542,Osborn,MacGiolla Pheadair,omacgiollapheadairf1@hibu.com,Male,Birayang
543,Milena,Puttan,mputtanf2@globo.com,Female,Saint-Louis du Nord
544,Town,MacAleese,tmacaleesef3@arizona.edu,Male,Pakemitan
545,Loretta,Alishoner,lalishonerf4@livejournal.com,Female,Port-de-Paix
546,Lenora,Gartside,lgartsidef5@hhs.gov,Female,Níkaia
547,Corliss,Pierrepoint,,Female,Kamirenjaku
548,Dylan,Rubinfajn,drubinfajnf7@buzzfeed.com,Male,Oslo
549,Leigh,McCotter,lmccotterf8@jimdo.com,Male,Chiri-Yurt
550,Stefania,Nyland,snylandf9@bbb.org,Female,Buđanovci
551,Marten,Artrick,martrickfa@slideshare.net,Male,Ajaccio
552,Fleur,Glossop,fglossopfb@1688.com,Female,Támara
553,Parke,Phare,ppharefc@github.com,Male,Ljig
554,Rafael,Drackford,rdrackfordfd@smugmug.com,Male,Lorengau
555,Linell,Brooksbie,lbrooksbiefe@illinois.edu,Female,Cacoal
556,Nevins,Mouth,nmouthff@purevolume.com,Male,Al Bilād
557,Glenda,Brayson,gbraysonfg@nydailynews.com,Female,Sanban
558,Dugald,Kerslake,dkerslakefh@rakuten.co.jp,Genderqueer,Santyoku
559,Katherina,Kimbly,kkimblyfi@google.es,Female,Empório
560,Job,McQuillen,jmcquillenfj@indiegogo.com,Male,Panalanoy
561,Fredelia,Arpino,farpinofk@aol.com,Female,Kedawung
562,Donnell,Caulwell,dcaulwellfl@photobucket.com,Male,Thị Trấn Thuận Châu
563,Celia,Sisselot,,Female,Xianglan
564,Dov,Conrard,dconrardfn@dell.com,Male,Hamonggolele
565,Giacinta,Almey,galmeyfo@live.com,Bigender,Venda do Alcaide
566,Karia,Hasloch,khaslochfp@flickr.com,Polygender,Hengshitang
567,Dannie,Iffe,diffefq@mozilla.org,Female,Ban Lam Luk Ka
568,Genni,Flavelle,gflavellefr@clickbank.net,Female,Yitang
569,Ruprecht,Gaitung,rgaitungfs@nhs.uk,Bigender,Noupoort
570,Kristan,Cisland,kcislandft@rambler.ru,Female,Gavea
571,Penny,McGruar,pmcgruarfu@google.it,Non-binary,Ostrów Wielkopolski
572,Haskell,Geroldini,hgeroldinifv@youku.com,Male,Sukaharja
573,Margeaux,Juniper,mjuniperfw@deliciousdays.com,Female,Bartica
574,Bernarr,Harryman,bharrymanfx@wp.com,Male,Huasahuasi
575,Michell,L'Amie,mlamiefy@furl.net,Female,Wushi
576,Tomi,Varndell,tvarndellfz@cargocollective.com,Female,Embajador Martini
577,Tommie,Bouller,tboullerg0@shinystat.com,Female,Dahua
578,Nowell,Couvert,ncouvertg1@google.com.hk,Bigender,Xuling
579,Syd,Steaning,ssteaningg2@salon.com,Male,Xieji
580,Rafe,Tombleson,rtomblesong3@state.tx.us,Male,Vishow
581,Delmer,Treadway,dtreadwayg4@tinyurl.com,Male,Dianfang
582,Sayre,Spatarul,sspatarulg5@geocities.com,Female,Promyshlennaya
583,Ave,Blain,ablaing6@g.co,Male,Lidingö
584,Arni,Bellingham,abellinghamg7@nih.gov,Male,Nanyang
585,Pippo,Wagen,,Male,Malabang
586,Rollins,Barbier,rbarbierg9@independent.co.uk,Male,Fryazino
587,Stanleigh,Menichini,smenichiniga@java.com,Male,Wilfrido Loor Moreira
588,Delaney,Batchelor,dbatchelorgb@feedburner.com,Male,Shanghu
589,Freddi,Bradfield,fbradfieldgc@csmonitor.com,Female,Torsby
590,Dina,Chatten,dchattengd@theglobeandmail.com,Genderfluid,Borås
591,Martie,Nelissen,mnelissenge@webmd.com,Male,Almelo
592,Sandy,Tonry,stonrygf@cnet.com,Female,Mehron
593,Connie,Bagott,cbagottgg@youtube.com,Female,Qingshan
594,Reeva,Murley,,Female,Shardara
595,Joli,Peacher,jpeachergi@chron.com,Female,Brześć Kujawski
596,Maddy,Beyer,mbeyergj@meetup.com,Female,Los Patios
597,Teddie,Hartman,thartmangk@ed.gov,Female,Olenegorsk
598,Klaus,Kloster,kklostergl@istockphoto.com,Male,Innoshima
599,Shaw,Jessope,sjessopegm@theguardian.com,Male,Nanhai
600,Lilly,Swyer,lswyergn@globo.com,Female,Mirzec
601,Stephenie,O'Neal,sonealgo@berkeley.edu,Female,Neglasari
602,Franz,Perotti,,Agender,Obita
603,Auroora,Laybourne,alaybournegq@statcounter.com,Female,Kidatu
604,Johny,Kimbly,jkimblygr@oakley.com,Male,Shāhzādpur
605,Jude,Errington,jerringtongs@cargocollective.com,Male,Enskede
606,Corene,Smees,,Female,Bimbo
607,Sutherland,Devey,sdeveygu@furl.net,Male,Huangtang
608,Pepe,Kyne,pkynegv@devhub.com,Male,Tangban
609,Julietta,Firpo,jfirpogw@reverbnation.com,Female,Santa Bárbara
610,Quinton,McGinlay,,Male,Cangzhou
611,Helen,Stoter,hstotergy@diigo.com,Female,Harrisburg
612,Claudelle,Danielian,cdanieliangz@go.com,Female,Ciherang
613,Andie,Rawstron,arawstronh0@over-blog.com,Female,San Agustin
614,Ellene,Jenkison,ejenkisonh1@independent.co.uk,Female,Talmest
615,Rock,Coplestone,rcoplestoneh2@independent.co.uk,Male,Plato
616,Saudra,Sleeford,ssleefordh3@mashable.com,Female,Motygino
617,Ker,Honacker,khonackerh4@geocities.com,Male,Jilin
618,Tabbie,Tunn,ttunnh5@behance.net,Male,Mechrá Belqsiri
619,Rae,Crosser,rcrosserh6@wix.com,Female,Agua Buena
620,Trueman,Yoxen,tyoxenh7@mail.ru,Male,Quimilí
621,Porty,Ramsdell,pramsdellh8@theatlantic.com,Male,Komysh-Zorya
622,Amandy,Stickles,asticklesh9@reuters.com,Female,Santiago
623,Hewe,Marten,hmartenha@wordpress.com,Male,Dassun
624,Yetty,Blowing,yblowinghb@guardian.co.uk,Female,Melun
625,Genovera,McGrudder,gmcgrudderhc@ucoz.com,Female,Limit
626,Arlinda,Whal,awhalhd@dailymail.co.uk,Female,Xiangride
627,Michaeline,McIlwrath,mmcilwrathhe@prlog.org,Female,Xiachengzi
628,Ignace,Millier,imillierhf@skype.com,Male,Donglu
629,Keenan,Wodeland,kwodelandhg@twitter.com,Genderfluid,El Aïoun
630,Tobiah,McNay,tmcnayhh@etsy.com,Male,Kenscoff
631,Elfrida,Spurgin,espurginhi@rakuten.co.jp,Female,Donomulyo
632,Urbanus,Clynman,uclynmanhj@ameblo.jp,Male,Wawa
633,Rutledge,Petre,rpetrehk@ihg.com,Male,Dehang
634,Alberto,McIlory,amciloryhl@shareasale.com,Genderfluid,Aragua de Barcelona
635,Vlad,Mil,vmilhm@tinyurl.com,Male,Vila Nova da Baronia
636,Link,Cheatle,lcheatlehn@opensource.org,Male,Aráchova
637,Jamima,Volkers,jvolkersho@wufoo.com,Female,San Antonio
638,Beatrice,Figgen,bfiggenhp@phpbb.com,Female,Douz
639,Guillermo,Songest,gsongesthq@wp.com,Male,Slobodka
640,Willabella,Manzell,wmanzellhr@nbcnews.com,Female,"Palmas De Gran Canaria, Las"
641,Janith,Bosher,,Female,Ngadri
642,Salvatore,Lambdean,slambdeanht@amazon.co.uk,Male,Leijiadian
643,Paddy,MacCallam,pmaccallamhu@mashable.com,Male,Beiyang
644,Alyse,Bellamy,abellamyhv@miibeian.gov.cn,Female,Vũng Tàu
645,Rachael,Willshere,rwillsherehw@desdev.cn,Female,Daraitan
646,Jackie,Lithgow,jlithgowhx@blog.com,Female,Nueva Loja
647,Anabal,Skyrme,askyrmehy@csmonitor.com,Female,Gornji Grad
648,Jarrett,MacDermott,jmacdermotthz@hexun.com,Male,San Jorge
649,Rutledge,Vasyatkin,rvasyatkini0@ow.ly,Male,Hongshi
650,Allyce,Bernocchi,abernocchii1@ihg.com,Female,Kristiansand S
651,Roda,Joppich,rjoppichi2@canalblog.com,Genderqueer,Kantemirovka
652,Cornie,Pillans,cpillansi3@umn.edu,Female,Calubcub Dos
653,Nixie,Lince,nlincei4@boston.com,Female,Bahir Dar
654,Yanaton,Carss,ycarssi5@mit.edu,Male,Sucha
655,Ade,Sone,asonei6@spiegel.de,Male,Campo
656,Mason,Vlasenko,mvlasenkoi7@people.com.cn,Male,Buesaco
657,Boonie,Wodeland,bwodelandi8@upenn.edu,Male,Yangjinzhuang
658,Jennie,Gotobed,jgotobedi9@yahoo.com,Female,Paobokol
659,Jasmine,Weatherhogg,jweatherhoggia@studiopress.com,Female,Árta
660,Vonny,Lilie,vlilieib@bing.com,Female,Al Qābil
661,Steffi,Danby,sdanbyic@vkontakte.ru,Female,Corumbá
662,Brand,Kitching,bkitchingid@yellowbook.com,Male,Dashiju
663,Paton,Dymick,pdymickie@nasa.gov,Non-binary,Sumbawa Besar
664,Chuck,Iczokvitz,ciczokvitzif@posterous.com,Male,Daming
665,Garrick,Dreini,gdreiniig@ehow.com,Bigender,Nový Knín
666,Feodor,Soule,fsouleih@usda.gov,Male,Changyi
667,Reinaldos,Lacy,rlacyii@stanford.edu,Male,Guocun
668,Madelin,McFadden,mmcfaddenij@tuttocitta.it,Non-binary,Santa Brigida
669,Byron,McLeish,bmcleishik@rambler.ru,Genderqueer,Czerwonak
670,Karna,Scandred,kscandredil@moonfruit.com,Genderfluid,Ivouani
671,Dmitri,Andersch,danderschim@shinystat.com,Agender,Ixopo
672,Christoper,Iglesia,ciglesiain@columbia.edu,Male,Jeong
673,Sabrina,Worsham,sworshamio@goo.gl,Female,Kalān Deh
674,Delaney,Forsdike,dforsdikeip@yelp.com,Male,Quixeramobim
675,Tobit,Ladbrooke,tladbrookeiq@fema.gov,Male,Makato
676,Jocelyne,McRae,jmcraeir@apache.org,Female,Maji
677,Merrie,Absalom,mabsalomis@adobe.com,Female,Huohua
678,Daisie,Imbrey,dimbreyit@wsj.com,Female,Den Chai
679,Hadria,Rawstron,hrawstroniu@nytimes.com,Female,Korets’
680,Hughie,Havelin,hhaveliniv@pagesperso-orange.fr,Male,Novhorod-Sivers’kyy
681,Dar,Sinott,dsinottiw@zdnet.com,Male,Jiulong
682,Cheryl,Hemeret,chemeretix@biblegateway.com,Female,Anto
683,Glennie,California,gcaliforniaiy@squarespace.com,Female,Aoji-ri
684,Thorndike,Aishford,taishfordiz@guardian.co.uk,Male,Jamaica
685,Valentin,Jowsey,vjowseyj0@yandex.ru,Male,Mişrātah
686,Aliza,Fawks,afawksj1@shinystat.com,Female,Ambato
687,Goober,Morden,gmordenj2@hhs.gov,Male,San Juan de Manapiare
688,My,Lorenzetto,,Male,Xinrong
689,Loleta,Clausner,lclausnerj4@domainmarket.com,Female,Huhe
690,Orv,Parfett,oparfettj5@nbcnews.com,Male,Fengyang
691,Field,Cornborough,fcornboroughj6@macromedia.com,Genderqueer,Mushu
692,Licha,Manners,,Female,Bakovci
693,Gracie,Hackforth,ghackforthj8@photobucket.com,Female,Santo Antônio do Monte
694,Clarey,Arton,,Female,Aco
695,Malcolm,Melrose,mmelroseja@wired.com,Non-binary,Mahdia
696,Fairleigh,Tipping,ftippingjb@usgs.gov,Male,Naviraí
697,Idalina,Thalmann,ithalmannjc@tripadvisor.com,Female,Limoges
698,Coletta,Shasnan,cshasnanjd@cargocollective.com,Polygender,Cerro Azul
699,Shandee,Hoggan,shogganje@hugedomains.com,Female,Anápolis
700,Rikki,Attoe,rattoejf@cbslocal.com,Female,Chimbote
701,Kristoforo,Stealey,kstealeyjg@mlb.com,Male,Lab
702,Bernhard,Lyford,blyfordjh@foxnews.com,Male,Le Teil
703,Pepita,Capelin,pcapelinji@telegraph.co.uk,Female,Walferdange
704,Holly,Sorrell,hsorrelljj@baidu.com,Genderfluid,Älvängen
705,Lorne,Pilipyak,lpilipyakjk@moonfruit.com,Male,Ngulung Wetan
706,Noland,Pharaoh,npharaohjl@engadget.com,Male,Gandajika
707,Lotti,Haggarth,lhaggarthjm@imgur.com,Non-binary,Kuala Lumpur
708,Wilton,Olechnowicz,wolechnowiczjn@diigo.com,Male,Ostrów Lubelski
709,Kellyann,Bolliver,kbolliverjo@bloglovin.com,Female,Mesa
710,Leigh,Mordy,lmordyjp@ovh.net,Genderqueer,Aubenas
711,Corbett,Doel,cdoeljq@auda.org.au,Agender,Rio Negrinho
712,Bertie,Trickey,btrickeyjr@nymag.com,Female,Sobo
713,Alyse,Stains,astainsjs@myspace.com,Female,Sydney
714,Rozamond,Clemes,rclemesjt@simplemachines.org,Non-binary,Miłosław
715,Corty,Berriman,cberrimanju@mozilla.com,Male,Shtip
716,Minne,Dax,mdaxjv@sina.com.cn,Female,Berón de Astrada
717,Euphemia,Kubala,,Female,Lakhdenpokh’ya
718,Spence,Olenin,soleninjx@biblegateway.com,Male,Montijo
719,Rickard,Antonietti,,Male,Lilongwe
720,Skipper,Bramwell,sbramwelljz@diigo.com,Male,Kandy
721,Rae,Stolting,rstoltingk0@accuweather.com,Female,Menongue
722,Gena,Mattek,gmattekk1@prnewswire.com,Female,Mekarsari
723,Colas,Ferron,cferronk2@netlog.com,Male,Morón
724,Nester,Heggs,nheggsk3@china.com.cn,Male,Malibong East
725,Killie,Bantham,kbanthamk4@delicious.com,Male,Passagem
726,Sergent,MacCaughey,,Male,Barueri
727,Liza,Whittet,lwhittetk6@rakuten.co.jp,Female,Oued Lill
728,Loretta,Dunridge,ldunridgek7@google.co.uk,Female,Purwodadi
729,Otes,Laffan,olaffank8@merriam-webster.com,Male,Tayabo
730,Ernesta,Buttner,ebuttnerk9@list-manage.com,Female,Gerakaroú
731,Ebba,Binyon,ebinyonka@twitter.com,Female,Targowisko
732,Chiquita,Powley,,Female,Badāmā
733,Humfrid,Elecum,helecumkc@printfriendly.com,Male,Conceição do Araguaia
734,Cal,Vasyunkin,cvasyunkinkd@ucoz.com,Female,Shangsanji
735,Yves,Ambrogelli,yambrogellike@imgur.com,Male,Tieling
736,Hildegaard,Lowndsborough,hlowndsboroughkf@jigsy.com,Female,Monguno
737,Marcie,Kenryd,mkenrydkg@arstechnica.com,Female,Langenburg
738,Clotilda,Ziemsen,cziemsenkh@woothemes.com,Female,Cancela
739,Joelle,Tully,jtullyki@toplist.cz,Female,Крушево
740,Nerissa,Staff,nstaffkj@twitpic.com,Female,Kulautuva
741,Cathe,Barnby,cbarnbykk@reverbnation.com,Female,Caxito
742,Gilberto,Meert,gmeertkl@spotify.com,Male,Al Manzilah
743,Elton,Goodwell,,Male,Camingawan
744,Rudolf,Vautin,rvautinkn@soup.io,Male,Hongwansi
745,Paola,Wythill,pwythillko@irs.gov,Female,Kobelyaky
746,Virgilio,Fitzsymons,vfitzsymonskp@woothemes.com,Male,Nāgarpur
747,Calla,Gergus,cgerguskq@dedecms.com,Female,Slavgorod
748,Jeanelle,Donnett,jdonnettkr@wsj.com,Female,Camabatela
749,Zorana,Hymus,zhymusks@gmpg.org,Polygender,Lamotrek
750,Hill,Staggs,hstaggskt@google.cn,Male,Pulau Pinang
751,Pacorro,Cejka,pcejkaku@mit.edu,Male,Bairro
752,Donnie,Kingsnorth,dkingsnorthkv@delicious.com,Female,San Carlos de Bariloche
753,Eirena,Allett,eallettkw@scribd.com,Female,Simões Filho
754,Forest,Grzelak,fgrzelakkx@multiply.com,Male,Karlskoga
755,Yurik,Spillett,yspillettky@about.com,Male,Santos Evos
756,Caldwell,Miskin,,Male,Arroio Grande
757,Teddy,Hatton,thattonl0@shutterfly.com,Male,Sidowayah Lor
758,Jason,Bloxsome,jbloxsomel1@dedecms.com,Male,Lourido
759,Quinn,Parkes,qparkesl2@independent.co.uk,Male,Huacho
760,Tove,O'Dyvoy,todyvoyl3@instagram.com,Female,Pruchnik
761,Paton,Keddie,pkeddiel4@businesswire.com,Male,Cumanacoa
762,Koo,Stanyon,kstanyonl5@independent.co.uk,Female,Al Fūlah
763,Granger,Rout,groutl6@addthis.com,Male,Guiuan
764,Minne,Joanaud,mjoanaudl7@bbc.co.uk,Female,Dasht-e Lati
765,Marv,Doghartie,mdoghartiel8@independent.co.uk,Male,Paprotnia
766,Duky,Meekings,dmeekingsl9@accuweather.com,Male,Strenči
767,Rani,Rubie,rrubiela@noaa.gov,Female,El Ksour
768,Cchaddie,McGorman,cmcgormanlb@bloglovin.com,Male,Gradačac
769,Lissa,Campo,lcampolc@nsw.gov.au,Female,Suwaduk
770,Dmitri,Woolerton,dwoolertonld@yahoo.com,Male,Fubei
771,Lev,Brettor,lbrettorle@cisco.com,Male,Paris 09
772,Shanda,Bodicam,sbodicamlf@state.tx.us,Female,Bukowina Tatrzańska
773,Wainwright,Hinrich,whinrichlg@usda.gov,Male,Kaltan
774,Clarey,Frichley,cfrichleylh@sbwire.com,Female,Magangué
775,Devin,Di Angelo,ddiangeloli@youku.com,Non-binary,Embajador Martini
776,Correna,de Villier,cdevillierlj@zdnet.com,Female,Dzagam
777,Burton,Larcombe,blarcombelk@skyrock.com,Genderqueer,Xindian
778,Quincey,Winterflood,qwinterfloodll@indiegogo.com,Male,Maracay
779,Inglis,Cisneros,icisneroslm@microsoft.com,Male,Hehe
780,Letitia,Clemence,lclemenceln@tumblr.com,Female,Changshan
781,Hubie,Philot,hphilotlo@ebay.co.uk,Male,Klatakan
782,Lothaire,Ablett,lablettlp@devhub.com,Male,Волочаевское
783,Francklyn,Pennock,fpennocklq@guardian.co.uk,Male,T’aebaek
784,Faydra,Scarratt,fscarrattlr@rambler.ru,Female,San Diego
785,Berk,Makinson,,Bigender,Guyang
786,Garrott,Vannacci,gvannaccilt@histats.com,Male,Granville
787,Shara,Spieck,,Female,Kamień Pomorski
788,Dwayne,Sandars,,Male,"Palmas De Gran Canaria, Las"
789,Frasier,Costanza,fcostanzalw@github.io,Male,Kętrzyn
790,Verla,Proschek,vproscheklx@freewebs.com,Female,Morelos
791,Rudolf,Peagram,rpeagramly@free.fr,Male,Karachi
792,Zsa zsa,Attawell,zattawelllz@mysql.com,Female,Maji
793,Sallyanne,Vidloc,svidlocm0@ucoz.com,Female,Barrancabermeja
794,Elbertine,Sharper,esharperm1@tripadvisor.com,Female,Emnambithi-Ladysmith
795,Beverly,Asple,basplem2@homestead.com,Female,Higuerote
796,Georgianne,Ateggart,gateggartm3@jigsy.com,Female,Leluo
797,Dari,Douthwaite,ddouthwaitem4@mtv.com,Female,Jinhe
798,Arthur,Rodda,aroddam5@netvibes.com,Male,Malaga
799,Rowe,Antonignetti,rantonignettim6@seesaa.net,Female,La Montañita
800,Sergei,Hetterich,shetterichm7@timesonline.co.uk,Male,Saint-Julien-en-Genevois
801,Cherilynn,Bartocci,cbartoccim8@cnet.com,Female,Póvoa
802,Roseanna,Langcastle,rlangcastlem9@bloglovin.com,Genderqueer,Pallanchacra
803,Ardyce,Dunkinson,adunkinsonma@e-recht24.de,Female,Sigay
804,Cyril,Granville,cgranvillemb@phpbb.com,Male,London
805,Pam,Romans,promansmc@prweb.com,Female,Smederevo
806,Kile,Wreight,kwreightmd@washington.edu,Male,Marte
807,Omar,Balf,obalfme@thetimes.co.uk,Male,Chengqiao
808,Joshia,Potes,jpotesmf@delicious.com,Male,Martingança-Gare
809,Winston,Durn,wdurnmg@a8.net,Male,Kampong Chhnang
810,Ashby,Geerits,ageeritsmh@usgs.gov,Male,Itaituba
811,Sallyanne,Collecott,scollecottmi@smugmug.com,Female,Sukhinichi
812,Rowe,Lieber,rliebermj@addtoany.com,Female,Taluncemara
813,Pen,Armell,parmellmk@youtu.be,Male,Na Tan
814,Dorie,Jefferies,djefferiesml@amazon.co.jp,Male,Dagang
815,Gaby,Arnaez,garnaezmm@uiuc.edu,Male,Chunhu
816,Maryann,Weekly,mweeklymn@photobucket.com,Female,Nantes
817,Gert,Dougan,gdouganmo@vinaora.com,Female,Nkurenkuru
818,Marlo,Gulleford,mgullefordmp@prweb.com,Male,Choco
819,Pierrette,Deverock,pdeverockmq@istockphoto.com,Non-binary,Madara
820,Petronille,Ramm,prammmr@tripadvisor.com,Genderfluid,Mungui
821,Giselbert,Sealy,,Male,Uppsala
822,Hanna,Charke,hcharkemt@who.int,Female,Bolobo
823,Culver,Prando,cprandomu@wix.com,Male,Pazarić
824,Oona,Shropshire,oshropshiremv@nyu.edu,Female,Shicheng
825,Jasper,Searby,jsearbymw@123-reg.co.uk,Male,Bezenchuk
826,Melisandra,Gatley,mgatleymx@sciencedirect.com,Female,Balaogan
827,Elbertina,Escritt,eescrittmy@mail.ru,Female,Syriam
828,Cortney,Cowthart,ccowthartmz@hostgator.com,Female,Sukatani
829,Barnaby,Pisco,bpiscon0@weibo.com,Male,Tournai
830,Eleni,Escreet,eescreetn1@shop-pro.jp,Female,Jiqu
831,Dannie,Leyband,dleybandn2@hhs.gov,Male,Mor Laok
832,Lacey,Byas,lbyasn3@redcross.org,Female,Banjar Bali
833,Jacquelynn,Verzey,jverzeyn4@forbes.com,Female,Zhonghe
834,Humphrey,Mee,hmeen5@microsoft.com,Bigender,Shangzhuang
835,Winifred,Rushforth,wrushforthn6@posterous.com,Female,Taganak
836,Filippo,Kewish,fkewishn7@moonfruit.com,Male,Prado Siongco
837,Gusta,Atack,,Female,Västerås
838,Heddie,Wyne,,Female,Fengting
839,Stesha,Bevens,,Female,Daejeon
840,Berti,Keaves,,Female,Oslo
841,Theodora,Chesnut,tchesnutnc@w3.org,Female,Gongli
842,Aaren,Netherwood,anetherwoodnd@t.co,Polygender,Nagrog Wetan
843,Eldon,Ahern,eahernne@elegantthemes.com,Bigender,Biao
844,Sharona,Cannam,scannamnf@miitbeian.gov.cn,Female,Vancouver
845,Kippy,Doghartie,kdoghartieng@amazon.co.uk,Female,Itapetininga
846,Hube,McClaurie,hmcclaurienh@businesswire.com,Male,Dongting
847,Letty,Iacobucci,liacobuccini@sakura.ne.jp,Bigender,Sukadami
848,Reed,Colliber,rcollibernj@clickbank.net,Male,Rio do Sul
849,Kate,Snoddin,,Agender,Takum
850,Jamil,Jedrychowski,jjedrychowskinl@vk.com,Male,Maunggora
851,Hartley,Aishford,haishfordnm@com.com,Male,Kudinovo
852,Barton,Kebell,bkebellnn@google.com.au,Male,Xambabazar
853,Brietta,Hamsson,bhamssonno@time.com,Female,Mogadishu
854,Lorianne,Stowgill,,Female,Donghuang
855,Aprilette,O'Sculley,aosculleynq@techcrunch.com,Female,Hanfeng
856,Ambros,Ropars,aroparsnr@zdnet.com,Male,Bodega
857,Antonietta,Stainland,astainlandns@hhs.gov,Female,Santo Domingo
858,Melany,Fagg,,Female,Caramuca
859,Costanza,Meffin,cmeffinnu@phpbb.com,Female,Kakegawa
860,Ashla,Matterdace,amatterdacenv@hud.gov,Female,Mozhga
861,Brittani,Bryenton,bbryentonnw@mysql.com,Female,Sigou
862,Timofei,Banford,,Male,Wenping
863,Becka,Astin,bastinny@live.com,Female,Zhuli
864,Guy,Pendrich,gpendrichnz@home.pl,Male,Khvatovka
865,Deonne,Potticary,dpotticaryo0@paginegialle.it,Female,Sobang
866,Welbie,Strathe,wstratheo1@rediff.com,Male,Glazov
867,Mallory,De Mattei,mdematteio2@samsung.com,Female,Ðà Lạt
868,Felecia,Lowis,flowiso3@xrea.com,Female,Toulon
869,Afton,Postle,apostleo4@woothemes.com,Female,Puerto Nariño
870,Dulciana,MacShane,dmacshaneo5@shareasale.com,Polygender,Banjar Pangkungtibah Selatan
871,Anders,Chiles,achileso6@usa.gov,Male,Santa Eulália
872,Eugenia,Farfull,efarfullo7@yellowpages.com,Female,Paracambi
873,Sheffy,Swindley,sswindleyo8@thetimes.co.uk,Male,Hongshi
874,Judas,Ashleigh,jashleigho9@dagondesign.com,Agender,Musan-ŭp
875,Randa,Galiero,rgalierooa@xinhuanet.com,Polygender,Pruszcz Gdański
876,Nicolis,Liddiard,nliddiardob@reverbnation.com,Male,Clermont-Ferrand
877,Serena,Rubinsaft,srubinsaftoc@ezinearticles.com,Bigender,Kax
878,Tracey,Heynen,theynenod@answers.com,Male,Bilohirs’k
879,Guido,Palffy,gpalffyoe@trellian.com,Male,Guanchao
880,Romy,Slott,,Female,Yongfeng
881,Merry,Rapport,mrapportog@gov.uk,Female,Yuxi
882,Hanna,McMullen,,Bigender,Majiang
883,Bertrand,Leschelle,,Male,Profítis Ilías
884,Gabriele,Boutell,gboutelloj@nih.gov,Male,San Carlos
885,Cara,Snipe,csnipeok@usda.gov,Female,Matsubara
886,Patrice,Baughen,pbaughenol@ask.com,Polygender,Silago
887,Sharai,Moody,smoodyom@nbcnews.com,Female,Zerkten
888,Quintana,Whitlock,qwhitlockon@studiopress.com,Female,Ágios Stéfanos
889,Hadleigh,Hulkes,hhulkesoo@theglobeandmail.com,Male,Si Racha
890,Sandro,Mapis,smapisop@spiegel.de,Agender,Laspezia
891,Purcell,Saint,psaintoq@free.fr,Male,Pingling
892,Angele,Peeters,apeetersor@smugmug.com,Female,Kawahmanuk
893,Olav,Possel,oposselos@vistaprint.com,Male,Villa Nueva
894,Alick,Preedy,apreedyot@statcounter.com,Male,Naivasha
895,Winnie,Aldin,waldinou@zdnet.com,Male,Ilihan
896,Darren,Korpal,dkorpalov@adobe.com,Agender,Sukhobuzimskoye
897,Ragnar,Melloi,rmelloiow@ihg.com,Male,Dordrecht
898,Moise,Vernau,mvernauox@infoseek.co.jp,Male,Qila Saifullāh
899,Hanni,Rutty,hruttyoy@tripod.com,Female,Caluire-et-Cuire
900,Reece,Caldayrou,rcaldayrouoz@princeton.edu,Non-binary,Gombong
901,Kerry,Dacke,kdackep0@usatoday.com,Male,Taiping
902,Baxie,Ruddy,bruddyp1@hc360.com,Male,Korotych
903,Marnie,Tuberfield,mtuberfieldp2@comsenz.com,Female,Koblain
904,Prue,Sprigin,pspriginp3@symantec.com,Female,Senduro
905,Sauncho,Stoaks,sstoaksp4@twitpic.com,Bigender,Khagrachhari
906,Gilles,Shaves,gshavesp5@jiathis.com,Male,Novo Selo
907,Una,Botright,ubotrightp6@yellowpages.com,Female,Nan
908,Georgina,Manley,,Genderqueer,San Juan de Dios
909,Sidonia,Roddick,sroddickp8@xrea.com,Female,Young
910,Friederike,Easey,feaseyp9@blogs.com,Female,Songkar B
911,Cory,Churching,cchurchingpa@hp.com,Female,Kotaagung
912,Sheilakathryn,Levicount,slevicountpb@paypal.com,Female,Sanlanbahai
913,Tommie,Gisbey,tgisbeypc@businessweek.com,Male,Mikulovice
914,Florian,Blowfelde,fblowfeldepd@mlb.com,Male,Ořechov
915,Verene,Maystone,vmaystonepe@deliciousdays.com,Female,Eskilstuna
916,Bonita,Menezes,bmenezespf@mozilla.com,Female,Budenovetc
917,Paula,Mattacks,pmattackspg@yelp.com,Female,Villa Regina
918,Tore,Freckleton,tfreckletonph@techcrunch.com,Agender,Nangka
919,Padraic,Dearan,pdearanpi@cbc.ca,Male,Sandnes
920,Brig,De Beauchamp,bdebeauchamppj@dot.gov,Bigender,Pretana
921,Alberik,McGrotty,amcgrottypk@paginegialle.it,Male,Baguinge
922,Raynell,Nenci,rnencipl@dion.ne.jp,Female,Saari
923,Loraine,Corker,lcorkerpm@webnode.com,Female,Velagići
924,Riley,Brenston,rbrenstonpn@zimbio.com,Male,Malayal
925,Reider,Wyldbore,rwyldborepo@statcounter.com,Male,São Lourenço de Mamporcão
926,Carolee,Shenton,cshentonpp@bloglines.com,Female,Néa Smýrni
927,Gwyneth,Casse,gcassepq@mapy.cz,Female,Tambillo
928,Bink,Scraney,bscraneypr@multiply.com,Male,Patpata Segundo
929,Richmound,Baglow,rbaglowps@disqus.com,Male,Jelat
930,Dorelle,Keywood,dkeywoodpt@csmonitor.com,Female,Täby
931,Thorvald,Strowan,tstrowanpu@columbia.edu,Male,Kesheng
932,Trevor,Towsey,ttowseypv@pcworld.com,Male,Arrën
933,Shelley,Sinnat,ssinnatpw@wired.com,Female,Xiwanzi
934,Julianna,Burnhard,jburnhardpx@latimes.com,Female,Dzhankoy
935,Ashly,Orthmann,aorthmannpy@theglobeandmail.com,Female,Shaoxing
936,Marion,Philcock,mphilcockpz@usnews.com,Female,Mutum Biyu
937,Philippa,Dovidian,pdovidianq0@cnn.com,Female,Jahrom
938,Brynne,Ronaghan,bronaghanq1@twitpic.com,Bigender,Boawae
939,Elsinore,Wharfe,ewharfeq2@github.io,Female,Pasirreungit
940,Odelle,Rigate,origateq3@netlog.com,Female,Cisewu
941,Rolando,Carlet,rcarletq4@va.gov,Male,Huazhuang
942,Corena,Rankling,cranklingq5@jigsy.com,Female,Aime
943,Nicolette,Lyptrit,nlyptritq6@nhs.uk,Female,Sungaiduri
944,Raynor,Halmkin,rhalmkinq7@flavors.me,Agender,Pagnag
945,Sean,Gleave,sgleaveq8@ca.gov,Female,Seixezelo
946,Sascha,Utton,suttonq9@craigslist.org,Female,Tangguhang
947,Gene,Cordeiro,gcordeiroqa@ovh.net,Male,Palma Gil
948,Terrie,Wardhough,twardhoughqb@yolasite.com,Female,Umeå
949,Rafa,Saur,rsaurqc@twitter.com,Female,Bagroy
950,Merissa,Brooker,mbrookerqd@goo.ne.jp,Female,Pisangkemeng
951,Cordy,Fulmen,cfulmenqe@cbslocal.com,Female,Sievi
952,Woodman,Gokes,wgokesqf@jigsy.com,Male,Stockholm
953,Joelynn,Hitzke,jhitzkeqg@shareasale.com,Agender,New Cebu
954,Zak,Clymer,zclymerqh@tinyurl.com,Male,Culubasa
955,Titos,Wackett,,Polygender,Jenzan
956,Kippie,Measom,kmeasomqj@smugmug.com,Female,Dongmaku
957,Tabby,Donahue,tdonahueqk@salon.com,Male,Sumber
958,Bill,Heynen,,Male,Leicheng
959,Gene,Drage,gdrageqm@cnn.com,Male,Bulianhe
960,Syman,Silverwood,ssilverwoodqn@nasa.gov,Male,Atibaia
961,Gayleen,Delooze,gdeloozeqo@addtoany.com,Female,Fernando de Noronha (Distrito Estadual)
962,Ardis,Lebell,alebellqp@myspace.com,Female,Bataiporã
963,Vick,Boatwright,vboatwrightqq@trellian.com,Male,Al Manşūrah
964,Ilyssa,Facher,ifacherqr@wisc.edu,Non-binary,Gornji Grad
965,Chere,Addinall,caddinallqs@unblog.fr,Female,Berthierville
966,Flem,Burnhard,fburnhardqt@github.io,Male,Dongying
967,Gan,Mulcock,gmulcockqu@opensource.org,Male,Banī Suhaylā
968,Harvey,Booth-Jarvis,hboothjarvisqv@acquirethisname.com,Male,Kota Trieng
969,Robin,Tireman,rtiremanqw@hatena.ne.jp,Female,Sarata
970,Chauncey,Beek,,Male,Bagarmossen
971,Barnie,Minshull,bminshullqy@indiatimes.com,Male,Plast
972,Abel,Klaaasen,aklaaasenqz@mozilla.org,Male,Sigaozhuang
973,Sybille,Freezor,sfreezorr0@eventbrite.com,Female,Leuwidamar
974,Jori,Kitcher,jkitcherr1@phpbb.com,Female,Laveiras
975,Lonnie,Bouchard,lbouchardr2@blogger.com,Agender,Johor Bahru
976,Randie,Stribbling,,Female,Kyurdarmir
977,Leighton,Patrone,lpatroner4@mlb.com,Male,Novovoronezh
978,Doy,Smithend,,Bigender,Rymättylä
979,Chrissy,Kensy,ckensyr6@nbcnews.com,Female,Lukovo
980,Gasper,Roland,grolandr7@skyrock.com,Male,Sandachō
981,Laurette,Westnage,lwestnager8@mediafire.com,Female,Tsushima
982,Bonnibelle,Yair,byairr9@netscape.com,Female,Kamwenge
983,Marcella,Mervyn,mmervynra@ed.gov,Female,Almargem do Bispo
984,Mikael,Abbado,mabbadorb@salon.com,Male,Paucarbamba
985,Skell,Rolfs,srolfsrc@squarespace.com,Male,Halmstad
986,Seumas,Yoxen,syoxenrd@ifeng.com,Male,Potou
987,Jozef,Crush,jcrushre@livejournal.com,Genderfluid,Gaoshi
988,Laura,Baylis,lbaylisrf@zdnet.com,Female,Vila Franca de Xira
989,Ginnifer,Coffey,gcoffeyrg@etsy.com,Agender,Weston
990,Loria,Bennike,lbennikerh@google.ca,Female,Arpajon
991,Becka,Cardoo,bcardoori@is.gd,Female,Üydzen
992,Tandy,Edgeon,tedgeonrj@seesaa.net,Female,Vrangel’
993,Bondon,De Morena,bdemorenark@nba.com,Male,Shaxi
994,Stephan,Killiam,skilliamrl@earthlink.net,Male,Sukaraja
995,Bernardo,Pottage,bpottagerm@ca.gov,Polygender,Heshui
996,Lamond,Martello,lmartellorn@intel.com,Male,El Cairo
997,Andy,Itter,aitterro@ca.gov,Male,San Antonio
998,Wyndham,Niese,wnieserp@webs.com,Male,Currais Novos
999,Sarina,Kinnin,skinninrq@ask.com,Female,Daping
1000,Kerrill,Bryson,kbrysonrr@paginegialle.it,Female,Drobin
