id,first_name,last_name,email,gender,city
1,Pernell,Kinnier,pkinnier0@mapquest.com,Male,
2,Nikolaos,Mazzia,nmazzia1@wordpress.org,Male,Lloydminster
3,Trey,Sibly,tsibly2@free.fr,Male,Klishkivtsi
4,Ellene,Collington,ecollington3@technorati.com,Polygender,Huzhou
5,Decca,Janczewski,djanczewski4@nps.gov,Male,Xinxing
6,Humfrey,Drew,hdrew5@unc.edu,Male,Prakhon Chai
7,Belicia,Klewi,bklewi6@mapy.cz,Female,Angers
8,Coleen,Punton,cpunton7@webnode.com,Genderqueer,Stockholm
9,Robb,Cowdroy,rcowdroy8@instagram.com,Polygender,Xiadu
10,Fons,Jarlmann,fjarlmann9@ifeng.com,Male,Dallas
11,Rudie,De la Eglise,rdelaeglisea@networksolutions.com,Male,Krajan Karanganyar
12,Galvin,Nisbith,gnisbithb@cafepress.com,Male,Bellavista
13,Drucill,Padfield,dpadfieldc@jalbum.net,Female,Annaka
14,Elwyn,Pollicatt,epollicattd@oaic.gov.au,Male,Greenville
15,Conan,Ferrieres,cferrierese@omniture.com,Male,El Mirador
16,Adeline,Boraston,aborastonf@google.nl,Female,Göteborg
17,Linea,Padilla,lpadillag@shutterfly.com,Female,Nyakhachava
18,Ana,Girardey,agirardeyh@infoseek.co.jp,Female,Kafir Qala
19,Timotheus,Eirwin,teirwini@hhs.gov,Male,Iwakuni
20,Pattin,Gogan,pgoganj@uol.com.br,Male,Neglasari
21,Lavena,Selvester,lselvesterk@amazon.co.jp,Female,Cherepovets
22,Lissy,Kunze,lkunzel@nba.com,Female,Okaya
23,Pearline,Muscroft,pmuscroftm@dedecms.com,Female,Darong
24,Damita,Pickerill,dpickerilln@goodreads.com,Female,Skuratovskiy
25,Myrwyn,Allflatt,mallflatto@reuters.com,Male,Yuping
26,Evangeline,Erangy,eerangyp@hugedomains.com,Female,Kalýves Polygýrou
27,Johannah,Filippone,jfilipponeq@feedburner.com,Female,Montgomery
28,Archy,Mardee,amardeer@bbb.org,Genderqueer,Babao
29,Caspar,Vaisey,cvaiseys@reddit.com,Male,Jingling
30,Adelind,Frosch,afroscht@earthlink.net,Female,Tauranga
31,Hewet,Abramski,habramskiu@geocities.com,Male,
32,Mord,Pagram,mpagramv@rambler.ru,Male,Menzel Abderhaman
33,Kippy,Croston,kcrostonw@cornell.edu,Female,Cervantes
34,Britt,Bruineman,bbruinemanx@rakuten.co.jp,Male,Dacun
35,Phillip,Heisler,pheislery@nih.gov,Male,Bang Yai
36,Edee,Josebury,ejoseburyz@odnoklassniki.ru,Female,Salon-de-Provence
37,Melinda,Hamsher,mhamsher10@imdb.com,Female,Kalisabuk
38,Feodora,Ginman,fginman11@who.int,Female,Staffanstorp
39,Malory,Lawther,mlawther12@ask.com,Female,Kalej
40,Brice,Brownsword,bbrownsword13@amazonaws.com,Male,Protección
41,Nettie,Hetterich,nhetterich14@people.com.cn,Female,Dayton
42,Jud,Feldberger,jfeldberger15@technorati.com,Male,Esperalvillo
43,Marleah,Mibourne,mmibourne16@cnn.com,Female,Virden
44,Winn,Brownsmith,wbrownsmith17@uiuc.edu,Male,Chinch'ŏn
45,Skipton,Rehor,srehor18@infoseek.co.jp,Male,Tateyama
46,Maurie,Huxter,mhuxter19@eventbrite.com,Polygender,Glagahdowo
47,Ky,Sabater,ksabater1a@multiply.com,Male,Armen
48,Katerina,Stanford,kstanford1b@storify.com,Female,Fort-de-France
49,Darbie,Bandt,dbandt1c@mail.ru,Female,Belo Horizonte
50,Neala,Phuprate,nphuprate1d@example.com,Female,Ballisodare
51,Irving,Fiddyment,ifiddyment1e@desdev.cn,Male,Chendong
52,Thomasa,Benettelli,tbenettelli1f@acquirethisname.com,Female,
53,Inger,Stathers,istathers1g@state.gov,Agender,Dologon
54,Haleigh,Heffer,hheffer1h@nhs.uk,Female,Huaihe
55,Lamond,Tidmas,ltidmas1i@unblog.fr,Male,Asyūţ
56,Karl,Christmas,kchristmas1j@reddit.com,Male,Khun Han
57,Cherice,Rumsby,crumsby1k@parallels.com,Female,Selebi-Phikwe
58,Dilan,Landon,dlandon1l@vinaora.com,Male,Al Mawşil al Jadīdah
59,Burg,Davis,bdavis1m@mysql.com,Male,Chichaoua
60,Lissie,Pickston,lpickston1n@odnoklassniki.ru,Female,Arma
61,Robinett,Toulamain,rtoulamain1o@time.com,Female,Zili
62,Dominga,Northgraves,dnorthgraves1p@craigslist.org,Female,Mallow
63,Norry,McIlheran,nmcilheran1q@bloomberg.com,Female,Patapan
64,Letitia,Denty,ldenty1r@ehow.com,Female,Libertad
65,Pammi,Challinor,pchallinor1s@pcworld.com,Female,Wilkowice
66,Ethelred,Lenihan,elenihan1t@hc360.com,Male,Chone
67,Flynn,Ghelardoni,fghelardoni1u@independent.co.uk,Male,
68,Kaitlynn,Donald,kdonald1v@alexa.com,Female,‘Awaj
69,Bastien,Van der Son,bvanderson1w@booking.com,Male,El Tambo
70,Cletis,Caitlin,ccaitlin1x@cpanel.net,Male,Liqiao
71,Godfree,Osbaldeston,gosbaldeston1y@virginia.edu,Male,Houjiachuan
72,Charlton,Englishby,cenglishby1z@taobao.com,Male,Munka-Ljungby
73,Genvieve,Corrie,gcorrie20@jigsy.com,Female,Batouri
74,Kacey,Ellesworthe,kellesworthe21@jugem.jp,Genderqueer,Siwa Oasis
75,Vincenty,Hoff,vhoff22@google.co.uk,Male,Yeoju
76,Irvine,Alberti,ialberti23@acquirethisname.com,Male,Valence
77,Ches,Allmark,callmark24@bing.com,Male,Sapiranga
78,Alika,Sheaf,asheaf25@tiny.cc,Agender,La Calera
79,Hobart,Frail,hfrail26@goodreads.com,Male,Pueblo Nuevo
80,Abba,Cottisford,acottisford27@columbia.edu,Male,Limoeiro do Ajuru
81,Rey,Lugg,rlugg28@pcworld.com,Male,Plymouth
82,Axe,Skitt,askitt29@hatena.ne.jp,Male,Kut Bak
83,Kimberly,Sneath,ksneath2a@moonfruit.com,Female,Omaha
84,Sherill,Davys,sdavys2b@ca.gov,Female,Ōmamachō-ōmama
85,Niel,Tortoishell,ntortoishell2c@ameblo.jp,Male,Ostrov
86,Lynne,Keeri,lkeeri2d@hibu.com,Female,Bani
87,Luce,Underhill,lunderhill2e@example.com,Female,Costeira do Pirajubae
88,Alaric,Butland,abutland2f@istockphoto.com,Male,Hrabyně
89,Robbert,Williamson,rwilliamson2g@nsw.gov.au,Male,Tianjin
90,Samara,Dankersley,sdankersley2h@discuz.net,Female,Formiga
91,Vickie,MacCoughen,vmaccoughen2i@latimes.com,Genderqueer,Butiá
92,Jerald,O'Sheeryne,josheeryne2j@opera.com,Male,Zhangqiang
93,Franny,Gresswood,fgresswood2k@instagram.com,Male,Montego Bay
94,Orelie,Clink,oclink2l@taobao.com,Female,Garnich
95,Giordano,Klaffs,gklaffs2m@google.es,Male,Kŭrdzhali
96,Roberta,Holdforth,rholdforth2n@cargocollective.com,Female,Cái Nhum
97,Cordelie,Dursley,cdursley2o@instagram.com,Female,Bellavista
98,Linn,Josland,ljosland2p@cpanel.net,Female,Bucaramanga
99,Brose,Weaving,bweaving2q@unblog.fr,Male,Xinhua
100,Towney,Belverstone,tbelverstone2r@google.it,Male,Mor Laok
101,Taffy,Balderstone,tbalderstone2s@cafepress.com,Female,Joyabaj
102,Fredelia,Methuen,fmethuen2t@purevolume.com,Female,Gaogu
103,Cy,Sides,csides2u@diigo.com,Male,Daze
104,Dyana,Dight,ddight2v@skyrock.com,Female,Aigínio
105,Delcine,Eastcourt,deastcourt2w@mayoclinic.com,Female,Huayacundo Arma
106,Aksel,Vasyukhnov,avasyukhnov2x@reddit.com,Male,Jacupiranga
107,Nikolaos,Gouldsmith,ngouldsmith2y@delicious.com,Male,Dayou
108,Eda,Arnaez,earnaez2z@devhub.com,Female,Guitang
109,Thomasin,Towriss,ttowriss30@businessinsider.com,Female,Taiyangling
110,Jeth,Hilling,jhilling31@youtu.be,Male,São Tomé
111,Evelyn,Deeves,edeeves32@example.com,Male,Dabola
112,Ham,Spowage,hspowage33@dailymotion.com,Male,Zhuzuo
113,Kenny,Hirschmann,khirschmann34@so-net.ne.jp,Male,Kentau
114,Boigie,Pounds,bpounds35@netvibes.com,Male,Huarancante
115,Flinn,Hardiman,fhardiman36@washingtonpost.com,Male,Mīr Bachah Kōṯ
116,Dedra,Rome,drome37@nasa.gov,Female,
117,Torrin,Mitchenson,tmitchenson38@linkedin.com,Male,Yanda Bayo
118,Jimmy,Nipper,jnipper39@de.vu,Male,Gyamco
119,Yurik,Aymer,yaymer3a@mozilla.org,Male,Lixiqiao
120,Adolphe,Solloway,asolloway3b@jimdo.com,Agender,Siemiatycze
121,Audi,Goady,agoady3c@delicious.com,Bigender,São Lourenço de Mamporcão
122,Katherine,Couves,kcouves3d@twitter.com,Female,Balai
123,Aurel,Gilhoolie,agilhoolie3e@mail.ru,Polygender,Charleville-Mézières
124,Dorey,Loughman,dloughman3f@discovery.com,Female,Mobile
125,Tadeo,Rimbault,trimbault3g@com.com,Male,Ningyang
126,Welby,Loeber,wloeber3h@miitbeian.gov.cn,Male,Dean
127,Myron,Marzelli,mmarzelli3i@latimes.com,Male,Golovinskiy
128,Merill,Nevill,mnevill3j@dot.gov,Male,Brooklyn
129,Jordon,Gaskarth,jgaskarth3k@jugem.jp,Male,
130,Shari,Caurah,scaurah3l@ca.gov,Female,Zhongxi
131,Bessy,Naisbitt,bnaisbitt3m@microsoft.com,Female,Svitlovods’k
132,Constancy,Iorizzi,ciorizzi3n@t-online.de,Female,
133,Mariana,Zanioletti,mzanioletti3o@pagesperso-orange.fr,Female,Chenxiang
134,Marsha,Cornu,mcornu3p@about.me,Female,Kaji
135,Goldarina,Castiello,gcastiello3q@addthis.com,Female,Ljungby
136,Barbara,Larchiere,blarchiere3r@usda.gov,Female,Talalayivka
137,Conchita,Kingham,ckingham3s@domainmarket.com,Female,Paccha
138,Ferrel,Dowbakin,fdowbakin3t@apple.com,Male,Flores da Cunha
139,Clayborne,Gervaise,cgervaise3u@liveinternet.ru,Male,Ballinroad
140,Ambur,Sellack,asellack3v@t.co,Female,Tanda
141,Rudd,Smelley,rsmelley3w@baidu.com,Male,Léo
142,Davida,Stienton,dstienton3x@cocolog-nifty.com,Female,São Julião do Tojal
143,Billy,Rafter,brafter3y@gravatar.com,Male,Becerril
144,Ryan,Agates,ragates3z@imageshack.us,Male,Tío Pujio
145,Sapphira,Dingle,sdingle40@netlog.com,Female,Edosaki
146,Otis,Chansonne,ochansonne41@flavors.me,Male,Wenceslao Escalante
147,Sidney,Parken,sparken42@webmd.com,Male,Calaba
148,Chelsie,Lehr,clehr43@earthlink.net,Female,Adelaide Mail Centre
149,Myles,Bhar,mbhar44@imgur.com,Male,Bulbul
150,Paco,Dwire,pdwire45@acquirethisname.com,Polygender,Viljandi
151,Salomi,Kryska,skryska46@netlog.com,Genderqueer,Pointe-à-Pitre
152,Morse,De Bischof,mdebischof47@psu.edu,Male,Pangkalan Kasai
153,Oliviero,Kingsnorth,okingsnorth48@multiply.com,Male,Beiguoyuan
154,Leonardo,Edelheid,ledelheid49@hugedomains.com,Male,Shabo
155,Wynn,Chattington,wchattington4a@myspace.com,Male,Xinwo
156,Sibilla,Goodbarne,sgoodbarne4b@tuttocitta.it,Female,La Victoria
157,Fair,Crofthwaite,fcrofthwaite4c@nytimes.com,Male,Jieshou
158,Pamelina,Cashin,pcashin4d@alibaba.com,Female,Choma
159,Leland,Lathbury,llathbury4e@state.tx.us,Female,Imbituva
160,Evania,Megainey,emegainey4f@a8.net,Female,Drammen
161,Zed,O'Lyhane,zolyhane4g@wufoo.com,Male,Magallanes
162,Talbot,Kernell,tkernell4h@narod.ru,Male,Ḩabbān
163,Danell,McNickle,dmcnickle4i@hc360.com,Female,Porsgrunn
164,Caitlin,Lanktree,clanktree4j@yellowpages.com,Female,Las Lomas
165,Vincent,Dislee,vdislee4k@comcast.net,Male,Santa Rosa de Cabal
166,Avie,Fisk,afisk4l@uol.com.br,Female,Pulosari
167,Cyrillus,Sutcliff,csutcliff4m@apple.com,Male,Pigeiros
168,Olly,Gerkens,ogerkens4n@squarespace.com,Male,Chechenglu
169,Fidelia,Egalton,fegalton4o@gravatar.com,Female,Siennica Różana
170,Brooke,Bastow,bbastow4p@ucoz.com,Male,Shikhany
171,Robers,Hadgkiss,rhadgkiss4q@google.it,Male,Satuba
172,Sheff,Ropkins,sropkins4r@free.fr,Male,Konosha
173,Jarib,Thys,jthys4s@com.com,Male,Labège
174,Ruby,Stilgo,rstilgo4t@cornell.edu,Male,Pengshi
175,Lowe,Heinlein,lheinlein4u@npr.org,Male,Emiliano Zapata
176,Arluene,Saines,asaines4v@trellian.com,Female,Bua Yai
177,Cordelie,Ghidotti,cghidotti4w@google.nl,Female,Alvito
178,Galen,Boud,gboud4x@yale.edu,Male,Lat Lum Kaeo
179,Moselle,Crucitti,mcrucitti4y@google.com.au,Female,Barão de São Miguel
180,Misty,Brekonridge,mbrekonridge4z@google.nl,Female,Dolní Rychnov
181,Torrance,MacFadin,tmacfadin50@google.it,Male,Xihu
182,Davin,Bowgen,dbowgen51@multiply.com,Male,Philadelphia
183,Orly,Dredge,odredge52@google.ru,Female,Jianshan
184,Henry,Alecock,halecock53@umich.edu,Male,Kermānshāh
185,Bev,Byway,bbyway54@icio.us,Male,Tassin-la-Demi-Lune
186,Cary,Dobrowolny,cdobrowolny55@pcworld.com,Male,Bengubelan
187,Carolyn,Aldrich,caldrich56@cbsnews.com,Female,Châu Thành
188,Vlad,Heliar,vheliar57@washington.edu,Genderfluid,Bestöbe
189,Deb,Mulkerrins,dmulkerrins58@nhs.uk,Female,Jisegumen
190,Xymenes,Ferreres,xferreres59@woothemes.com,Male,Nanganumba
191,Dunn,Hannay,dhannay5a@tiny.cc,Male,Jatiklampok
192,Ximenes,Dyka,xdyka5b@ameblo.jp,Male,Zhongdong
193,Cairistiona,Longman,clongman5c@cnet.com,Female,Dasuhe
194,Alyosha,Holtaway,aholtaway5d@wix.com,Male,Tsalgar
195,Camile,De Freyne,cdefreyne5e@stanford.edu,Female,Juwana
196,Gasper,Lucio,glucio5f@technorati.com,Male,Katoúna
197,Prinz,Roony,proony5g@a8.net,Male,Sumberan
198,Corty,Scad,cscad5h@reference.com,Male,Cerca la Source
199,Letizia,Kleanthous,lkleanthous5i@abc.net.au,Non-binary,Aksu
200,Brit,Newsham,bnewsham5j@a8.net,Female,Kawungsari
201,Evelina,Greensall,egreensall5k@nationalgeographic.com,Female,Khabarovsk
202,Othilie,Leverette,oleverette5l@photobucket.com,Female,Litein
203,Ivonne,Howsego,ihowsego5m@netlog.com,Female,Las Carreras
204,Wendell,Ingrey,wingrey5n@gmpg.org,Male,Barão de Cocais
205,Aline,Mulqueen,amulqueen5o@sohu.com,Female,Babakanloa
206,Sharon,Blowing,sblowing5p@gravatar.com,Polygender,Bayt Dajan
207,Giffy,Clemas,gclemas5q@weibo.com,Male,Saint-Pierre
208,Millicent,Beedom,mbeedom5r@ovh.net,Female,Santa Cruz
209,Perren,Depper,pdepper5s@miibeian.gov.cn,Male,Студеничани
210,Benjie,Hissie,bhissie5t@ca.gov,Male,Independencia
211,Justus,Brock,jbrock5u@dropbox.com,Male,Bugene
212,Jackson,Burcher,jburcher5v@hao123.com,Male,Zhihe
213,Verina,Acedo,vacedo5w@google.es,Female,Cibeureum Kidul
214,Hobie,Bernardotte,hbernardotte5x@dailymotion.com,Male,Mushie
215,Michaelina,Duester,mduester5y@auda.org.au,Female,Caojia
216,Lindon,Gerardin,lgerardin5z@kickstarter.com,Male,Hisya
217,North,Swiers,nswiers60@examiner.com,Male,Tugu
218,Marianne,Ornils,mornils61@live.com,Female,Beihe
219,Rolland,Jordin,rjordin62@scientificamerican.com,Male,Shuibian
220,Judas,Kittow,jkittow63@wordpress.com,Male,Detik Satu
221,Johna,Clynter,jclynter64@whitehouse.gov,Female,Limbuš
222,Audrie,Empringham,aempringham65@ucoz.ru,Female,Fuenlabrada
223,Ezequiel,Mandell,emandell66@godaddy.com,Male,Teresita
224,Alleyn,Scotchmoor,ascotchmoor67@artisteer.com,Male,Semanding
225,Kellen,Poor,kpoor68@microsoft.com,Female,Ash Sharyah
226,Sallyann,Copestick,scopestick69@t-online.de,Polygender,Shetan
227,Minnie,Petters,mpetters6a@smugmug.com,Female,Mafang
228,Marjy,Forkan,mforkan6b@i2i.jp,Polygender,Lairoka
229,Pearce,Dodamead,pdodamead6c@myspace.com,Male,Volot
230,Demetrius,Cammoile,dcammoile6d@blogs.com,Non-binary,Basarabeasca
231,Corey,Harbottle,charbottle6e@pbs.org,Female,Itabira
232,Paige,Orto,porto6f@irs.gov,Male,Guaynabo
233,Brad,Rowberry,browberry6g@ed.gov,Male,Kanie
234,Ursola,Lyburn,ulyburn6h@studiopress.com,Genderfluid,Poitiers
235,Barty,Appleton,bappleton6i@yahoo.co.jp,Male,Santo António das Areias
236,Carey,Souter,csouter6j@discovery.com,Female,La Hacienda
237,Danna,Tomasian,dtomasian6k@upenn.edu,Agender,Bratsk
238,Dolf,Gouley,dgouley6l@tumblr.com,Male,Baizhang
239,Winona,Realff,wrealff6m@google.ca,Female,Vistino
240,Janette,Greated,jgreated6n@blogtalkradio.com,Female,Trunovskoye
241,Tony,Farthin,tfarthin6o@reverbnation.com,Male,Gadon
242,Raphaela,MacGlory,rmacglory6p@zdnet.com,Female,Drahovo
243,Chaim,MacSween,cmacsween6q@slashdot.org,Male,Paris 13
244,Nikolai,Whittock,nwhittock6r@w3.org,Male,Nioumamilima
245,Viviyan,Whelband,vwhelband6s@paypal.com,Female,Evxinoúpolis
246,Tymothy,Pavlenkov,tpavlenkov6t@twitpic.com,Bigender,Prosvet
247,Maribel,Kuhnert,mkuhnert6u@businessinsider.com,Female,Zavet
248,Nelson,Oxenden,noxenden6v@shinystat.com,Male,Kizema
249,Abran,Blumfield,ablumfield6w@comcast.net,Male,Xiaopu
250,Rosina,Iacomelli,riacomelli6x@patch.com,Female,Gaigeturi
251,Charisse,Jeanon,cjeanon6y@va.gov,Female,Ngurenrejo
252,Tabbie,Nutty,tnutty6z@facebook.com,Polygender,Santol
253,Annmarie,Greville,agreville70@rambler.ru,Female,Shiogama
254,Meier,Paliser,mpaliser71@seesaa.net,Male,São Cristóvão
255,Davide,Antao,dantao72@nationalgeographic.com,Male,Lisboa
256,Ingeborg,Lodder,ilodder73@sohu.com,Female,
257,Deedee,Bladder,dbladder74@wiley.com,Female,Jiuxian
258,Lawrence,Jersch,ljersch75@elegantthemes.com,Male,Ketampak
259,Branden,Bunstone,bbunstone76@sciencedirect.com,Male,Savannah
260,Cookie,Bubeer,cbubeer77@google.nl,Female,Hongsipu
261,Coop,Fishlock,cfishlock78@eepurl.com,Male,Paris 12
262,Tye,Grandham,tgrandham79@china.com.cn,Male,Reno
263,Raul,Every,revery7a@fc2.com,Male,Shazhuang
264,Amabel,Breznovic,abreznovic7b@utexas.edu,Female,Derbent
265,Giffard,Penning,gpenning7c@desdev.cn,Male,Bato
266,Clevie,Bentsen,cbentsen7d@clickbank.net,Genderfluid,Las Minas
267,Bab,Lawlan,blawlan7e@storify.com,Female,São Bento do Sul
268,Beverie,Simukov,bsimukov7f@furl.net,Female,
269,Delinda,Costelloe,dcostelloe7g@macromedia.com,Female,Shimen
270,Eolande,Ansill,eansill7h@is.gd,Genderqueer,Long Hồ
271,Norean,Jirzik,njirzik7i@sciencedaily.com,Female,Jiuzihe
272,Ferrel,Martinyuk,fmartinyuk7j@moonfruit.com,Male,Lairoka
273,Friedrick,Dumbar,fdumbar7k@timesonline.co.uk,Male,Palhoça
274,Pennie,Felgate,pfelgate7l@economist.com,Male,Barbacena
275,Fransisco,Charopen,fcharopen7m@amazon.co.uk,Male,Dorūd
276,Winni,Goodyer,wgoodyer7n@icio.us,Female,Pszczyna
277,Hale,Boustead,hboustead7o@4shared.com,Male,Rio Grande da Serra
278,Wright,Hagergham,whagergham7p@apache.org,Male,Bishan
279,Cross,Dumini,cdumini7q@theguardian.com,Male,León
280,Freddy,Andreu,fandreu7r@google.cn,Male,Shanmu
281,Dion,Dosdell,ddosdell7s@discovery.com,Female,Sinazongwe
282,Matt,Selvey,mselvey7t@1688.com,Male,
283,Stearn,Kembley,skembley7u@dailymail.co.uk,Male,Fengjiang
284,Willyt,Cereceres,wcereceres7v@phpbb.com,Agender,Desnogorsk
285,Abraham,Earpe,aearpe7w@about.me,Male,Al Hilāliyya
286,Donia,Ventura,dventura7x@ebay.com,Female,Gnojnica
287,Kaleb,Yoakley,kyoakley7y@fc2.com,Male,Gagah
288,Maureen,Dabels,mdabels7z@soup.io,Female,Ipameri
289,Donna,Kidson,dkidson80@newsvine.com,Polygender,Nagrog
290,Deborah,Hussey,dhussey81@sciencedaily.com,Female,
291,Sasha,Kornel,skornel82@ustream.tv,Female,Kendalngupuk
292,Dion,Adenet,dadenet83@telegraph.co.uk,Male,Antalaha
293,Cleavland,Steptowe,csteptowe84@cbslocal.com,Male,Tomar
294,Keen,Pailin,kpailin85@ning.com,Male,
295,Gus,Vose,gvose86@tinypic.com,Female,Kusi
296,Phelia,Kilday,pkilday87@last.fm,Female,Lucban
297,Stepha,Betterton,sbetterton88@lycos.com,Female,
298,Pennie,Twinn,ptwinn89@toplist.cz,Female,Guanshan
299,Cammi,Rabidge,crabidge8a@nba.com,Female,Cholpon-Ata
300,Malachi,Polhill,mpolhill8b@ustream.tv,Male,São Gabriel da Cachoeira
301,Cathi,Hughesdon,chughesdon8c@ebay.com,Non-binary,Escuintla
302,Farrah,Isley,fisley8d@ibm.com,Genderqueer,Hekou
303,Nisse,Wagon,nwagon8e@posterous.com,Female,Deranitan
304,Mart,Norcross,mnorcross8f@list-manage.com,Male,Santa Rosa
305,Emmerich,Withams,ewithams8g@slate.com,Male,Lagunas
306,Melosa,Tritton,mtritton8h@pbs.org,Female,
307,Corina,Tivolier,ctivolier8i@businesswire.com,Female,Saint-Paul
308,Frans,Blanche,fblanche8j@cafepress.com,Male,Bagamoyo
309,Dottie,Lytell,dlytell8k@netlog.com,Female,Zushi
310,Colas,Dugald,cdugald8l@woothemes.com,Male,Dushanbe
311,Enrico,McGreal,emcgreal8m@cdc.gov,Male,Louisville
312,Duncan,Woodland,dwoodland8n@wired.com,Male,Pelotas
313,Dacie,Woloschinski,dwoloschinski8o@skype.com,Genderfluid,Soba
314,Reube,Turner,rturner8p@livejournal.com,Male,Amahusu
315,Coralyn,Rentalll,crentalll8q@weather.com,Female,Agía Foteiní
316,Enrique,Vella,evella8r@ezinearticles.com,Male,Rizal
317,Gardie,Cundey,gcundey8s@ameblo.jp,Male,Santa Cruz
318,Darnall,Klambt,dklambt8t@trellian.com,Male,Kawage
319,Ezekiel,Featherbie,efeatherbie8u@facebook.com,Male,Xinmin
320,Farrand,Grantham,fgrantham8v@moonfruit.com,Female,Huanglin
321,Richard,Morican,rmorican8w@instagram.com,Male,Morong
322,Malinda,Tuminini,mtuminini8x@dot.gov,Female,Watulimo
323,Allys,Radnage,aradnage8y@domainmarket.com,Female,Yangjia
324,Rowland,Ferryman,rferryman8z@merriam-webster.com,Male,Pinhal de Frades
325,Tedie,Burnie,tburnie90@posterous.com,Male,Quankou
326,Marcel,Canland,mcanland91@squidoo.com,Male,Hekou
327,Padriac,Raynham,praynham92@over-blog.com,Genderqueer,Krueng Luak
328,Claudianus,Marquand,cmarquand93@amazon.com,Male,Gritsovskiy
329,Klaus,Fountain,kfountain94@slashdot.org,Male,
330,Allx,Gladwell,agladwell95@ycombinator.com,Female,Peranap
331,Chen,Braddick,cbraddick96@cdbaby.com,Male,Cayungnan
332,Leroy,Bearns,lbearns97@elpais.com,Male,Pojok
333,Betsy,Matevushev,bmatevushev98@army.mil,Female,
334,Davide,Coppin,dcoppin99@amazonaws.com,Male,Fonte Boa
335,Husain,Daines,hdaines9a@google.it,Male,Dame-Marie
336,Mercie,Highway,mhighway9b@harvard.edu,Female,Ambato Boeny
337,Barry,Horlock,bhorlock9c@state.tx.us,Male,That Phanom
338,Jacob,Greer,jgreer9d@alexa.com,Male,
339,Langston,Doerling,ldoerling9e@state.gov,Male,Comalapa
340,Ewart,Snuggs,esnuggs9f@netvibes.com,Male,Niaohe
341,Stern,Rape,srape9g@mozilla.org,Genderqueer,Krasnogvardeyets
342,Nelly,Jex,njex9h@t-online.de,Female,
343,Jessi,Goodwyn,jgoodwyn9i@nymag.com,Female,Huyuan
344,Konstance,Leadston,kleadston9j@about.com,Female,Ostružnica
345,Jose,Crich,jcrich9k@yolasite.com,Male,
346,Sherri,Dumbarton,sdumbarton9l@canalblog.com,Female,Houston
347,Fedora,Ausello,fausello9m@zimbio.com,Female,Kroonstad
348,Cooper,Cosbey,ccosbey9n@hp.com,Male,Devitsa
349,Aleksandr,Giacometti,agiacometti9o@java.com,Male,Grenoble
350,Sylvan,Elloway,selloway9p@phoca.cz,Male,Gazli
351,Zebulen,Flahive,zflahive9q@rakuten.co.jp,Male,Zhongshangang
352,Willie,MacGuffog,wmacguffog9r@google.it,Male,Krajan
353,Gwenore,Cowdery,gcowdery9s@blogtalkradio.com,Female,
354,Kaylil,Faulo,kfaulo9t@scribd.com,Female,Cochabamba
355,Georgina,Hunnywell,ghunnywell9u@naver.com,Female,Nipawin
356,Yulma,Widdecombe,ywiddecombe9v@businessinsider.com,Male,Itabaiana
357,Consolata,Volke,cvolke9w@purevolume.com,Female,Tianhekou
358,Berti,Meggison,bmeggison9x@nba.com,Female,Salyan
359,Roderick,Marlowe,rmarlowe9y@meetup.com,Male,Tumcon Ilawod
360,Shurlocke,Runciman,srunciman9z@ocn.ne.jp,Male,Carazinho
361,Atalanta,Henricsson,ahenricssona0@cnbc.com,Genderfluid,Kedungtulup
362,Bekki,Mellmoth,bmellmotha1@engadget.com,Female,
363,Marcela,Wight,mwighta2@surveymonkey.com,Female,Sendang
364,Carissa,Woehler,cwoehlera3@taobao.com,Female,Yŏnggwang-ŭp
365,Isabella,Showen,ishowena4@abc.net.au,Female,Borowno
366,Bunni,Wheatcroft,bwheatcrofta5@reference.com,Female,Oehaunu
367,Joann,Marusic,jmarusica6@gizmodo.com,Female,Parczew
368,Vernice,Osipenko,vosipenkoa7@twitpic.com,Female,Hörby
369,Oby,Fussen,ofussena8@instagram.com,Male,Chur
370,Eba,Rykert,erykerta9@cmu.edu,Genderfluid,Mababanaba
371,Georgi,Verbeek,gverbeekaa@purevolume.com,Male,Texíguat
372,Charo,Morffew,cmorffewab@buzzfeed.com,Female,San Diego
373,Terence,Pena,tpenaac@wiley.com,Male,
374,Devlin,Nutten,dnuttenad@wikimedia.org,Male,Tiebukenwusan
375,Bethany,Laugharne,blaugharneae@plala.or.jp,Female,Yinjiang
376,Coriss,Saphin,csaphinaf@marriott.com,Genderfluid,Thomassique
377,Mal,Syseland,msyselandag@4shared.com,Male,Lughaye
378,Drucie,Bygate,dbygateah@utexas.edu,Female,Yelkhovka
379,Everett,Palatini,epalatiniai@zimbio.com,Male,Cheping
380,Cassondra,Shepheard,cshepheardaj@usgs.gov,Female,Putatbasiun
381,Alvy,Tarquinio,atarquinioak@sciencedirect.com,Male,Parabon
382,Welsh,Beswetherick,wbeswetherickal@bloglines.com,Male,Madīnat Ḩamad
383,Luelle,Juliff,ljuliffam@nps.gov,Female,Barat
384,Pamelina,Pickthall,ppickthallan@nymag.com,Female,Utsjoki
385,Terrell,Roly,trolyao@hao123.com,Male,Sombor
386,Christian,Ginity,cginityap@economist.com,Male,Santana do Ipanema
387,Joice,Jaouen,jjaouenaq@canalblog.com,Female,Rantauambacang
388,Benedict,Meineken,bmeinekenar@aol.com,Male,Kayan Hulu
389,Ramona,Nottingam,rnottingamas@jigsy.com,Female,Lampitak
390,Launce,Bruinemann,lbruinemannat@blogs.com,Male,San Pedro de Atacama
391,Eugine,Bownass,ebownassau@geocities.com,Female,
392,Allie,Copnar,acopnarav@mail.ru,Female,Byera Village
393,Marillin,Voaden,mvoadenaw@google.com.au,Female,Yaransk
394,Tisha,Walcar,twalcarax@gravatar.com,Female,
395,Ray,Ruppel,rruppelay@desdev.cn,Genderqueer,Fukura
396,Elfrida,Ovington,eovingtonaz@plala.or.jp,Female,Barberton
397,Giulia,Spurret,gspurretb0@github.com,Female,
398,Theda,Pavek,tpavekb1@jigsy.com,Female,Caigangan
399,Kennan,Dakin,kdakinb2@123-reg.co.uk,Male,Villa Nueva
400,Aurea,Wickerson,awickersonb3@hexun.com,Female,Tetebatu
401,Loni,Leedes,lleedesb4@dell.com,Female,Kagawasan
402,Chaddie,Lemmer,clemmerb5@dedecms.com,Male,
403,Meridith,Beeck,mbeeckb6@techcrunch.com,Female,Novotitarovskaya
404,Milka,Jamrowicz,mjamrowiczb7@furl.net,Female,Camachile
405,Vikki,Frostdicke,vfrostdickeb8@typepad.com,Female,Montpellier
406,Elvin,Caneo,ecaneob9@typepad.com,Male,Miches
407,Aylmer,Brimilcombe,abrimilcombeba@topsy.com,Male,Xiaruyue
408,Teddy,Nowlan,tnowlanbb@hubpages.com,Male,Vyaz’ma
409,Estella,Petto,epettobc@reference.com,Female,Monastyrishche
410,Vivianna,Hallen,vhallenbd@yale.edu,Female,
411,Morgan,Warden,mwardenbe@plala.or.jp,Female,Chandmanĭ
412,Erminia,Hendriks,ehendriksbf@seesaa.net,Female,
413,Malva,Vicioso,mviciosobg@hexun.com,Female,Kemang
414,Pansy,Hedman,phedmanbh@netvibes.com,Female,Duraznopampa
415,Rubin,Blasetti,rblasettibi@360.cn,Male,Feni
416,Benedetto,Connop,bconnopbj@washington.edu,Male,Ozërsk
417,Erda,Glendining,eglendiningbk@bing.com,Female,Paulínia
418,Toddie,Vesco,tvescobl@youtube.com,Male,Truskolasy
419,Cchaddie,Haswell,chaswellbm@bbc.co.uk,Male,Gayle
420,Mal,Ponnsett,mponnsettbn@imageshack.us,Male,Quimper
421,Iggy,Prium,ipriumbo@tmall.com,Male,Krzepice
422,Brucie,Jerschke,bjerschkebp@hud.gov,Male,Miaoquan
423,Charlena,MacManus,cmacmanusbq@java.com,Female,Xingong
424,Harvey,Harner,hharnerbr@accuweather.com,Male,Rizokárpaso
425,Jerrold,Vaggs,jvaggsbs@ucoz.com,Genderfluid,Berehomet
426,Sydel,Stare,sstarebt@apache.org,Female,Hongjiazui
427,Staffard,Juppe,sjuppebu@cmu.edu,Male,Sennoy
428,Clarence,Sennett,csennettbv@mozilla.org,Male,Rouen
429,Jody,Coorington,jcooringtonbw@miibeian.gov.cn,Female,Nagiba
430,Morgen,Rickeard,mrickeardbx@economist.com,Male,Buritama
431,Martynne,Farnon,mfarnonby@dailymotion.com,Female,Shangsanji
432,Honey,Clevely,hclevelybz@soup.io,Female,
433,Mala,Scarffe,mscarffec0@psu.edu,Female,
434,Nichols,Fuxman,nfuxmanc1@ca.gov,Male,
435,Ofella,Grent,ogrentc2@scientificamerican.com,Female,Aţ Ţurrah
436,Sheela,Ower,sowerc3@wufoo.com,Female,Lunsar
437,Sigrid,Spinage,sspinagec4@yandex.ru,Female,Thị Trấn Sìn Hồ
438,Kit,Danilov,kdanilovc5@house.gov,Male,Huangyuan Chengguanzhen
439,Sheilah,Janko,sjankoc6@nps.gov,Female,Matsutō
440,Portia,Quiddinton,pquiddintonc7@blinklist.com,Female,General Lavalle
441,Warren,Poser,wposerc8@rediff.com,Male,Tambaksari
442,Quinn,Ondrusek,qondrusekc9@washington.edu,Genderqueer,Kilingi-Nõmme
443,Evelin,Duncklee,edunckleeca@cbsnews.com,Male,Guansheng
444,Raven,Lamshead,rlamsheadcb@acquirethisname.com,Female,‘Alāqahdārī Kirān wa Munjān
445,Hershel,Rysom,hrysomcc@bbb.org,Male,Yara
446,Diana,Daveley,ddaveleycd@bigcartel.com,Female,Qijing
447,Gretel,McQuin,gmcquince@reddit.com,Female,Żółkiewka
448,Sherline,Daly,sdalycf@stanford.edu,Female,Belleville
449,Bern,Bedboro,bbedborocg@shinystat.com,Male,Xinhua
450,Cicely,Gadson,cgadsonch@blinklist.com,Female,Dłutów
451,Friedrich,Gallegos,fgallegosci@opensource.org,Male,Parravak’ar
452,Magdalena,Twells,mtwellscj@ow.ly,Female,Andaray
453,Gillan,Trippitt,gtrippittck@simplemachines.org,Female,La Virginia
454,Libby,Jewel,ljewelcl@wikispaces.com,Female,Jiangzhang
455,Gawen,Caven,gcavencm@shinystat.com,Non-binary,Brooklyn
456,Luke,Keepe,lkeepecn@deliciousdays.com,Male,
457,Irvin,Shone,ishoneco@cocolog-nifty.com,Male,Orós
458,Laetitia,Gerretsen,lgerretsencp@amazon.co.jp,Genderqueer,Raga
459,Lynelle,Dellar,ldellarcq@uiuc.edu,Female,Jieshui
460,Vladamir,Easey,veaseycr@utexas.edu,Male,Itapé
461,Susan,Hurring,shurringcs@earthlink.net,Female,Kiukainen
462,Bevin,Schuelcke,bschuelckect@cnet.com,Male,Sandviken
463,Faustine,Jahn,fjahncu@cisco.com,Female,Dahao
464,Cahra,Duer,cduercv@hud.gov,Female,Koshki
465,Robert,Haucke,rhauckecw@bbc.co.uk,Male,Yanjiang
466,Binnie,Gaudon,bgaudoncx@youtube.com,Female,Veracruz
467,Josephine,Fidele,jfidelecy@sina.com.cn,Female,Margorejo
468,Maxi,Algore,malgorecz@msn.com,Female,Ladoang
469,Agneta,Cordie,acordied0@freewebs.com,Female,Aiquile
470,Gallard,Weaver,gweaverd1@networksolutions.com,Non-binary,Berezne
471,Natividad,Moyes,nmoyesd2@europa.eu,Female,Nanhe
472,Lynelle,Mc Elory,lmceloryd3@indiegogo.com,Female,Baishi
473,Mildred,Howchin,mhowchind4@buzzfeed.com,Female,Ha’erlong
474,Gladys,Langlands,glanglandsd5@tinypic.com,Female,Klampok
475,Maribeth,Stacey,mstaceyd6@shareasale.com,Female,Agidel’
476,Bil,Readwood,breadwoodd7@meetup.com,Male,Rybinsk
477,Kristo,Margrem,kmargremd8@google.com,Male,Dąbie
478,Loralyn,McQuaide,lmcquaided9@blinklist.com,Female,Xilinji
479,Benetta,Corneille,bcorneilleda@ask.com,Female,Rancabelut
480,Kacy,McGinley,kmcginleydb@livejournal.com,Female,At-Bashi
481,Pattie,Brownlow,pbrownlowdc@ning.com,Male,Santo André
482,Kaitlynn,Gouck,kgouckdd@unblog.fr,Female,Karangboyo
483,Peterus,Gaine of England,pgaineofenglandde@4shared.com,Male,Tuplice
484,Jessalyn,Bulford,jbulforddf@gmpg.org,Female,Carmen de Viboral
485,Mirabel,Gaythor,mgaythordg@boston.com,Bigender,
486,Cary,Ardling,cardlingdh@oaic.gov.au,Polygender,Yartsevo
487,Worthington,Castleton,wcastletondi@prnewswire.com,Male,Bintawan
488,Nero,Stower,nstowerdj@cnn.com,Male,Zalewo
489,Andrei,Janway,ajanwaydk@infoseek.co.jp,Female,Alurbulu
490,Darrick,Brownbill,dbrownbilldl@a8.net,Male,Kieta
491,Gerda,Mapes,gmapesdm@hatena.ne.jp,Female,Shymkent
492,Brinn,Inglish,binglishdn@taobao.com,Female,Bern
493,Niles,Yurocjkin,nyurocjkindo@goo.gl,Male,Lewoduli
494,Ammamaria,Theunissen,atheunissendp@disqus.com,Female,Ishioka
495,Gage,Vaadeland,gvaadelanddq@rediff.com,Male,Lat Yao
496,Web,Lubman,wlubmandr@t.co,Male,Reda
497,Dev,Kliemke,dkliemkeds@tripadvisor.com,Male,
498,Angelo,Booeln,abooelndt@posterous.com,Male,Chiguirip
499,Caryl,Leyban,cleybandu@ameblo.jp,Genderqueer,Sosnovka
500,Jarrad,Narrie,jnarriedv@aol.com,Male,Taoyuan
501,Robbie,Mustard,rmustarddw@elegantthemes.com,Male,Adrasmon
502,Nadiya,Keech,nkeechdx@dropbox.com,Female,Wugong
503,Haley,Bednall,hbednalldy@hao123.com,Female,Hang Dong
504,Gilbert,Eagar,geagardz@angelfire.com,Male,Shangju
505,Sigismond,Skitral,sskitrale0@ocn.ne.jp,Male,
506,Lauraine,Brouard,lbrouarde1@youku.com,Female,Shangying
507,Valma,Pieroni,vpieronie2@cbsnews.com,Female,Bodeh
508,Sigismund,Goreisr,sgoreisre3@uol.com.br,Male,Fort Worth
509,Corrine,Tichner,ctichnere4@live.com,Female,Mazeikiai
510,Reinhard,Boshell,rboshelle5@myspace.com,Male,Basīrpur
511,Clarke,Folke,cfolkee6@devhub.com,Male,Weepanapi
512,Fifi,Cassels,fcasselse7@cargocollective.com,Female,Jiblah
513,Meriel,Glenister,mglenistere8@paginegialle.it,Genderqueer,Talldaww
514,Tommie,Shiliton,tshilitone9@hao123.com,Female,
515,Halette,Grenshields,hgrenshieldsea@furl.net,Female,Utara
516,Willie,Clemenzo,wclemenzoeb@newyorker.com,Female,Qijiang
517,Cesar,Josh,cjoshec@over-blog.com,Male,Tanarara
518,Lyndsie,Snasdell,lsnasdelled@google.co.jp,Female,Xiaojian
519,Dasi,Kuzemka,dkuzemkaee@dot.gov,Female,Robīt
520,Dolf,Munkton,dmunktonef@amazonaws.com,Male,Repentigny
521,Marys,Simonou,msimonoueg@reverbnation.com,Female,‘Amd
522,Winnie,Paske,wpaskeeh@twitter.com,Female,Fangzheng
523,Brandais,Thurlby,bthurlbyei@bloglines.com,Genderqueer,Zhoutie
524,Clayson,Spuffard,cspuffardej@cbslocal.com,Male,Ikang
525,Sully,Northedge,snorthedgeek@bloglovin.com,Male,Lewoluo
526,Blondelle,Ofener,bofenerel@cafepress.com,Female,La Cumbre
527,Irene,Wybrew,iwybrewem@ning.com,Female,Tongjing
528,Barty,Yeiles,byeilesen@psu.edu,Male,Winschoten
529,Elenore,Zavattari,ezavattarieo@purevolume.com,Female,Drayton Valley
530,Cary,Finby,cfinbyep@gravatar.com,Female,Sobreira
531,Daniella,Cloutt,dcloutteq@miitbeian.gov.cn,Female,Grugul
532,Johannes,Baukham,jbaukhamer@cbsnews.com,Male,Majāz al Bāb
533,Marga,Elce,melcees@wikispaces.com,Female,Watuka
534,Tiffi,Adshad,tadshadet@nytimes.com,Female,Regimin
535,Clemmy,Norcock,cnorcockeu@netvibes.com,Male,Tuusula
536,Malchy,Preece,mpreeceev@free.fr,Male,Kaca
537,Elka,Kolakowski,ekolakowskiew@eventbrite.com,Female,Beaverlodge
538,Antonin,Alejandro,aalejandroex@ft.com,Male,Al Qaţn
539,Pate,Lattos,plattosey@home.pl,Male,Lerrnanist
540,Claresta,Jiggle,cjiggleez@toplist.cz,Female,Apoya
541,Fernandina,Tidman,ftidmanf0@army.mil,Female,Lyuban’
542,Marlow,McRannell,mmcrannellf1@goodreads.com,Male,Zhuangtou
543,Geneva,Dreier,gdreierf2@blogs.com,Female,Cabalaoangan
544,Pincus,Gwin,pgwinf3@hibu.com,Male,Panggulan
545,Benjy,Meech,bmeechf4@jalbum.net,Male,Saidpur
546,Gradey,Schops,gschopsf5@theatlantic.com,Male,Quiling
547,Raimund,Aitken,raitkenf6@hud.gov,Male,Labney
548,Glen,Yurtsev,gyurtsevf7@clickbank.net,Male,Diamantina
549,Jorge,Boyat,jboyatf8@wiley.com,Male,Paraty
550,Patsy,Overel,poverelf9@apple.com,Male,
551,Phyllys,Caren,pcarenfa@nationalgeographic.com,Female,Kurovskoye
552,Bowie,Josovich,bjosovichfb@utexas.edu,Male,Puračić
553,Chastity,Powis,cpowisfc@businessinsider.com,Female,Santo Niño
554,Ty,Pilkinton,tpilkintonfd@cloudflare.com,Male,
555,Marci,Chillistone,mchillistonefe@adobe.com,Non-binary,Majiadu
556,Baxie,Kenrat,bkenratff@lulu.com,Agender,Lingcheng
557,Kenna,Breawood,kbreawoodfg@utexas.edu,Female,Oratorio
558,Amalia,Yakutin,ayakutinfh@symantec.com,Female,Marsabit
559,Mayor,Leathlay,mleathlayfi@merriam-webster.com,Male,Kazaure
560,Bordy,Baress,bbaressfj@ftc.gov,Male,Kuryłówka
561,Julian,Abbet,jabbetfk@godaddy.com,Male,Tosno
562,Whitney,Sherrell,wsherrellfl@bbb.org,Bigender,Monasterevin
563,Nobe,Delos,ndelosfm@guardian.co.uk,Male,Lawrenceville
564,Calhoun,Scarlett,cscarlettfn@flickr.com,Genderfluid,Tamandaré
565,Ethelind,Timberlake,etimberlakefo@hostgator.com,Female,Jiulong
566,Kerri,Heball,kheballfp@tmall.com,Female,Armamar
567,Elbertina,Pedrazzi,epedrazzifq@ezinearticles.com,Female,Przybiernów
568,Reyna,Ledster,rledsterfr@symantec.com,Female,Żarki
569,Bethanne,Swyn,bswynfs@sogou.com,Female,Opatówek
570,Parry,Klus,pklusft@dagondesign.com,Male,Shuangmiaojie
571,Dael,Monk,dmonkfu@symantec.com,Female,Bolotnoye
572,Gladi,Fessier,gfessierfv@bizjournals.com,Female,Balud
573,Leisha,Astle,lastlefw@baidu.com,Genderqueer,Dongchong
574,Misty,Tolworthie,mtolworthiefx@yellowpages.com,Female,Pruzhany
575,Gregorius,Tenney,gtenneyfy@yahoo.com,Male,Voyutychi
576,Nevsa,Shawel,nshawelfz@hc360.com,Female,Shahe
577,Maurizio,Legier,mlegierg0@engadget.com,Genderqueer,Talagasari
578,Sigismond,Hogbin,shogbing1@goo.gl,Male,Karangmelok
579,Koo,Denk,kdenkg2@odnoklassniki.ru,Female,Shatki
580,Marcelia,McAne,mmcaneg3@apache.org,Female,Megáli Khóra
581,Tana,Kerrod,tkerrodg4@friendfeed.com,Female,Champagnole
582,Godard,Stitfall,gstitfallg5@foxnews.com,Male,Karlstad
583,Johanna,Fealty,jfealtyg6@yelp.com,Female,Inglewood
584,Axe,Barnsley,abarnsleyg7@slate.com,Male,Fuyo
585,Titus,Bagnell,tbagnellg8@paypal.com,Male,São Lourenço da Mata
586,Hollyanne,Gatherer,hgathererg9@thetimes.co.uk,Female,Velké Hoštice
587,Gerri,Zucker,gzuckerga@pen.io,Female,Shi’an
588,Cecilius,Rathjen,crathjengb@foxnews.com,Male,Winston Salem
589,Brana,Fateley,bfateleygc@archive.org,Female,Margabakti
590,Denna,Mort,dmortgd@twitpic.com,Female,Santa Marcela
591,Jameson,Van T'Hoog,jvanthoogge@princeton.edu,Male,Ogurugu
592,Vincents,Apthorpe,vapthorpegf@flickr.com,Male,Kuanheum
593,Denys,Stallard,dstallardgg@odnoklassniki.ru,Female,Xixiang
594,Fianna,Wyllcocks,fwyllcocksgh@surveymonkey.com,Female,Sa Bot
595,Kippar,Bradmore,kbradmoregi@theglobeandmail.com,Genderqueer,Gotemba
596,Lanie,Curran,lcurrangj@bbc.co.uk,Male,Mohelno
597,Astra,Arens,aarensgk@alibaba.com,Female,Wolin
598,Keefer,Gavey,kgaveygl@wikipedia.org,Male,Duy Xuyên
599,Adaline,Beatens,abeatensgm@msn.com,Female,Zemlyansk
600,Virgilio,MacCahey,vmaccaheygn@stanford.edu,Male,Āq Qāyeh
601,Elga,Siege,esiegego@mail.ru,Female,Xiaochuan
602,Tirrell,Portt,tporttgp@epa.gov,Male,Bassa
603,Garwood,Hess,ghessgq@free.fr,Male,Faratsiho
604,Clayson,Feake,cfeakegr@samsung.com,Male,Thị Trấn Tủa Chùa
605,Ardene,Dominick,adominickgs@hhs.gov,Non-binary,Amarillo
606,Jacquelin,Tibb,jtibbgt@behance.net,Female,Alegrete
607,Retha,Draisey,rdraiseygu@phpbb.com,Female,Were Īlu
608,Saw,Jurgenson,sjurgensongv@weibo.com,Male,
609,Yard,Stain,ystaingw@skype.com,Male,Kalapagada
610,Keven,Bette,kbettegx@squidoo.com,Male,Quirinópolis
611,Clemente,Loudiane,cloudianegy@oracle.com,Male,Daxindian
612,Amalia,Picopp,apicoppgz@ning.com,Female,Mollās̄ānī
613,Maryanne,Trodler,mtrodlerh0@earthlink.net,Female,Latacunga
614,Betsy,Burnard,bburnardh1@freewebs.com,Genderfluid,Rio Meão
615,Norine,Cowpertwait,ncowpertwaith2@theguardian.com,Female,Balabagan
616,Gwenneth,Jerg,gjergh3@bigcartel.com,Female,Nakhon Ratchasima
617,Arron,Morcom,amorcomh4@chron.com,Male,Kęty
618,Vicky,Samuel,vsamuelh5@biblegateway.com,Female,Mineiros
619,Gwenette,Thurlbeck,gthurlbeckh6@instagram.com,Female,Hailang
620,Anson,Scranedge,ascranedgeh7@accuweather.com,Male,Tromsø
621,Vaughn,Dallimore,vdallimoreh8@deviantart.com,Male,Zvečan
622,Minnnie,Chadbourne,mchadbourneh9@phoca.cz,Female,Krzykosy
623,Isahella,Sutlieff,isutlieffha@princeton.edu,Female,Hengtanggang
624,Netty,O' Mulderrig,nomulderrighb@marketwatch.com,Female,Eixo
625,Matteo,Tregoning,mtregoninghc@dailymail.co.uk,Male,Ibicaraí
626,Corby,Beake,cbeakehd@angelfire.com,Male,Cerca la Source
627,Benton,Lerner,blernerhe@java.com,Male,Erping
628,Thorstein,Kisting,tkistinghf@eepurl.com,Genderfluid,Mor Laok
629,Eugenio,Twine,etwinehg@npr.org,Male,Partesh
630,Joaquin,Whitsun,jwhitsunhh@google.com.br,Male,Tamberías
631,Damara,Morford,dmorfordhi@xrea.com,Female,Kura
632,Alis,Grinov,agrinovhj@mtv.com,Female,Tulungagung
633,Amory,Olesen,aolesenhk@qq.com,Male,Västra Frölunda
634,Mort,Olufsen,molufsenhl@reverbnation.com,Male,Graz
635,Langston,Loder,lloderhm@nps.gov,Male,
636,Melisa,Laughton,mlaughtonhn@nature.com,Female,Novovoronezh
637,Heddi,Fleis,hfleisho@youku.com,Female,
638,Veda,Mufford,vmuffordhp@zimbio.com,Female,Zuhu
639,Darell,Matzeitis,dmatzeitishq@ask.com,Female,Menlou’ao
640,Pat,Abramamovh,pabramamovhhr@symantec.com,Male,Montes Claros
641,Tierney,Dunckley,tdunckleyhs@sphinn.com,Female,Housuo
642,Roth,Hallam,rhallamht@hibu.com,Male,Lamarosa
643,Sonni,Fewkes,sfewkeshu@telegraph.co.uk,Female,Suisan
644,Hermione,Allridge,hallridgehv@cbsnews.com,Female,Noyemberyan
645,Darice,Drew,ddrewhw@nsw.gov.au,Female,Kanungu
646,Rosemary,Stainton - Skinn,rstaintonskinnhx@sohu.com,Female,Kotlovka
647,Antonin,Chastel,achastelhy@techcrunch.com,Male,Kafr Sawm
648,Brandyn,Wooder,bwooderhz@joomla.org,Male,Zaplavnoye
649,Willetta,Parkhouse,wparkhousei0@mozilla.org,Female,Daqiao
650,Adriano,McMurty,amcmurtyi1@reverbnation.com,Male,New York City
651,Norbie,Brabant,nbrabanti2@merriam-webster.com,Male,Stockholm
652,Austin,Zealey,azealeyi3@csmonitor.com,Female,Santo Domingo
653,Jerome,Fairlam,jfairlami4@amazon.de,Male,Langgapayung
654,Vanni,Rickman,vrickmani5@shop-pro.jp,Female,Bantarpanjang
655,Lesya,Mochar,lmochari6@surveymonkey.com,Female,Ranot
656,Teriann,Scholling,tschollingi7@nbcnews.com,Female,Igarapava
657,Adele,Dagg,adaggi8@nasa.gov,Female,Aracaju
658,Faustine,Fuidge,ffuidgei9@netscape.com,Female,Stockholm
659,Samuele,Sommerly,ssommerlyia@youtu.be,Male,Lusigang
660,Jaimie,Theriot,jtheriotib@google.de,Male,Somanda
661,Ashli,Winfindale,awinfindaleic@spiegel.de,Female,Bhawāna
662,Godard,Omar,gomarid@cocolog-nifty.com,Male,Nizhniy Tagil
663,Tamra,Baribal,tbaribalie@virginia.edu,Female,Strabychovo
664,Jsandye,Adshede,jadshedeif@webnode.com,Bigender,Ülken
665,Ara,Bernet,abernetig@skype.com,Male,Frederiksberg
666,Daffy,McClay,dmcclayih@answers.com,Female,La Foa
667,Catina,Belshaw,cbelshawii@vistaprint.com,Female,Vulcan
668,Estrellita,Aimable,eaimableij@mayoclinic.com,Female,Alençon
669,Raynard,Grigorey,rgrigoreyik@sun.com,Male,Nagcarlan
670,Appolonia,Brandenburg,abrandenburgil@gov.uk,Female,Tianyu
671,Cherianne,Houlahan,choulahanim@guardian.co.uk,Female,Yuchi
672,Kelci,Budget,kbudgetin@odnoklassniki.ru,Female,Tysmenychany
673,Sidonia,Zaple,szapleio@guardian.co.uk,Female,Adil Makmur
674,Petronia,Mackstead,pmacksteadip@rambler.ru,Female,Jinshan
675,Neil,Aslum,naslumiq@auda.org.au,Male,Krajan Srigonco
676,Piotr,Tremellan,ptremellanir@marriott.com,Male,Zubrzyca Dolna
677,Constantine,Daville,cdavilleis@netscape.com,Male,Vancouver
678,Tybalt,Axel,taxelit@hugedomains.com,Male,Sudo
679,Raynell,Dyneley,rdyneleyiu@usnews.com,Female,Wamba
680,Asa,Littledyke,alittledykeiv@indiatimes.com,Male,Salfīt
681,Brana,Ladbury,bladburyiw@sohu.com,Female,Ganfang
682,Bria,Grievson,bgrievsonix@xinhuanet.com,Female,Yingzhou
683,Philippe,Macewan,pmacewaniy@smh.com.au,Female,Chuantang
684,Malva,Dana,mdanaiz@boston.com,Female,Sainte-Adèle
685,Tynan,Klaas,tklaasj0@imgur.com,Male,Sanshan
686,Donnie,Batting,dbattingj1@freewebs.com,Male,Sundbyberg
687,Gare,Conahy,gconahyj2@ca.gov,Male,Söderköping
688,Adler,Carsey,acarseyj3@elpais.com,Male,Touho
689,Giavani,Gritsunov,ggritsunovj4@cmu.edu,Male,Tivat
690,Teri,Kupper,tkupperj5@yahoo.co.jp,Female,Taldan
691,Rakel,Plet,rpletj6@live.com,Female,Huangjindong
692,Heindrick,McKenna,hmckennaj7@angelfire.com,Non-binary,Deranitan
693,Sanson,Robrose,srobrosej8@phpbb.com,Male,Nowa Sól
694,Carmen,O'Scully,coscullyj9@dailymail.co.uk,Female,Kliteh
695,Amabel,Fearnside,afearnsideja@godaddy.com,Female,Diekirch
696,Kain,Weeke,kweekejb@blogger.com,Male,Reserva
697,Horton,Solon,hsolonjc@mapy.cz,Male,Turmus‘ayyā
698,Noella,Pennino,npenninojd@com.com,Female,Allacapan
699,Robby,Gounel,rgounelje@woothemes.com,Male,Matozinhos
700,Simone,Roz,srozjf@amazonaws.com,Male,Atarodangwautu
701,Humfried,Duchasteau,hduchasteaujg@weebly.com,Male,Curridabat
702,Anet,Dottridge,adottridgejh@google.cn,Female,Villanueva
703,Tiffany,Guys,tguysji@skyrock.com,Female,Orléans
704,Bartholomeo,Arnold,barnoldjj@oracle.com,Male,Noisy-le-Grand
705,Lexy,Deny,ldenyjk@theglobeandmail.com,Female,Fier-Çifçi
706,Edgard,De la Feld,edelafeldjl@1688.com,Male,Kuybyshevo
707,Kimble,Motherwell,kmotherwelljm@google.nl,Male,Casal da Anja
708,Idelle,Maypes,imaypesjn@gmpg.org,Female,Yanhe
709,Fitz,Stiddard,fstiddardjo@cnbc.com,Male,El Ksour
710,Ashby,Kitchingman,akitchingmanjp@unicef.org,Male,Portoviejo
711,Mayor,Pask,mpaskjq@g.co,Male,Chalaco
712,Rusty,McDugal,rmcdugaljr@51.la,Male,La Concepción
713,Adela,Malthus,amalthusjs@economist.com,Female,Bratsk
714,Emmerich,Genike,egenikejt@ifeng.com,Male,La Guadalupe
715,Aloysius,Adame,aadameju@furl.net,Male,Hepo
716,Farrel,Brunelleschi,fbrunelleschijv@free.fr,Male,Benito Juarez
717,Brice,Thornton-Dewhirst,bthorntondewhirstjw@icio.us,Male,
718,Bevin,Krollmann,bkrollmannjx@fema.gov,Male,Castanheira
719,Payton,Iwanicki,piwanickijy@gmpg.org,Male,Xicheng
720,Nada,Guerola,nguerolajz@chron.com,Female,Shicang
721,Therese,Apdell,tapdellk0@zimbio.com,Female,Turanj
722,Wilfrid,Dunkinson,wdunkinsonk1@sciencedirect.com,Male,Nong Hi
723,Cynthea,Currie,ccurriek2@sciencedaily.com,Female,Safakulevo
724,Jarad,Dundin,jdundink3@europa.eu,Male,Ban Phai
725,Iseabal,Warters,iwartersk4@drupal.org,Female,
726,Persis,Imlin,pimlink5@newyorker.com,Female,Jarabacoa
727,Keven,Crosher,kcrosherk6@ycombinator.com,Male,Bang Rakam
728,Marcus,Cakes,mcakesk7@guardian.co.uk,Male,Chengdong
729,Claudio,Gower,cgowerk8@twitpic.com,Male,Carregueira
730,Wolfgang,Rizzi,wrizzik9@aboutads.info,Male,Santiago do Cacém
731,Vallie,Artois,vartoiska@amazonaws.com,Female,Labuan
732,Rheta,Hamp,rhampkb@furl.net,Female,Palma De Mallorca
733,Jedediah,Gothard,jgothardkc@blogspot.com,Genderfluid,Červená Voda
734,Meredith,Barnewelle,mbarnewellekd@blogger.com,Female,
735,Ailene,Fozard,afozardke@marketwatch.com,Female,Mežica
736,Gearalt,Tellett,gtellettkf@privacy.gov.au,Male,Sulechów
737,Elie,Whaley,ewhaleykg@google.com.au,Female,Tieli
738,Germana,Phippen,gphippenkh@icio.us,Female,Abadou
739,Dillon,Keston,dkestonki@xinhuanet.com,Bigender,Futtsu
740,Averill,Brinsford,abrinsfordkj@google.de,Male,Nikitinskiy
741,Doug,Harrington,dharringtonkk@biblegateway.com,Male,Trần Văn Thời
742,Celine,Caldairou,ccaldairoukl@edublogs.org,Female,Guomaying
743,Carver,Mar,cmarkm@nbcnews.com,Male,
744,Curt,Byart,cbyartkn@cisco.com,Male,Tinambac
745,Valentijn,Tipton,vtiptonko@youku.com,Male,Putatbasiun
746,Cheston,Dwerryhouse,cdwerryhousekp@xinhuanet.com,Male,Jianghai
747,Barbara-anne,Keeney,bkeeneykq@china.com.cn,Female,Ledenice
748,Ricky,Kennewell,rkennewellkr@dropbox.com,Male,Matlang
749,Sally,Ranger,srangerks@yellowpages.com,Female,Luodian
750,Garry,Van de Velde,gvandeveldekt@chicagotribune.com,Male,Amsterdam
751,Valentina,Nias,vniasku@nydailynews.com,Female,Agía Varvára
752,Tess,Mollen,tmollenkv@hostgator.com,Agender,Dakhla
753,Mady,Carslaw,mcarslawkw@unicef.org,Female,Lintan Chengguanzhen
754,Edgardo,Baseley,ebaseleykx@cdbaby.com,Male,Bắc Ninh
755,Eulalie,Kinghorne,ekinghorneky@fema.gov,Female,Jicomé
756,Axel,MacCurtain,amaccurtainkz@nba.com,Bigender,Akarakar
757,Anya,Lehemann,alehemannl0@e-recht24.de,Female,Panyingkiran
758,Raeann,Collinson,rcollinsonl1@youku.com,Female,Chulabhorn
759,Blane,Diemer,bdiemerl2@sciencedirect.com,Male,Gbawe
760,Adriena,Muscott,amuscottl3@geocities.com,Female,Léchovo
761,Euphemia,Dorian,edorianl4@hhs.gov,Female,Javānrūd
762,Mellisent,Cossey,mcosseyl5@elegantthemes.com,Female,
763,Sonia,Edward,sedwardl6@wsj.com,Female,Sakurai
764,Blancha,Jachimak,bjachimakl7@engadget.com,Female,Siqu
765,Haleigh,Treble,htreblel8@samsung.com,Male,Yelan’-Kolenovskiy
766,Georgina,Yurikov,gyurikovl9@phoca.cz,Female,Tabu
767,Lawrence,Abramovitch,labramovitchla@histats.com,Male,Ryazanskiy
768,Janot,Barratt,jbarrattlb@yellowbook.com,Female,São Mateus do Sul
769,Jocelyn,Mackinder,jmackinderlc@dailymail.co.uk,Female,Morales
770,Helaina,Shirrell,hshirrellld@rediff.com,Genderqueer,Chiţcani
771,Heinrick,MacCook,hmaccookle@harvard.edu,Male,Ocho Rios
772,Staci,McGann,smcgannlf@irs.gov,Female,Türkmenabat
773,Vernor,Leghorn,vleghornlg@ocn.ne.jp,Male,Bokaa
774,Nesta,Bamford,nbamfordlh@hp.com,Female,Kazaure
775,Patrick,Starford,pstarfordli@europa.eu,Male,Louny
776,Hazel,Rappport,hrappportlj@wiley.com,Male,Malinovskiy
777,Nolie,Comport,ncomportlk@who.int,Female,Pajoreja
778,Corrie,O'Gorman,cogormanll@jugem.jp,Female,Asbest
779,Olympe,Bray,obraylm@mysql.com,Female,Jahrom
780,Marie-ann,Terbrug,mterbrugln@cmu.edu,Female,Montpellier
781,Guinna,Haquin,ghaquinlo@netlog.com,Female,Florida
782,Ragnar,Hesse,rhesselp@japanpost.jp,Male,Xiaojiang
783,Shara,Fairley,sfairleylq@auda.org.au,Female,Aborlan
784,Demott,Beausang,dbeausanglr@amazon.de,Male,Largo
785,Wes,Genny,wgennyls@ucla.edu,Male,Hödrögö
786,Sal,Kinchington,skinchingtonlt@ft.com,Female,Burlatskoye
787,Tatiana,Fanner,tfannerlu@posterous.com,Female,Açucena
788,Briana,Quillinane,bquillinanelv@uiuc.edu,Female,San Fernando de Atabapo
789,Rourke,Eddy,reddylw@go.com,Male,Tatebayashi
790,Adrienne,Johannes,ajohanneslx@latimes.com,Polygender,Lāmerd
791,Richmond,Croysdale,rcroysdalely@odnoklassniki.ru,Male,Zyablikovo
792,Jerrome,Cussons,jcussonslz@shareasale.com,Agender,Velikiye Borki
793,Alfy,Alessandrucci,aalessandruccim0@wisc.edu,Female,Luzern
794,Prinz,Bullin,pbullinm1@nationalgeographic.com,Male,Butubut Norte
795,Balduin,MacCourt,bmaccourtm2@drupal.org,Male,Strasbourg
796,Haley,Sweatman,hsweatmanm3@un.org,Male,Cícero Dantas
797,Benedict,Borrows,bborrowsm4@spotify.com,Male,
798,Vernen,Treadway,vtreadwaym5@facebook.com,Male,Las Flores
799,Terencio,Cabane,tcabanem6@seesaa.net,Male,Fairview
800,Flossie,Brinkworth,fbrinkworthm7@fema.gov,Female,Farinheiras
801,Thomasa,Giacopini,tgiacopinim8@bbb.org,Female,Yangliu
802,Audry,Haddington,ahaddingtonm9@cbc.ca,Female,Idah
803,Dorita,Semon,dsemonma@spiegel.de,Female,Pengjia Zhaizi
804,Nissa,Greenway,ngreenwaymb@msu.edu,Female,Barraute
805,Rosmunda,Betchley,rbetchleymc@comsenz.com,Female,Huashixia
806,Bren,Lebreton,blebretonmd@hud.gov,Female,San Jacinto
807,Tabbi,Pashby,tpashbyme@wiley.com,Female,Cergy-Pontoise
808,Lane,Durdy,ldurdymf@oakley.com,Male,Banocboc
809,Coraline,Smogur,csmogurmg@sourceforge.net,Female,Narutochō-mitsuishi
810,Colby,Scamp,cscampmh@blogs.com,Male,Kainan
811,Timmy,Picot,tpicotmi@mlb.com,Female,Pećigrad
812,Martyn,Keene,mkeenemj@guardian.co.uk,Male,Huotian
813,Eamon,Gerrard,egerrardmk@examiner.com,Male,Volosovo
814,Sherwood,Hastin,shastinml@privacy.gov.au,Male,Huangjinjing
815,Christean,Byway,cbywaymm@ft.com,Female,Ciomas
816,Shaine,Odegaard,sodegaardmn@sbwire.com,Male,Aquiraz
817,Brett,Palphreyman,bpalphreymanmo@dagondesign.com,Female,Buenavista
818,Devlin,Morford,dmorfordmp@shutterfly.com,Male,Paradise
819,Angela,Rosebotham,arosebothammq@chron.com,Female,Dawangzhuang
820,Elaine,Ravenscraft,eravenscraftmr@usda.gov,Female,Qinling Jieban
821,Jamal,Cubbit,jcubbitms@aboutads.info,Genderqueer,Vodstroy
822,Nicholle,Scough,nscoughmt@si.edu,Female,Telagasari
823,Ginger,Gifford,ggiffordmu@usda.gov,Female,Kimje
824,Bronny,O' Mahony,bomahonymv@timesonline.co.uk,Bigender,Bezons
825,Natalee,Partkya,npartkyamw@icio.us,Female,Smarhon’
826,Joelly,Matschke,jmatschkemx@timesonline.co.uk,Female,Salavat
827,Lewes,Gellion,lgellionmy@yale.edu,Male,El Tambo
828,Bernette,Fourcade,bfourcademz@free.fr,Female,Heichengzi
829,Reine,Mecozzi,rmecozzin0@dell.com,Female,Belmopan
830,Vivian,Cuskery,vcuskeryn1@fema.gov,Female,Alaghsas
831,Kym,Esposita,kespositan2@nih.gov,Female,Toufang
832,Abram,Foster-Smith,afostersmithn3@miitbeian.gov.cn,Male,Wolomoni
833,Elia,Petegre,epetegren4@seesaa.net,Male,
834,April,Fibbit,afibbitn5@joomla.org,Female,Nay Pyi Taw
835,Noemi,Marney,nmarneyn6@gizmodo.com,Agender,Lubao
836,Latia,Fetherston,lfetherstonn7@instagram.com,Female,Cubará
837,Cairistiona,Knotton,cknottonn8@mashable.com,Female,Caen
838,Veronique,Bambrick,vbambrickn9@vkontakte.ru,Female,Jince
839,Darin,Dorre,ddorrena@ow.ly,Male,Birendranagar
840,Mathew,Fumagallo,mfumagallonb@storify.com,Male,Šenov
841,Constancia,Sealey,csealeync@seattletimes.com,Female,San Antonio de los Baños
842,Yancey,Galpin,ygalpinnd@ucoz.com,Male,Litvínov
843,Annelise,Faveryear,afaveryearne@histats.com,Female,Begejci
844,Dyna,Eardley,deardleynf@timesonline.co.uk,Female,Ambatolampy
845,Les,Fyfield,lfyfieldng@digg.com,Male,Hōfu
846,Kirby,Giamitti,kgiamittinh@ifeng.com,Female,Registro
847,Reube,Kayes,rkayesni@sbwire.com,Male,Cijengkol
848,Paule,Sentance,psentancenj@google.nl,Female,Niort
849,Darryl,Ucchino,ducchinonk@guardian.co.uk,Male,Kościelec
850,Trula,Earp,tearpnl@smugmug.com,Female,Cataguases
851,Shelia,Orcott,sorcottnm@slashdot.org,Female,København
852,Beniamino,Sinton,bsintonnn@bandcamp.com,Male,Tchaourou
853,Abbott,Readmire,areadmireno@histats.com,Male,Kaindy
854,Loraine,Blodg,lblodgnp@prnewswire.com,Female,Dhī as Sufāl
855,Tracie,Beggini,tbeggininq@cnet.com,Male,Kitāf
856,Juieta,Kennedy,jkennedynr@sciencedaily.com,Female,Igreja
857,Beverlee,Stancer,bstancerns@ftc.gov,Female,Bailingnao
858,Jodi,Lappine,jlappinent@elpais.com,Male,Corona
859,Bunni,Neate,bneatenu@dropbox.com,Female,Kelapa
860,Carmencita,Tarpey,ctarpeynv@fastcompany.com,Female,
861,Lin,Beaze,lbeazenw@vkontakte.ru,Male,Mabunga
862,Pate,Sillwood,psillwoodnx@sohu.com,Male,Qandala
863,Zorah,Gorton,zgortonny@sfgate.com,Female,Ujazd
864,Duke,Galgey,dgalgeynz@e-recht24.de,Male,Spirit River
865,Saxe,McGrath,smcgratho0@feedburner.com,Agender,Gostynin
866,Renae,Pigden,rpigdeno1@nhs.uk,Female,Cinangsih Satu
867,Manfred,Paddick,mpaddicko2@histats.com,Male,Rungis
868,Saul,Echalier,sechaliero3@unc.edu,Male,Cortes
869,Kipper,Sabberton,ksabbertono4@weebly.com,Male,Spas’ke
870,Janie,Dearden,jdeardeno5@economist.com,Non-binary,Nangang
871,Jaime,Weald,jwealdo6@businesswire.com,Male,Komyshuvakha
872,Angeli,Willcocks,awillcockso7@fastcompany.com,Polygender,Nglengkir
873,Rolland,Eshmade,reshmadeo8@thetimes.co.uk,Male,Goryachevodskiy
874,Jarrid,Guion,jguiono9@mtv.com,Male,Caramuca
875,Brenda,Cattel,bcatteloa@github.com,Female,Niquinohomo
876,Svend,Hussy,shussyob@reference.com,Male,Jiangdong
877,Sarita,Gallimore,sgallimoreoc@reddit.com,Female,Tielu
878,Constantine,Ditchfield,cditchfieldod@rakuten.co.jp,Female,Ikhtiman
879,Samara,Soppeth,ssoppethoe@google.de,Female,Krajan Satu
880,Frants,Lowater,flowaterof@slashdot.org,Male,Helsingborg
881,Juliane,Werny,jwernyog@privacy.gov.au,Female,Sidomakmur
882,Saree,Stoile,sstoileoh@wikimedia.org,Female,Borås
883,Friedrick,Crose,fcroseoi@addtoany.com,Bigender,Qalaikhumb
884,Row,Aizikovitch,raizikovitchoj@bluehost.com,Female,Dampek
885,Melli,Renny,mrennyok@answers.com,Female,Urshel’skiy
886,Pepillo,Carstairs,pcarstairsol@sfgate.com,Male,Rizal
887,Casar,Ivancevic,civancevicom@cdbaby.com,Male,Melekyne
888,Hogan,Ullrich,hullrichon@ebay.com,Male,Ransiki
889,Harrietta,Madgewick,hmadgewickoo@cbc.ca,Female,Bureng
890,Reider,Addess,raddessop@php.net,Male,Fukuma
891,Arline,Larwood,alarwoodoq@angelfire.com,Female,Grande Cache
892,Inge,Cairns,icairnsor@ihg.com,Female,Shangping
893,Dore,Abbes,dabbesos@java.com,Female,Tapacocha
894,Keenan,Spirritt,kspirrittot@loc.gov,Male,Skhodnya
895,Lesya,Tilford,ltilfordou@adobe.com,Female,Fengjia
896,Linn,Bispo,lbispoov@clickbank.net,Male,Perpignan
897,Nevins,Ausiello,nausielloow@sogou.com,Male,Abonnema
898,Therese,Bowra,tbowraox@fastcompany.com,Bigender,Ciro Redondo
899,Hollis,Gibbens,hgibbensoy@list-manage.com,Male,Takatsuki
900,Van,Crombie,vcrombieoz@abc.net.au,Male,Kuching
901,Collen,Hancke,chanckep0@youtu.be,Female,Villa de Soto
902,Cathe,Broggelli,cbroggellip1@unesco.org,Female,
903,Jeremie,Pickersgill,jpickersgillp2@google.fr,Male,Lubuagan
904,Sutherlan,Delicate,sdelicatep3@google.it,Male,
905,Brianne,Barmadier,bbarmadierp4@jigsy.com,Female,Taiping
906,Augusta,McKoy,amckoyp5@jimdo.com,Female,Caburan
907,Karlan,Duckett,kduckettp6@jugem.jp,Male,Lomma
908,Karole,Whitta,kwhittap7@google.ru,Genderfluid,Gasri
909,Hazel,Breache,hbreachep8@wikimedia.org,Female,Ani-e
910,Archie,Spedroni,aspedronip9@wikia.com,Male,Baligród
911,Larry,Hanby,lhanbypa@npr.org,Male,Skatepark
912,Derwin,Fabbro,dfabbropb@sourceforge.net,Male,Uppsala
913,Atlante,Petras,apetraspc@vk.com,Genderqueer,Nantes
914,Garner,Buckett,gbuckettpd@vistaprint.com,Male,Horní Cerekev
915,Aaron,Farrier,afarrierpe@unicef.org,Male,Dongqu
916,Aprilette,Betonia,abetoniapf@sciencedaily.com,Female,Kurashiki
917,Carling,Fragino,cfraginopg@tumblr.com,Male,Kurortnyy
918,Jorey,Dominighi,jdominighiph@purevolume.com,Female,Baizhu
919,Hillary,Grundey,hgrundeypi@netvibes.com,Male,Cipancur
920,Shirlene,Bousfield,sbousfieldpj@domainmarket.com,Female,Malie
921,Bondy,Lochrie,blochriepk@youku.com,Male,Meïganga
922,Amabel,Alger,aalgerpl@wufoo.com,Female,Neuquén
923,Mordecai,Linfitt,mlinfittpm@is.gd,Male,
924,Berty,Cosyns,bcosynspn@blinklist.com,Female,Dalong
925,Sander,Rowbottam,srowbottampo@msu.edu,Male,Changgai
926,Adi,Carnson,acarnsonpp@about.me,Bigender,Calumpang
927,Sutton,Earpe,searpepq@tumblr.com,Male,Jati
928,Roshelle,Jime,rjimepr@sfgate.com,Female,Askim
929,Sorcha,Ebhardt,sebhardtps@ibm.com,Female,Chesapeake
930,Robby,Thorneloe,rthorneloept@google.it,Male,Lasusua
931,Georgianne,Gillimgham,ggillimghampu@discovery.com,Female,Bunutan
932,Filmore,Campion,fcampionpv@hhs.gov,Male,Xinó Neró
933,Shaina,Geratt,sgerattpw@scribd.com,Female,Linköping
934,Adelle,Brouncker,abrounckerpx@example.com,Female,
935,Tito,Drew,tdrewpy@a8.net,Male,Makrýgialos
936,Neddy,Dawtre,ndawtrepz@elegantthemes.com,Male,Phu Loc
937,Julienne,Thoresbie,jthoresbieq0@msu.edu,Female,Blantyre
938,Randell,Lefley,rlefleyq1@php.net,Male,Briey
939,Gram,Woolnough,gwoolnoughq2@hp.com,Male,Michałów-Reginów
940,Pat,Ervin,pervinq3@studiopress.com,Female,Dumbéa
941,Ammamaria,Whimpenny,awhimpennyq4@census.gov,Female,Khorol
942,Korrie,Radcliffe,kradcliffeq5@deliciousdays.com,Female,Diego de Almagro
943,Levon,Stockney,lstockneyq6@epa.gov,Male,Xufeng
944,Kathlin,Cafferky,kcafferkyq7@nbcnews.com,Female,Sancha
945,Danie,Peregrine,dperegrineq8@noaa.gov,Bigender,Barang
946,Osgood,Cowp,ocowpq9@intel.com,Male,San Calixto
947,Roda,Traise,rtraiseqa@zimbio.com,Female,Pérama
948,Willis,Waghorne,wwaghorneqb@bloglines.com,Male,Itaboraí
949,Brittan,Cundey,bcundeyqc@google.ru,Female,Kitahama
950,Donaugh,Malinowski,dmalinowskiqd@yellowpages.com,Male,Negotino
951,Yolanda,McQuarrie,ymcquarrieqe@taobao.com,Female,Växjö
952,Dalton,Huish,dhuishqf@indiatimes.com,Male,Leżajsk
953,Eduard,Mattiello,emattielloqg@usatoday.com,Male,Limoges
954,Sandor,Gerrish,sgerrishqh@friendfeed.com,Male,Molde
955,Christie,Mangeot,cmangeotqi@nps.gov,Male,Biały Bór
956,Aymer,Stiller,astillerqj@ning.com,Male,Xiangzhou
957,Alene,Stuckey,astuckeyqk@soup.io,Female,Boljevci
958,Reginauld,Skellorne,rskellorneql@edublogs.org,Polygender,Józefów
959,Yves,Angliss,yanglissqm@t.co,Male,Cunliji
960,Gail,Saddleton,gsaddletonqn@bloglovin.com,Genderfluid,Gunung
961,Reagan,Doberer,rdobererqo@infoseek.co.jp,Male,Venda do Valador
962,Corinna,Mathison,cmathisonqp@aboutads.info,Genderqueer,Viljandi
963,Crin,Wimpress,cwimpressqq@altervista.org,Polygender,Anyar
964,Lorant,Strut,lstrutqr@wix.com,Male,Viengxay
965,Robinetta,Blampy,rblampyqs@mtv.com,Female,Gaplek
966,Stephana,Bromage,sbromageqt@cisco.com,Female,Sekararum
967,Yvonne,Humphries,yhumphriesqu@businessinsider.com,Female,Maoping
968,Greg,Warby,gwarbyqv@nyu.edu,Male,La Plata
969,Carree,Packman,cpackmanqw@usnews.com,Female,Nishi-Tokyo-shi
970,Katine,Bulstrode,kbulstrodeqx@paginegialle.it,Female,Leninsk
971,Diannne,Yetts,dyettsqy@reference.com,Polygender,Jammā‘īn
972,Tiphany,Freemantle,tfreemantleqz@topsy.com,Polygender,Varkaus
973,Merwin,Duxbury,mduxburyr0@a8.net,Male,Seupakat
974,Quentin,Alban,qalbanr1@wiley.com,Male,Pácora
975,Brietta,Sivyour,bsivyourr2@webnode.com,Female,Penitik
976,Cletis,Boni,cbonir3@who.int,Male,Bendilmuning
977,Mamie,Veracruysse,mveracruysser4@domainmarket.com,Female,Fenglin
978,Harley,Espinho,hespinhor5@acquirethisname.com,Agender,Sinargalih
979,Kylen,Swaysland,kswayslandr6@aol.com,Female,Penalva
980,Homere,Rassell,hrassellr7@vk.com,Male,Chatuchak
981,Ramsay,Hazael,rhazaelr8@webeden.co.uk,Male,
982,Christoforo,Harsnipe,charsniper9@wiley.com,Male,Shiwan
983,Sylvan,Gilders,sgildersra@clickbank.net,Male,Seroa
984,Lemar,Drillingcourt,ldrillingcourtrb@cloudflare.com,Male,As Suqaylibīyah
985,Liana,Chelnam,lchelnamrc@toplist.cz,Female,Wang Saphung
986,Ragnar,Samet,rsametrd@odnoklassniki.ru,Male,Zhuji
987,Waiter,Hardeman,whardemanre@pbs.org,Genderqueer,Strömsund
988,Penny,Swinburne,pswinburnerf@phoca.cz,Female,
989,Gilbertine,Whitwam,gwhitwamrg@intel.com,Non-binary,Medveditskiy
990,Cly,Levermore,clevermorerh@comcast.net,Male,Lijiapu
991,Gregor,Fitzgerald,gfitzgeraldri@nasa.gov,Bigender,Pinoma
992,Smitty,Shuttell,sshuttellrj@slate.com,Male,Bauchi
993,Ivor,Bader,ibaderrk@wp.com,Male,Bailizhou
994,Carol,Hadny,chadnyrl@so-net.ne.jp,Genderqueer,Gomunice
995,Dukie,Klauer,dklauerrm@domainmarket.com,Male,Luzhany
996,Dominic,Oboy,doboyrn@youtu.be,Male,Xiluo
997,Jennine,Petrillo,jpetrilloro@lycos.com,Polygender,Estrada
998,Shalne,De Meyer,sdemeyerrp@chicagotribune.com,Female,Protvino
999,Dolph,Beake,dbeakerq@apple.com,Male,Winseler
1000,Del,Oseland,doselandrr@wunderground.com,Female,Älvsjö
