id,first_name,last_name,email,gender,city
1,Juliette,Zavattieri,jzavattieri0@wunderground.com,Female,Nahāvand
2,Kearney,Wetwood,kwetwood1@sakura.ne.jp,Male,Huarong Chengguanzhen
3,Kittie,Bourrel,kbourrel2@sitemeter.com,Female,Casalinho
4,Jeannie,Kinnock,jkinnock3@wufoo.com,Female,Huiyi
5,Lucho,Truss,ltruss4@usda.gov,Male,Santa Tecla
6,Spense,Brenston,sbrenston5@diigo.com,Male,Xijiang
7,Pete,Haslegrave,phaslegrave6@jugem.jp,Male,Fengyang
8,Gina,Liversedge,gliversedge7@hatena.ne.jp,Female,Dobropillya
9,Christi,Glenfield,cglenfield8@sitemeter.com,Female,Yangxi
10,Candis,Balchen,cbalchen9@topsy.com,Female,Heshi
11,Den,Quarles,dquarlesa@comsenz.com,Male,Stetseva
12,Dalton,Gutteridge,dgutteridgeb@blogs.com,Male,Ribeiro
13,Guillemette,Clarae,gclaraec@netlog.com,Agender,Surup
14,Orsola,Walch,owalchd@ocn.ne.jp,Female,Bayambang
15,Rosita,Southworth,rsouthworthe@tripadvisor.com,Female,Jurak Lao’
16,Vikki,Asquith,vasquithf@creativecommons.org,Female,Jinan
17,Arlinda,Gurden,agurdeng@examiner.com,Female,Magepanda
18,Horacio,Pettet,hpetteth@alibaba.com,Male,Taung
19,Grantley,Baggally,gbaggallyi@goodreads.com,Male,Psyzh
20,Malorie,Meaney,mmeaneyj@engadget.com,Female,Singapore
21,Lovell,Kadd,lkaddk@latimes.com,Male,Cisewu
22,Chrysler,Leithgoe,cleithgoel@senate.gov,Female,Cijoho
23,Carlin,Ashleigh,cashleighm@slideshare.net,Male,Catania
24,Rosalyn,Collick,rcollickn@squarespace.com,Female,Thomazeau
25,Pieter,Halle,phalleo@cocolog-nifty.com,Male,Drochia
26,Emelina,Powder,epowderp@addthis.com,Female,Planeta Rica
27,Amye,Hucklesby,ahucklesbyq@blogtalkradio.com,Female,Wentugaole
28,Ingeborg,Golby,igolbyr@yandex.ru,Female,Dayuan
29,Prescott,Olufsen,polufsens@deliciousdays.com,Male,Yijiang
30,Melesa,Bedberry,mbedberryt@usnews.com,Female,Osiek nad Notecią
31,Tobie,McAlpine,tmcalpineu@ox.ac.uk,Male,Kingston
32,Julissa,Isenor,jisenorv@discuz.net,Female,Vani
33,Mycah,Dudgeon,mdudgeonw@webs.com,Male,Komarno
34,Perrine,Sterrie,psterriex@discuz.net,Female,Odiongan
35,Cletis,Winspur,cwinspury@ezinearticles.com,Male,Łaziska Górne
36,Storm,Chellenham,schellenhamz@squarespace.com,Female,Gaoqiao
37,Trenna,Londsdale,tlondsdale10@photobucket.com,Female,Kapshagay
38,Rosabelle,Fourmy,rfourmy11@meetup.com,Female,Kukës
39,Staffard,Whitelock,swhitelock12@dion.ne.jp,Male,Issa
40,Diarmid,McGhie,dmcghie13@ifeng.com,Male,Longgang
41,Kendall,Matula,kmatula14@springer.com,Male,Mishkino
42,Hunt,Singers,hsingers15@sphinn.com,Male,Sang-e Māshah
43,Babette,Dowthwaite,bdowthwaite16@sfgate.com,Female,Yŏnggwang-ŭp
44,Renato,Castleman,rcastleman17@mail.ru,Male,‘Anīn
45,Tomaso,Coleshill,tcoleshill18@cpanel.net,Male,Pokrovskoye
46,Teador,Kibblewhite,tkibblewhite19@un.org,Polygender,Hengshi
47,Yard,Downton,ydownton1a@timesonline.co.uk,Male,Cikulahan
48,Shannah,Putman,sputman1b@businessinsider.com,Female,Seteluk Tengah
49,Jason,Gatheridge,jgatheridge1c@tamu.edu,Male,Funafuti
50,Corny,McNair,cmcnair1d@china.com.cn,Female,Warsaw
51,Gregoor,Solway,gsolway1e@prweb.com,Male,Novokuybyshevsk
52,Toni,Middle,tmiddle1f@bbc.co.uk,Female,Sepanjang
53,Denis,Fleckney,dfleckney1g@exblog.jp,Male,Wilmington
54,Nita,Smalcombe,nsmalcombe1h@umn.edu,Female,Tamana
55,Hortense,Sinnatt,hsinnatt1i@epa.gov,Female,Arendal
56,Shalne,Sommerfeld,ssommerfeld1j@yahoo.co.jp,Female,Jishigang
57,Heather,Martinolli,hmartinolli1k@rakuten.co.jp,Female,Daeosin Satu
58,Wilbert,Natt,wnatt1l@vk.com,Male,Le Havre
59,Stephani,Scotchbrook,sscotchbrook1m@indiatimes.com,Female,Dabbūrīya
60,Johnny,Stiggles,jstiggles1n@ucla.edu,Male,Longshi
61,Colas,Allison,callison1o@51.la,Male,Khok Charoen
62,Neille,Saulter,nsaulter1p@baidu.com,Female,Yantak
63,Idell,Phipp,iphipp1q@topsy.com,Female,Yehud
64,Janie,Tourne,jtourne1r@dell.com,Female,San Ignacio de Tupile
65,Patricio,Routley,proutley1s@nps.gov,Male,Kidodi
66,Jodi,Giamitti,jgiamitti1t@51.la,Male,Omaha
67,Christa,Quilter,cquilter1u@dell.com,Female,Gavea
68,Hakim,Hightown,hhightown1v@china.com.cn,Male,Besançon
69,Tabbitha,Jakobsson,tjakobsson1w@jigsy.com,Female,Oljoq
70,Levy,Carman,lcarman1x@europa.eu,Male,Desakolot
71,Sapphira,Vuitton,svuitton1y@gizmodo.com,Female,Altay
72,Stavro,Attaway,sattaway1z@networksolutions.com,Bigender,Crnilište
73,Clemence,Scadding,cscadding20@rakuten.co.jp,Female,Negeriagung
74,Lillis,Cobbled,lcobbled21@opera.com,Female,Ptghunk’
75,Corey,Ivantsov,civantsov22@dion.ne.jp,Male,Jorong
76,Elwyn,Petrus,epetrus23@mac.com,Male,Heshui
77,Corey,Thombleson,cthombleson24@squidoo.com,Female,Zavolzh’ye
78,Shoshana,Edgecumbe,sedgecumbe25@cloudflare.com,Female,Almirante
79,Kayley,Pifford,kpifford26@huffingtonpost.com,Female,Yunji
80,Tyson,Tellwright,ttellwright27@unesco.org,Male,Huolu
81,Kristy,Vedstra,kvedstra28@imgur.com,Female,Arras
82,Olwen,Bartell,obartell29@blogs.com,Female,Zhengwan
83,Nance,Eymor,neymor2a@cyberchimps.com,Female,Catache
84,Brigit,Tonepohl,btonepohl2b@marriott.com,Polygender,Gwaram
85,Solly,Niezen,sniezen2c@gravatar.com,Male,Buenlag
86,Osborne,Coggen,ocoggen2d@123-reg.co.uk,Male,Vanadzor
87,Inesita,McHardy,imchardy2e@hao123.com,Female,Huolongmen
88,Donna,Simonetti,dsimonetti2f@google.fr,Female,Dalongtan
89,Matty,Arnet,marnet2g@posterous.com,Male,Centenary
90,Murial,Capitano,mcapitano2h@intel.com,Female,Quebracho
91,Antone,Hindes,ahindes2i@ebay.co.uk,Male,Esmeralda
92,Othilie,Cainey,ocainey2j@tmall.com,Female,Nässjö
93,Cairistiona,Siemandl,csiemandl2k@columbia.edu,Female,Belovo
94,Ilsa,Devey,idevey2l@jalbum.net,Female,Grimstad
95,Olive,Verner,overner2m@weibo.com,Female,Gubat
96,Cele,Wooding,cwooding2n@nba.com,Female,Xiayang
97,Arlen,Gull,agull2o@photobucket.com,Female,Nemours
98,Ware,Maysor,wmaysor2p@nba.com,Male,Chongxian
99,Elisabet,Lydall,elydall2q@privacy.gov.au,Female,Yuracyacu
100,Hetty,Lukianov,hlukianov2r@discuz.net,Female,Cergy-Pontoise
101,Virgina,Keymar,vkeymar2s@jigsy.com,Agender,Velyka Pysarivka
102,Rowen,Pilbeam,rpilbeam2t@webnode.com,Male,Lianga
103,Orran,Bastow,obastow2u@ameblo.jp,Male,Hennenman
104,Hinze,McElhinney,hmcelhinney2v@google.es,Male,Otyń
105,Bradley,Haveline,bhaveline2w@t.co,Male,Cipesing
106,Darci,Jarrold,djarrold2x@xrea.com,Female,Baoyang
107,Crissy,Rowling,crowling2y@virginia.edu,Female,El Paso
108,Silvio,Thynne,sthynne2z@google.com.au,Male,Beijie
109,Chloris,Kehri,ckehri30@tiny.cc,Female,Hostouň
110,Etta,Kohring,ekohring31@arstechnica.com,Female,Silveiros
111,Evonne,Gyenes,egyenes32@blog.com,Female,Longgang
112,Deanna,Gontier,dgontier33@hp.com,Polygender,Colonias Unidas
113,Forrest,Sperring,fsperring34@jigsy.com,Male,Linquan
114,Madelin,Akester,makester35@rediff.com,Female,Yangkou
115,Wilbur,Kettridge,wkettridge36@squidoo.com,Male,Manzanillo
116,Benedetto,Whittaker,bwhittaker37@discuz.net,Male,Cigoong
117,Brandyn,Adamovsky,badamovsky38@reddit.com,Male,Mangulewa
118,Hammad,Lockney,hlockney39@google.com,Male,Uniejów
119,Louis,Newcom,lnewcom3a@bing.com,Male,Kobyzhcha
120,Connie,McVeagh,cmcveagh3b@woothemes.com,Female,Ghanzi
121,Robby,Van der Baaren,rvanderbaaren3c@wired.com,Genderfluid,Scarborough
122,Louisa,Bettanay,lbettanay3d@alexa.com,Female,Rungis
123,Emmett,MacGilrewy,emacgilrewy3e@twitpic.com,Male,Néa Péramos
124,Ann-marie,Jouanot,ajouanot3f@histats.com,Female,Holma
125,Kippie,Peacocke,kpeacocke3g@addthis.com,Male,Villa Ascasubi
126,Ambrosius,Bernardi,abernardi3h@gnu.org,Male,Severo-Yeniseyskiy
127,Niccolo,Alford,nalford3i@bloglines.com,Male,Zwettl
128,Merry,Theriot,mtheriot3j@illinois.edu,Male,Bồng Sơn
129,Kamila,McKeney,kmckeney3k@psu.edu,Female,Hobor
130,Bernelle,Kibbey,bkibbey3l@discovery.com,Female,São Paio de Seide
131,Trenna,Cowperthwaite,tcowperthwaite3m@google.com.au,Female,Xinsheng
132,Constancia,Jessope,cjessope3n@gnu.org,Female,Liangshuihe
133,Betsy,Cawdron,bcawdron3o@webeden.co.uk,Female,Banjar Ponggang
134,Towny,Zelland,tzelland3p@sun.com,Male,Shatoujiao
135,Micah,Allred,mallred3q@soup.io,Male,Donja Mahala
136,Katerine,Durward,kdurward3r@4shared.com,Female,Mashi
137,Elle,O'Growgane,eogrowgane3s@google.de,Female,Odawara
138,Mallorie,Bradder,mbradder3t@wikipedia.org,Agender,Wola Uhruska
139,Philbert,Grealey,pgrealey3u@themeforest.net,Male,Idvor
140,Nerissa,Feasey,nfeasey3v@va.gov,Female,Mulleriyawa
141,Cleavland,covino,ccovino3w@ebay.co.uk,Male,Zīrakī
142,Forrester,Loude,floude3x@livejournal.com,Male,Voiron
143,Hatty,Cammish,hcammish3y@cargocollective.com,Female,Nyalindung
144,Nissa,MacMorland,nmacmorland3z@feedburner.com,Female,Cochrane
145,Dorelia,Phette,dphette40@prweb.com,Female,Lesichevo
146,Alvy,Trembley,atrembley41@ft.com,Male,Zdiby
147,Fenelia,Dachey,fdachey42@amazon.co.uk,Female,Bantuanon
148,Frank,Culligan,fculligan43@google.de,Female,Lansing
149,Tova,Checkley,tcheckley44@uol.com.br,Female,Siedlce
150,Minny,Trimming,mtrimming45@gravatar.com,Female,Pursat
151,Ingmar,Headey,iheadey46@deliciousdays.com,Male,Guta
152,Sayre,Verissimo,sverissimo47@qq.com,Male,Dong’an
153,Doy,Belfield,dbelfield48@businessinsider.com,Male,Xiabaishi
154,Robbie,Martinelli,rmartinelli49@vistaprint.com,Female,Zhangbang
155,Jory,Helversen,jhelversen4a@tripadvisor.com,Male,Tomilino
156,Shannen,Molloy,smolloy4b@npr.org,Female,Vostochnoe Degunino
157,Janos,Ceci,jceci4c@apache.org,Non-binary,San Jacinto
158,Steffie,McKeggie,smckeggie4d@addtoany.com,Female,Huangduobu
159,Paddy,Dikels,pdikels4e@sciencedirect.com,Male,Dongmazar
160,Elnar,Andreassen,eandreassen4f@uiuc.edu,Male,Almodôvar
161,Ange,Pau,apau4g@vinaora.com,Female,Pompéia
162,Isadora,Covil,icovil4h@squarespace.com,Female,Izborsk
163,Candace,Martinson,cmartinson4i@ifeng.com,Female,Sokolov
164,Hildegarde,Emmet,hemmet4j@telegraph.co.uk,Female,Dongdong
165,Abbe,Madgin,amadgin4k@va.gov,Male,Bhalil
166,Teodora,Walbridge,twalbridge4l@pbs.org,Female,Vogar
167,Charis,Joan,cjoan4m@mapquest.com,Agender,San Juan del Cesar
168,Kasper,Clinning,kclinning4n@fda.gov,Bigender,Nato
169,Hugo,Blakiston,hblakiston4o@sitemeter.com,Bigender,San Benito Abad
170,Hart,Siviter,hsiviter4p@barnesandnoble.com,Male,Žitenice
171,Tirrell,Kelcey,tkelcey4q@auda.org.au,Agender,Tubalan
172,Llywellyn,Schutter,lschutter4r@alibaba.com,Male,Al Ibrāhīmīyah
173,Lyn,Torritti,ltorritti4s@typepad.com,Female,Alexandroúpoli
174,Korella,Tother,ktother4t@macromedia.com,Female,Duitama
175,Luis,Kuzma,lkuzma4u@epa.gov,Male,Atbasar
176,Mair,Daniely,mdaniely4v@nature.com,Female,Weru
177,Murry,Pridgeon,mpridgeon4w@china.com.cn,Male,Sanfins
178,Archy,Cokely,acokely4x@reddit.com,Male,Mardīān
179,Noach,Babb,nbabb4y@marriott.com,Male,Xiaoguwei
180,Henri,Davydoch,hdavydoch4z@theatlantic.com,Male,Bayan
181,Delmar,Pothecary,dpothecary50@jigsy.com,Male,Kiarajangkung
182,Leontine,Nellen,lnellen51@timesonline.co.uk,Female,Dingshan
183,Ilse,Matterson,imatterson52@theatlantic.com,Female,Anda
184,Ezequiel,Chessor,echessor53@topsy.com,Male,Sula
185,Hamlen,Scotson,hscotson54@freewebs.com,Male,Złota
186,Davy,Rapps,drapps55@wp.com,Genderqueer,Indaial
187,Damiano,Kermath,dkermath56@nhs.uk,Male,Lolotique
188,Terry,Heersma,theersma57@arstechnica.com,Male,Ust’-Kut
189,Cherye,Hamley,chamley58@marketwatch.com,Female,Phnom Penh
190,Daffi,Ghilks,dghilks59@desdev.cn,Female,Póvoa de Penela
191,Torrey,Humbell,thumbell5a@technorati.com,Male,Monastirákion
192,Bernardo,Meardon,bmeardon5b@house.gov,Male,Pongol
193,Reta,Pascall,rpascall5c@4shared.com,Female,Longshan
194,Morie,Rishworth,mrishworth5d@gmpg.org,Male,Melbourne
195,Mattias,Costen,mcosten5e@wiley.com,Male,Qarchī Gak
196,Pru,Tomasik,ptomasik5f@chicagotribune.com,Female,Muxagata
197,Rainer,Antonowicz,rantonowicz5g@devhub.com,Genderqueer,El Aïoun
198,Karlotta,Kadwallider,kkadwallider5h@buzzfeed.com,Genderfluid,Umbultanjung
199,Alphonse,Oland,aoland5i@chicagotribune.com,Male,Lyon
200,Breanne,Wickett,bwickett5j@trellian.com,Female,Köln
201,Titos,Robertacci,trobertacci5k@jigsy.com,Male,Maruoka
202,Ado,Delicate,adelicate5l@ovh.net,Male,Tadianjie
203,Maye,Purvey,mpurvey5m@skyrock.com,Female,Kouqian
204,Melvin,Dysert,mdysert5n@eepurl.com,Male,Nioumamilima
205,Tammy,Whelpton,twhelpton5o@utexas.edu,Male,Garden Grove
206,Kyle,Ibbetson,kibbetson5p@japanpost.jp,Male,N’dalatando
207,Charyl,Cater,ccater5q@shutterfly.com,Female,Bergen
208,Ariel,Chadwick,achadwick5r@friendfeed.com,Female,Yihe
209,Sholom,Handasyde,shandasyde5s@jigsy.com,Male,Jiuxian
210,Van,Ruddiforth,vruddiforth5t@noaa.gov,Male,Safotu
211,Florian,Iannitti,fiannitti5u@g.co,Male,Iłowa
212,Kelli,Ronnay,kronnay5v@usa.gov,Polygender,Utsjoki
213,Felicdad,Harston,fharston5w@istockphoto.com,Genderfluid,Megalópoli
214,Jo,Poore,jpoore5x@mozilla.com,Agender,Semey
215,Ruthann,Pelos,rpelos5y@opensource.org,Female,Paulba
216,Gerardo,Tynewell,gtynewell5z@mail.ru,Male,Sendangrejo
217,Aindrea,Mussotti,amussotti60@dyndns.org,Female,Dzüünkharaa
218,Lexi,Mosedale,lmosedale61@plala.or.jp,Female,Chengfeng
219,Kakalina,Fairbanks,kfairbanks62@php.net,Genderfluid,Kayan Hulu
220,Marven,Bernhard,mbernhard63@ebay.co.uk,Male,Bayān
221,Napoleon,Harmer,nharmer64@webnode.com,Male,Bogovarovo
222,Wynn,Ivanchikov,wivanchikov65@netscape.com,Female,Strogino
223,Fremont,Aldcorn,faldcorn66@abc.net.au,Male,Kolirerek
224,Dagmar,Chestle,dchestle67@phoca.cz,Agender,MacArthur
225,Phineas,McKeurton,pmckeurton68@mtv.com,Male,Al Wardānīn
226,Callie,Piggford,cpiggford69@patch.com,Female,Kukuluk
227,Anneliese,Beagen,abeagen6a@yale.edu,Female,Souto
228,Franky,Caustick,fcaustick6b@google.com.hk,Female,Daban
229,Auberta,Rishman,arishman6c@patch.com,Female,Spanish Wells
230,Kerr,Feilden,kfeilden6d@cbsnews.com,Male,Bagou
231,Loydie,Toderini,ltoderini6e@dagondesign.com,Male,Mollās̄ānī
232,Bjorn,Greenfield,bgreenfield6f@wunderground.com,Genderqueer,Gérakas
233,Nelli,Liles,nliles6g@unblog.fr,Female,Xiangyang
234,Tore,MacCole,tmaccole6h@npr.org,Male,Binhe
235,Gardener,Gatchell,ggatchell6i@rakuten.co.jp,Genderfluid,Néa Ionía
236,Kassia,Goard,kgoard6j@washingtonpost.com,Female,Zheleznogorsk-Ilimskiy
237,Elisabeth,Cushworth,ecushworth6k@who.int,Female,Tibillo
238,Dillon,Brine,dbrine6l@huffingtonpost.com,Male,Tangjiawan
239,Briggs,Haseley,bhaseley6m@pbs.org,Male,Zmeyskaya
240,Carlee,Gave,cgave6n@elpais.com,Female,Meylan
241,Donaugh,McGiveen,dmcgiveen6o@myspace.com,Male,Big Bend
242,Faina,Rosenshine,frosenshine6p@chron.com,Female,Jinqu
243,Samson,Warner,swarner6q@spotify.com,Male,Zemlyansk
244,Claribel,de Clerq,cdeclerq6r@army.mil,Female,Debrecen
245,Ibrahim,Altamirano,ialtamirano6s@google.cn,Male,Kabala
246,Vince,Tarplee,vtarplee6t@samsung.com,Polygender,Sobue
247,Albina,Le Strange,alestrange6u@tripadvisor.com,Female,Svilengrad
248,Diego,Clausson,dclausson6v@wp.com,Male,Kobeřice
249,Sharity,Walne,swalne6w@cbc.ca,Agender,Rudo
250,Chancey,McPharlain,cmcpharlain6x@ftc.gov,Male,Wencheng
251,Wilhelmina,Macvain,wmacvain6y@house.gov,Female,Shuhong
252,William,Onions,wonions6z@go.com,Male,Maleevsk
253,Peria,Domelaw,pdomelaw70@twitter.com,Female,Yaotian
254,Lorne,Sloam,lsloam71@walmart.com,Male,Villaviciosa
255,Jennilee,Gergus,jgergus72@flickr.com,Genderqueer,Fredericton
256,Bernadine,McKyrrelly,bmckyrrelly73@g.co,Female,Polloc
257,Tamarah,Edmons,tedmons74@bluehost.com,Female,Banjarejo
258,Dulcy,Terese,dterese75@webnode.com,Female,Xingguo
259,Engracia,Fitzsimon,efitzsimon76@drupal.org,Female,Puchong
260,Delano,Michele,dmichele77@sciencedaily.com,Polygender,Shuanghekou
261,Roddy,Impey,rimpey78@ow.ly,Male,Barbudo
262,Arman,Ridolfi,aridolfi79@taobao.com,Male,Manaus
263,Cecil,Batten,cbatten7a@geocities.jp,Male,Garunggang
264,Daisy,Willarton,dwillarton7b@reverbnation.com,Female,Al Manqaf
265,Angel,Daniel,adaniel7c@irs.gov,Female,Panino
266,Kirstin,Steynor,ksteynor7d@chicagotribune.com,Female,Buchach
267,Svend,Collingham,scollingham7e@ucla.edu,Male,Shtip
268,Melonie,Peinke,mpeinke7f@cdbaby.com,Female,Mangunjaya
269,Kile,De Filippis,kdefilippis7g@wikia.com,Male,Irará
270,Sutherland,Kibblewhite,skibblewhite7h@berkeley.edu,Bigender,Xinshan
271,Mariann,Geekin,mgeekin7i@illinois.edu,Female,Benito Juarez
272,Nancee,Lyver,nlyver7j@stumbleupon.com,Female,Tsybli
273,Leta,Henrion,lhenrion7k@dailymail.co.uk,Female,Rio Covo ( Santa Eulália )
274,Laurice,Surmeyer,lsurmeyer7l@state.tx.us,Female,Águas de Lindóia
275,Romola,Tremellan,rtremellan7m@storify.com,Polygender,Rossosh’
276,Carmencita,Hansed,chansed7n@goo.ne.jp,Female,San Vicente
277,Arty,Raggett,araggett7o@discovery.com,Male,Semīrom
278,Jackquelin,Boshere,jboshere7p@seattletimes.com,Bigender,Tilburg
279,Pebrook,Aylmer,paylmer7q@wikia.com,Male,Lingkou
280,Charles,Tomasello,ctomasello7r@thetimes.co.uk,Male,Chirkey
281,Justinian,Aitken,jaitken7s@dion.ne.jp,Male,Coaticook
282,Ned,Van Son,nvanson7t@163.com,Male,Szeged
283,Merla,Askam,maskam7u@yellowbook.com,Female,Enonkoski
284,Mamie,Gaven,mgaven7v@google.ca,Female,Wuxia
285,Sacha,Pedel,spedel7w@intel.com,Female,Wangren
286,Truman,Hollindale,thollindale7x@un.org,Male,Hujra
287,Phedra,Thain,pthain7y@skyrock.com,Female,Liski
288,Beale,Tritten,btritten7z@huffingtonpost.com,Male,Emiliano Zapata
289,Matias,Woolard,mwoolard80@fda.gov,Genderfluid,Buriti Alegre
290,Matelda,Waller-Bridge,mwallerbridge81@marketwatch.com,Female,Harstad
291,Ricki,McClosh,rmcclosh82@dailymail.co.uk,Female,Artemisa
292,Jilli,Rake,jrake83@sciencedaily.com,Female,Mežica
293,Candy,Wickmann,cwickmann84@nymag.com,Female,Velyka Lepetykha
294,Alexis,Dillestone,adillestone85@utexas.edu,Bigender,Berendeyevo
295,Anabella,Lortzing,alortzing86@time.com,Female,Al Ma‘baţlī
296,Doralin,Tremblay,dtremblay87@microsoft.com,Female,Maramag
297,Filippa,Lethby,flethby88@parallels.com,Female,Asopía
298,Fin,Hiscocks,fhiscocks89@nasa.gov,Male,Shibīn al Kawm
299,Wye,Beedie,wbeedie8a@prweb.com,Male,Toledo
300,Kimbell,Arnowitz,karnowitz8b@tripod.com,Male,Valence
301,Klarika,Treat,ktreat8c@sohu.com,Female,Wangshi
302,Hertha,Okeshott,hokeshott8d@51.la,Female,Sibaté
303,Glendon,Josuweit,gjosuweit8e@unicef.org,Male,Tavira
304,Wilow,Dresse,wdresse8f@sun.com,Female,El Hermel
305,Adelaide,Prince,aprince8g@webnode.com,Female,Kokkinóchoma
306,Ernestine,Stithe,estithe8h@de.vu,Female,Dolní Čermná
307,Della,Dobeson,ddobeson8i@sun.com,Female,Lengshuijing
308,Arliene,Beek,abeek8j@ovh.net,Female,Diadi
309,Collete,Chart,cchart8k@webeden.co.uk,Female,Xihuachi
310,Lay,Glenister,lglenister8l@wp.com,Male,Aganan
311,Alfonse,Vasile,avasile8m@ameblo.jp,Male,Mérignac
312,Twyla,Jacobson,tjacobson8n@blogs.com,Female,Saint-Pierre
313,Corinna,Tunno,ctunno8o@reuters.com,Female,Bauru
314,Teador,Jerger,tjerger8p@booking.com,Male,Loanda
315,Mervin,Spofford,mspofford8q@webmd.com,Male,Al Qaţn
316,Damian,Medendorp,dmedendorp8r@spotify.com,Genderqueer,Plessisville
317,Kevon,Annett,kannett8s@globo.com,Male,Badajoz
318,Issiah,Sycamore,isycamore8t@si.edu,Male,Nglengkir
319,Maximilien,Fibbings,mfibbings8u@macromedia.com,Male,Sukarama
320,Gwennie,Rabbe,grabbe8v@nsw.gov.au,Female,Los Pinos
321,Romy,Dreinan,rdreinan8w@ebay.com,Female,New Glasgow
322,Nissy,Souter,nsouter8x@lulu.com,Agender,Talipan
323,Carlina,Wareham,cwareham8y@nifty.com,Female,Strasbourg
324,Chloe,Bramsen,cbramsen8z@bloglines.com,Female,Oni
325,Marylee,Poundsford,mpoundsford90@ucoz.com,Agender,Porto Velho
326,Letitia,Theis,ltheis91@psu.edu,Female,Al Miqdādīyah
327,Priscilla,Dunsmuir,pdunsmuir92@forbes.com,Female,Wiang Chiang Rung
328,Jehu,Chese,jchese93@merriam-webster.com,Male,Fulin
329,Garrett,Gilpin,ggilpin94@furl.net,Male,San Pedro de Ycuamandiyú
330,Suzette,Pring,spring95@cocolog-nifty.com,Female,Paramaribo
331,Zack,Deener,zdeener96@google.com.br,Male,Pringsewu
332,Pincas,Comini,pcomini97@microsoft.com,Male,Palhais
333,Gayle,Prowting,gprowting98@ycombinator.com,Male,Kagal’nitskaya
334,Nara,Lyte,nlyte99@skype.com,Female,Ciudad Ojeda
335,Fredrika,Diben,fdiben9a@miitbeian.gov.cn,Female,Dabao
336,Hy,McKendry,hmckendry9b@ft.com,Male,Si That
337,Chery,Rappa,crappa9c@miitbeian.gov.cn,Female,Guanban
338,Nicolais,Solly,nsolly9d@biglobe.ne.jp,Male,Kista
339,Ulla,Gutowska,ugutowska9e@unblog.fr,Female,Ekibastuz
340,Fred,Wren,fwren9f@pen.io,Female,Haizhouwobao
341,Emilee,Dewdney,edewdney9g@deviantart.com,Female,Bruzual
342,Kerk,Sweeten,ksweeten9h@marriott.com,Male,Chambray-lès-Tours
343,Devy,Coggan,dcoggan9i@blogger.com,Male,Kapshagay
344,Matti,Ibbitt,mibbitt9j@pbs.org,Female,Gondifelos
345,Mallory,Laughrey,mlaughrey9k@yellowbook.com,Non-binary,Tutong
346,Brnaba,Jeafferson,bjeafferson9l@ucoz.com,Male,Al Qiţena
347,Jedidiah,Matherson,jmatherson9m@hibu.com,Male,Azacualpa
348,Hasty,Dellow,hdellow9n@dailymail.co.uk,Male,Sankeng
349,Malissa,Coveley,mcoveley9o@homestead.com,Female,Orlovo
350,Thurstan,Kamena,tkamena9p@dailymail.co.uk,Male,Donji Vakuf
351,Horatio,Attarge,hattarge9q@upenn.edu,Male,Huangqiang
352,Vivian,Comber,vcomber9r@reddit.com,Female,Qintong
353,Janel,Spirritt,jspirritt9s@hp.com,Female,Piekoszów
354,Hillyer,Priter,hpriter9t@ucsd.edu,Agender,São Sebastião
355,Julianne,Woodcroft,jwoodcroft9u@people.com.cn,Female,Senekal
356,Ortensia,Fontin,ofontin9v@cmu.edu,Female,Riyadh
357,Red,Flescher,rflescher9w@fotki.com,Male,Skaryszew
358,Nancie,Arkil,narkil9x@ca.gov,Female,Kokterek
359,Naomi,Doughill,ndoughill9y@globo.com,Female,Matang
360,Hildagarde,Ineson,hineson9z@rambler.ru,Female,Seongnam-si
361,Maure,Conboy,mconboya0@statcounter.com,Bigender,Namie
362,Lorena,Simonnet,lsimonneta1@kickstarter.com,Female,Kuching
363,Ceil,Jenking,cjenkinga2@economist.com,Non-binary,Nāḩiyat as Sab‘ Biyār
364,Stillman,Sherar,ssherara3@issuu.com,Male,Kyra
365,Scarlett,Lammie,slammiea4@paginegialle.it,Female,Nieying
366,Niles,Neilly,nneillya5@edublogs.org,Male,Fort Worth
367,Yvor,Balam,ybalama6@smugmug.com,Male,Gon’ba
368,Davie,Hofton,dhoftona7@disqus.com,Male,Galapa
369,Ettie,Labba,elabbaa8@scientificamerican.com,Female,Ponikiew
370,Philippe,Burge,pburgea9@slate.com,Female,Ponta Grossa
371,Curry,Causer,ccauseraa@opensource.org,Male,Shchëkino
372,Gerta,Dumbare,gdumbareab@comcast.net,Female,Mangarine
373,Corney,Fowlestone,cfowlestoneac@slashdot.org,Male,Kirkton
374,Payton,Ivashkov,pivashkovad@virginia.edu,Male,Karmaskaly
375,Tedi,Dudin,tdudinae@123-reg.co.uk,Female,Asaka
376,Byran,Bulstrode,bbulstrodeaf@mashable.com,Male,Černošice
377,Alexis,Gillebert,agillebertag@usatoday.com,Male,Narvacan
378,Yasmin,McNish,ymcnishah@jalbum.net,Female,Garbolovo
379,Nolly,Devanney,ndevanneyai@globo.com,Male,Taling
380,Rudolph,O' Flaherty,roflahertyaj@mozilla.com,Male,Sel’tso
381,Rolland,Simonetto,rsimonettoak@go.com,Male,Luopu
382,Anatole,Crooke,acrookeal@sourceforge.net,Male,Biljača
383,Christyna,Clarabut,cclarabutam@rakuten.co.jp,Female,Sumbergayam
384,Antoni,Cantu,acantuan@census.gov,Male,La Cruz
385,Liuka,Pickford,lpickfordao@walmart.com,Female,Bella Unión
386,Aluino,Zuppa,azuppaap@smugmug.com,Male,Shahrisabz Shahri
387,Hayyim,Wanley,hwanleyaq@tinypic.com,Male,Luozhou
388,Jerry,Ballay,jballayar@yahoo.co.jp,Male,Zehak
389,Avrit,Wroughton,awroughtonas@comcast.net,Female,Kōriyama
390,Brandi,Jeness,bjenessat@unesco.org,Female,Yingta
391,Gay,Winwright,gwinwrightau@mtv.com,Male,Punaauia
392,Dania,Usherwood,dusherwoodav@odnoklassniki.ru,Female,Ladoang
393,Brynna,Lomb,blombaw@ask.com,Female,Adelaide Mail Centre
394,Valdemar,Merle,vmerleax@yandex.ru,Male,Banana Village
395,Allin,Brosi,abrosiay@washingtonpost.com,Male,Saḩab
396,Olia,Howselee,ohowseleeaz@amazon.co.jp,Female,Shirokaya Rechka
397,Pernell,Warder,pwarderb0@163.com,Male,Clonskeagh
398,Emilio,Longbottom,elongbottomb1@eepurl.com,Male,Guaxupé
399,Shaylah,Tomankiewicz,stomankiewiczb2@1und1.de,Female,Ankazobe
400,Lorena,Wreiford,lwreifordb3@indiatimes.com,Female,Sumberejo
401,Harp,Brownfield,hbrownfieldb4@weibo.com,Male,Nurota Shahri
402,Maitilde,Lynskey,mlynskeyb5@weather.com,Female,Shangyi
403,Whitaker,O'Regan,woreganb6@newsvine.com,Male,Višňova
404,Sherm,Casale,scasaleb7@pinterest.com,Genderfluid,San Antonio de Los Altos
405,Hedy,Slesser,hslesserb8@yahoo.com,Female,Florianópolis
406,Richard,Sandilands,rsandilandsb9@redcross.org,Male,Pewel Wielka
407,Jeffie,Isson,jissonba@angelfire.com,Male,Liuhe
408,Maisey,Rappport,mrappportbb@cmu.edu,Female,Město
409,Hesther,Strickett,hstrickettbc@jiathis.com,Female,Javorník
410,Trude,Mitchener,tmitchenerbd@posterous.com,Female,Mitrovicë
411,Kristian,Cosgreave,kcosgreavebe@fotki.com,Genderqueer,Cabanaconde
412,Filia,Blemen,fblemenbf@disqus.com,Female,Margarita
413,Danya,Coyne,dcoynebg@ocn.ne.jp,Male,Qindu
414,Blondy,Kerman,bkermanbh@linkedin.com,Female,Francisco Villa
415,Hi,Points,hpointsbi@xinhuanet.com,Agender,Kota Bharu
416,Pavel,Ouldcott,pouldcottbj@e-recht24.de,Male,Cajamar
417,Devin,Peeters,dpeetersbk@wordpress.org,Male,Södertälje
418,Nissie,Kemmis,nkemmisbl@psu.edu,Female,Pedra Azul
419,Major,Cumber,mcumberbm@amazon.co.uk,Male,Amiens
420,Saidee,Omar,somarbn@t-online.de,Female,Warlubie
421,Ambros,Gowers,agowersbo@va.gov,Male,Mondorf-les-Bains
422,Catharina,Yves,cyvesbp@prlog.org,Non-binary,Bibirevo
423,Garry,Kubal,gkubalbq@wikimedia.org,Male,Pamplona/Iruña
424,Levon,Horley,lhorleybr@businessinsider.com,Male,Saky
425,Knox,Yoxall,kyoxallbs@hatena.ne.jp,Male,Pingfeng
426,Westleigh,Galliford,wgallifordbt@lycos.com,Male,Proletar
427,Rufe,Whitcomb,rwhitcombbu@theatlantic.com,Male,Shaoguan
428,Morton,Snelman,msnelmanbv@archive.org,Male,Jiaze
429,Glenn,Tulloch,gtullochbw@oracle.com,Male,Bayasgalant
430,Tibold,Lawlings,tlawlingsbx@odnoklassniki.ru,Male,Girón
431,Kirsti,Stute,kstuteby@wikispaces.com,Female,Tucdao
432,Jehanna,Wintersgill,jwintersgillbz@cam.ac.uk,Female,Bolderaja
433,Leena,Alans,lalansc0@ed.gov,Female,Songshi
434,Marietta,Jacobowits,mjacobowitsc1@mapquest.com,Male,Sangallaya
435,Lou,Fishpond,lfishpondc2@unesco.org,Bigender,Sindangsari
436,Shayla,MacArthur,smacarthurc3@nhs.uk,Female,Stockholm
437,Gardner,Crinidge,gcrinidgec4@gov.uk,Male,Cibuah
438,Ally,Dey,adeyc5@nasa.gov,Genderqueer,Tasovčići
439,Goldi,Eastam,geastamc6@blogtalkradio.com,Female,Erenhot
440,Olympe,Friedank,ofriedankc7@usnews.com,Female,Huating
441,Rosanna,Atherley,ratherleyc8@businessweek.com,Female,Hanlin
442,Marve,Greyes,mgreyesc9@csmonitor.com,Male,Sychëvo
443,Bram,Piegrome,bpiegromeca@blogs.com,Male,Arţās
444,Bart,Skellen,bskellencb@state.tx.us,Male,Lilin Satu
445,Gerard,Loos,glooscc@reference.com,Male,Unden
446,Leigh,Wheway,lwhewaycd@booking.com,Female,Lawa-an
447,Zorana,Edling,zedlingce@tumblr.com,Non-binary,Cuenca
448,Lyon,Farloe,lfarloecf@umn.edu,Male,Vitarte
449,Regine,Beeze,rbeezecg@reverbnation.com,Female,Ipuh
450,Claire,Matczak,cmatczakch@multiply.com,Agender,Jiale
451,Angelika,Shedd,asheddci@google.de,Female,Lorena
452,Johannes,Calyton,jcalytoncj@china.com.cn,Male,Krzyżanów
453,Harald,Oldaker,holdakerck@ftc.gov,Male,Oro Timur
454,Clementine,Hibbart,chibbartcl@slideshare.net,Female,Riberalta
455,Rem,Randles,rrandlescm@disqus.com,Male,Hukou
456,Meagan,Lowless,mlowlesscn@intel.com,Female,Maastricht
457,Christian,Purshouse,cpurshouseco@smh.com.au,Male,Paojan
458,Marci,Mayward,mmaywardcp@squidoo.com,Agender,Bétérou
459,Maribelle,Van Leeuwen,mvanleeuwencq@wp.com,Female,Shagamu
460,Mickie,Bester,mbestercr@themeforest.net,Bigender,Praia Grande
461,Ivar,Dumphrey,idumphreycs@squarespace.com,Male,Jardia
462,Thorstein,Yanuk,tyanukct@skype.com,Male,Kamen’-na-Obi
463,Shel,McMurtyr,smcmurtyrcu@telegraph.co.uk,Female,Huating
464,Leonelle,Narraway,lnarrawaycv@phoca.cz,Female,Mogi Mirim
465,Nathaniel,Moncur,nmoncurcw@over-blog.com,Male,Sainte-Luce-sur-Loire
466,Martin,Ibeson,mibesoncx@histats.com,Male,Dugulubgey
467,Rebe,Connachan,rconnachancy@creativecommons.org,Female,Raleigh
468,Simeon,Scroxton,sscroxtoncz@techcrunch.com,Male,Shuangjing
469,Brody,Edgeley,bedgeleyd0@oaic.gov.au,Male,Jojoima
470,Elbertine,Sant,esantd1@ocn.ne.jp,Female,Bebedouro
471,Nadia,Godding,ngoddingd2@howstuffworks.com,Female,Montgomery
472,Dianne,Meach,dmeachd3@dion.ne.jp,Female,Aix-en-Provence
473,Hall,Pocknoll,hpocknolld4@sogou.com,Male,Puerto Asís
474,Sela,Smithe,ssmithed5@rambler.ru,Female,Nggalak
475,Chelsy,Drewes,cdrewesd6@dailymail.co.uk,Female,Dawu Chengguanzhen
476,Cort,Boustred,cboustredd7@huffingtonpost.com,Male,Ribnica na Pohorju
477,Vern,Sillars,vsillarsd8@deviantart.com,Male,Pataha
478,Trixi,Nunn,tnunnd9@cpanel.net,Female,Pietermaritzburg
479,Sharl,Bonsall,sbonsallda@tiny.cc,Female,Теарце
480,Danya,Wogan,dwogandb@fema.gov,Male,Jianshe
481,Shelley,Prinnett,sprinnettdc@lycos.com,Genderfluid,Liwu
482,Darwin,Hearsey,dhearseydd@auda.org.au,Male,Higashimurayama-shi
483,Roldan,Walbrook,rwalbrookde@toplist.cz,Male,Zuru
484,Yankee,Steinson,ysteinsondf@smugmug.com,Male,Kenarilang
485,Yoshi,Stoney,ystoneydg@pagesperso-orange.fr,Female,Limoges
486,Emmerich,Surgeoner,esurgeonerdh@php.net,Male,Liquica
487,Michael,Delacourt,mdelacourtdi@parallels.com,Male,Bordeaux
488,Hakeem,Martinek,hmartinekdj@cdc.gov,Male,Xinhua
489,Oberon,Scollick,oscollickdk@photobucket.com,Male,Suodenniemi
490,Irma,Yarnold,iyarnolddl@trellian.com,Female,Hwasun
491,Tilly,Meads,tmeadsdm@opensource.org,Female,Quipot
492,Sigismondo,Stuchburie,sstuchburiedn@cornell.edu,Male,Migrate
493,Fredi,Fenkel,ffenkeldo@noaa.gov,Female,Maharagama
494,Bogart,Smaling,bsmalingdp@nasa.gov,Male,Zhoushan
495,Megen,Charrington,mcharringtondq@chronoengine.com,Female,Las Toscas
496,Obadiah,Stanfield,ostanfielddr@csmonitor.com,Non-binary,Tarsouat
497,Tammie,Gyppes,tgyppesds@accuweather.com,Male,Rio Brilhante
498,Teresita,Poznan,tpoznandt@china.com.cn,Agender,Shuiting
499,Aldon,Kullmann,akullmanndu@jalbum.net,Male,Baryshevo
500,Donella,Rieme,driemedv@ed.gov,Female,Parkent
501,Catie,Pudsall,cpudsalldw@i2i.jp,Female,Lianyun
502,Dedra,De la Yglesias,ddelayglesiasdx@gravatar.com,Female,New Bedford
503,Gale,Mertgen,gmertgendy@yelp.com,Female,Independencia
504,Florentia,Giacomini,fgiacominidz@prlog.org,Female,Iktābah
505,Nev,Elnor,nelnore0@fda.gov,Male,Haumeni
506,Templeton,Docharty,tdochartye1@indiegogo.com,Male,Týrnavos
507,Ronny,Darrell,rdarrelle2@oaic.gov.au,Male,Talok
508,Nathan,McGillecole,nmcgillecolee3@wikispaces.com,Male,Abū Qalqal
509,Pauli,Iacofo,piacofoe4@tinyurl.com,Female,Hyrynsalmi
510,Yolanda,Pearn,ypearne5@fotki.com,Female,Lianozovo
511,Cindelyn,Atte-Stone,cattestonee6@zimbio.com,Female,Jazovo
512,Seline,Starkie,sstarkiee7@aol.com,Female,Mieszkowice
513,Sande,Vader,svadere8@purevolume.com,Female,Algeciras
514,Lia,Tym,ltyme9@wikipedia.org,Female,Zaragoza
515,Chane,Benting,cbentingea@odnoklassniki.ru,Male,Bowen Island
516,Anjela,O'Corrigane,aocorriganeeb@t.co,Female,Dawu
517,Lee,Snoad,lsnoadec@topsy.com,Female,Riangblolong
518,Phillipp,Kuhlen,pkuhlened@webs.com,Male,Juuka
519,Saleem,Huegett,shuegettee@yellowpages.com,Male,Åby
520,Barb,Spencook,bspencookef@state.gov,Polygender,Soledad
521,Merrily,Cassidy,mcassidyeg@cbsnews.com,Female,Zalantun
522,Ansell,Ambrogini,aambroginieh@japanpost.jp,Male,San Francisco
523,Agatha,Shelley,ashelleyei@unesco.org,Female,Utama Wetan
524,Rickert,Bebbington,rbebbingtonej@macromedia.com,Male,Longwy
525,Pattie,Cohani,pcohaniek@nps.gov,Female,Virden
526,Sterling,Struys,sstruysel@slashdot.org,Male,Dizangué
527,Kermie,Manis,kmanisem@sina.com.cn,Male,Kezilei
528,Danit,Westoll,dwestollen@spotify.com,Polygender,Czerwionka-Leszczyny
529,Berti,Sercombe,bsercombeeo@discovery.com,Genderqueer,Viking
530,Guthrey,Bradfield,gbradfieldep@dropbox.com,Male,Zibreira
531,Etienne,Czaja,eczajaeq@sitemeter.com,Male,Ábidos
532,Umberto,Marc,umarcer@sourceforge.net,Male,San Mariano
533,Eloisa,Fray,efrayes@illinois.edu,Female,Lucan
534,Lu,Scotchmoor,lscotchmooret@zimbio.com,Female,Trairi
535,Cassandry,Steinhammer,csteinhammereu@craigslist.org,Agender,Yinglong
536,Ernestine,Loveredge,eloveredgeev@ebay.com,Female,Xinghai
537,Jill,Tomovic,jtomovicew@youku.com,Female,Paringin
538,Edan,Stanyforth,estanyforthex@imageshack.us,Male,Galaz
539,Gaelan,Osselton,gosseltoney@hhs.gov,Male,Las Breñas
540,Terence,Collie,tcollieez@eventbrite.com,Male,Al Jumūm
541,Brittney,Heindl,bheindlf0@pcworld.com,Female,Pagarbatu
542,Griz,Eayres,geayresf1@phpbb.com,Male,La Cruz de Taratara
543,Sven,Adaway,sadawayf2@cyberchimps.com,Male,Jianxi
544,Saxe,Gilsthorpe,sgilsthorpef3@google.co.uk,Male,Châteaurenard
545,Alain,Hartshorn,ahartshornf4@gmpg.org,Male,Baiquan
546,Janean,Bugbee,jbugbeef5@tinyurl.com,Female,La Talaudière
547,Stefa,Ledes,sledesf6@theatlantic.com,Non-binary,Riobamba
548,Ignacius,Birtonshaw,ibirtonshawf7@reference.com,Male,Skuhrov nad Bělou
549,Hall,Humpage,hhumpagef8@eepurl.com,Male,Laško
550,Jamey,Thormwell,jthormwellf9@thetimes.co.uk,Male,Sundbyberg
551,Baldwin,O'Brogan,bobroganfa@shinystat.com,Male,Manay
552,Patrick,Capaldo,pcapaldofb@people.com.cn,Male,Louisville
553,Justinn,Lancaster,jlancasterfc@yellowbook.com,Female,Yunshan
554,Con,Thunders,cthundersfd@deviantart.com,Male,Marseille
555,Fonz,McBrearty,fmcbreartyfe@google.com,Genderfluid,Cantuk Kidul
556,Georgeta,Sutliff,gsutliffff@businessweek.com,Female,Modakeke
557,Skelly,Hamments,shammentsfg@pen.io,Male,Novo Horizonte
558,Sukey,Cringle,scringlefh@cafepress.com,Female,Cakran
559,Katuscha,Halston,khalstonfi@google.com.au,Female,Rabak
560,Sayre,Reffe,sreffefj@ezinearticles.com,Female,Yidu
561,Ansley,Shelvey,ashelveyfk@sphinn.com,Bigender,Sorochinsk
562,Dulcia,Waterhowse,dwaterhowsefl@ft.com,Female,Ad Dilam
563,Claudette,Caras,ccarasfm@shareasale.com,Female,Kota Bharu
564,Guillaume,Struss,gstrussfn@sina.com.cn,Male,Guixi
565,Christy,Pirson,cpirsonfo@psu.edu,Male,Mosjøen
566,Madelyn,Beckhurst,mbeckhurstfp@ask.com,Female,Yylanly
567,Jennie,Gymblett,jgymblettfq@about.me,Female,Bontang
568,Geno,Jurek,gjurekfr@theguardian.com,Male,Jiaxian Chengguanzhen
569,Jo,Woodwind,jwoodwindfs@diigo.com,Female,Pampa del Infierno
570,Cedric,Bossom,cbossomft@storify.com,Male,Yelenendorf
571,Sande,Mackriell,smackriellfu@myspace.com,Female,Petaling Jaya
572,Wood,Mattiazzi,wmattiazzifv@vk.com,Male,San Diego
573,Ethelbert,Paolinelli,epaolinellifw@nps.gov,Male,Ryūō
574,Elva,Crocket,ecrocketfx@noaa.gov,Female,Wuxiang
575,Raleigh,Pitcock,rpitcockfy@instagram.com,Male,Vailoa
576,Philippine,Parslow,pparslowfz@t.co,Female,Taypano
577,Madelon,Zini,mzinig0@amazon.co.uk,Female,Balong
578,Valene,MacGhee,vmacgheeg1@people.com.cn,Female,Katabu
579,Ingunna,Boshell,iboshellg2@goo.ne.jp,Female,Mesopotam
580,Abbey,Stuther,astutherg3@shinystat.com,Male,Karangpaningal
581,Doyle,D'Arrigo,ddarrigog4@photobucket.com,Non-binary,Hougong
582,Lily,Tremblet,ltrembletg5@abc.net.au,Polygender,Petrolera
583,Gardner,Measor,gmeasorg6@oracle.com,Male,Grabovci
584,Aldis,Spinage,aspinageg7@ed.gov,Male,Tqibuli
585,Marna,Navan,mnavang8@senate.gov,Female,Chengji
586,Ignacius,McLellan,imclellang9@sohu.com,Male,Annotto Bay
587,Simone,Daviot,sdaviotga@sourceforge.net,Female,Zhongxian
588,Glenna,Benne,gbennegb@whitehouse.gov,Female,Baloc
589,Blakeley,Verson,bversongc@mashable.com,Female,Ijuí
590,Timmi,Tuma,ttumagd@mayoclinic.com,Female,Szczerbice
591,Binnie,Astman,bastmange@t-online.de,Female,Devin
592,Kelci,Wondraschek,kwondraschekgf@ucoz.ru,Female,Mundolsheim
593,Charissa,Zorer,czorergg@dropbox.com,Female,Göteborg
594,Lorilyn,Laborda,llabordagh@oakley.com,Female,Hejiayan
595,Willdon,Frascone,wfrasconegi@sun.com,Male,Banjar Tengah
596,Rikki,Muehler,rmuehlergj@slideshare.net,Bigender,Syriam
597,Arabella,Windridge,awindridgegk@sakura.ne.jp,Female,Kryvichy
598,Alexia,Beaston,abeastongl@networksolutions.com,Polygender,Jiqu
599,Valentia,Stedman,vstedmangm@ed.gov,Female,Hoàn Kiếm
600,Lorrie,Bacup,lbacupgn@addtoany.com,Female,Pehčevo
601,Evangelina,Dayment,edaymentgo@hatena.ne.jp,Female,Ängelholm
602,Natalya,Lyons,nlyonsgp@umn.edu,Female,Mkiriwadjumoi
603,Daniele,Grosvenor,dgrosvenorgq@japanpost.jp,Female,Porto Martins
604,Wilfrid,Cumesky,wcumeskygr@canalblog.com,Male,Huayuanli
605,Mendel,Brikner,mbriknergs@desdev.cn,Male,Waitangi
606,Elbertina,Cappell,ecappellgt@mlb.com,Female,Złota
607,Philipa,Cottle,pcottlegu@sciencedaily.com,Female,Le Mans
608,Thaddeus,Advani,tadvanigv@flickr.com,Genderfluid,Amagi
609,Gwen,Cromack,gcromackgw@yahoo.com,Female,Kislyakovskaya
610,Guthry,Passmore,gpassmoregx@furl.net,Genderfluid,Yichun
611,Oberon,Serginson,oserginsongy@mail.ru,Male,Ubinskoye
612,Lily,Pappi,lpappigz@tamu.edu,Female,Arendal
613,Gratiana,Gridley,ggridleyh0@latimes.com,Female,Hushan
614,Marty,Kordova,mkordovah1@phoca.cz,Male,Magan
615,Vernor,Summerlie,vsummerlieh2@engadget.com,Male,Erping
616,Dorry,Laidel,dlaidelh3@opensource.org,Female,Aykhal
617,Cara,Fairburne,cfairburneh4@globo.com,Female,Sabana Grande de Palenque
618,Clarance,Jacquemy,cjacquemyh5@nba.com,Male,Kassándreia
619,Duke,Congreve,dcongreveh6@buzzfeed.com,Male,Bel Air Rivière Sèche
620,Salomi,Son,ssonh7@sourceforge.net,Genderqueer,Senahú
621,Rosetta,Cochrane,rcochraneh8@wikispaces.com,Female,Tangtu
622,Marc,Klulisek,mklulisekh9@hugedomains.com,Male,Senduro
623,Gaston,Blench,gblenchha@thetimes.co.uk,Male,Guojia
624,Arlyn,Yeoland,ayeolandhb@shinystat.com,Polygender,Linköping
625,Avis,Troak,atroakhc@ft.com,Female,Härnösand
626,Martita,Kleinerman,mkleinermanhd@slate.com,Female,Borlänge
627,Kristo,Maskrey,kmaskreyhe@booking.com,Male,Port-de-Paix
628,Val,Woolmington,vwoolmingtonhf@ted.com,Female,Kwakoa
629,Puff,Satyford,psatyfordhg@google.com.au,Male,Kyŏngsŏng
630,Nert,Hugill,nhugillhh@merriam-webster.com,Polygender,Xiaochuan
631,Rouvin,Rainy,rrainyhi@archive.org,Male,Sainyabuli
632,Shayna,Danielkiewicz,sdanielkiewiczhj@google.fr,Female,Springfield
633,Hilary,Pinfold,hpinfoldhk@businessinsider.com,Female,Zawiya
634,Electra,Rawlyns,erawlynshl@ucla.edu,Female,Youlongchuan
635,Hamil,Duxbarry,hduxbarryhm@dedecms.com,Male,Boshan
636,Ahmad,Ten Broek,atenbroekhn@ucla.edu,Male,Bansalan
637,Zebadiah,Hedman,zhedmanho@mapy.cz,Male,Linglu
638,Jillie,Glendining,jglendininghp@digg.com,Female,Santa Lucía
639,Daniele,Zincke,dzinckehq@nifty.com,Female,Margasana
640,Chrisse,Wickwarth,cwickwarthhr@hubpages.com,Male,Novokuz’minki
641,Delmer,Ditchett,dditchetths@statcounter.com,Male,Emmaboda
642,Thekla,Backshell,tbackshellht@histats.com,Female,Qiubin
643,Natalya,Tasseler,ntasselerhu@washington.edu,Female,Nobeoka
644,Wrennie,Firks,wfirkshv@constantcontact.com,Female,Nakhon Chai Si
645,Mozes,Huggard,mhuggardhw@mayoclinic.com,Polygender,Quilmes
646,Otho,Lowson,olowsonhx@seesaa.net,Male,Cirangrang
647,Rafaello,Rubinovitsch,rrubinovitschhy@ifeng.com,Male,Guiset East
648,Frances,Tesoe,ftesoehz@go.com,Female,Tobruk
649,Krishna,Ditzel,kditzeli0@wp.com,Male,Shuanglong
650,Mick,Torbet,mtorbeti1@barnesandnoble.com,Male,Āsmār
651,Fanchon,Bleas,fbleasi2@g.co,Female,Cipatujah
652,Jillayne,Guite,jguitei3@ihg.com,Female,Fao Rai
653,Aldridge,Suscens,asuscensi4@ft.com,Male,Sabanalarga
654,Mellie,Kupper,mkupperi5@cam.ac.uk,Female,Kedungharjo
655,Agosto,Livezey,alivezeyi6@marketwatch.com,Male,Cumadcad
656,Danielle,Handasyde,dhandasydei7@addthis.com,Female,Bayt Ta‘mar
657,Mack,Kesterton,mkestertoni8@yelp.com,Male,Ryazan’
658,Gaile,Marrow,gmarrowi9@umich.edu,Male,Jiuxian
659,Andrey,Thunderman,athundermania@europa.eu,Male,Virginia Beach
660,Arline,Ravel,aravelib@china.com.cn,Female,Takasaki
661,Morlee,Newlands,mnewlandsic@ifeng.com,Male,Tramandaí
662,York,Wands,ywandsid@exblog.jp,Male,Huangjiazhai
663,Foster,Vitall,fvitallie@nymag.com,Male,Bandaragung
664,Hedi,Waddie,hwaddieif@tmall.com,Female,Sotomayor
665,Egan,Arter,earterig@uiuc.edu,Male,Shimokizukuri
666,Morganne,Instrell,minstrellih@wix.com,Female,Jalālpur
667,Myrwyn,Slatford,mslatfordii@seesaa.net,Male,Deje
668,Krishna,Elward,kelwardij@over-blog.com,Male,Honoria
669,Nananne,Richter,nrichterik@ucla.edu,Female,Ol’ginka
670,Durand,Clark,dclarkil@ca.gov,Male,Báguanos
671,Phil,Clynter,pclynterim@ehow.com,Female,San Roque
672,Janka,Pessold,jpessoldin@multiply.com,Female,Bāfq
673,Allister,Crilley,acrilleyio@wordpress.com,Male,Luofang
674,Brennan,Najera,bnajeraip@yale.edu,Male,Ceuta
675,Georgie,Vauter,gvauteriq@latimes.com,Male,Ariguaní
676,Lorne,Dudhill,ldudhillir@com.com,Female,Sumilao
677,Lisetta,Hurdman,lhurdmanis@slate.com,Female,Condega
678,Barnie,Nuzzetti,bnuzzettiit@sogou.com,Male,Nidek
679,Melania,Whiskin,mwhiskiniu@digg.com,Genderfluid,Campanário
680,Dedra,Pardue,dpardueiv@prweb.com,Female,San Bernardino
681,Tilda,Mobberley,tmobberleyiw@amazonaws.com,Female,Yangqiao
682,Brandy,Bracher,bbracherix@redcross.org,Female,Nor Gyugh
683,Garwin,Menguy,gmenguyiy@jiathis.com,Male,Jijiazhuang
684,Eustacia,Miners,eminersiz@abc.net.au,Female,Zhenjiang
685,Martelle,Devigne,mdevignej0@1und1.de,Female,Khilok
686,Jillene,Grayne,jgraynej1@google.it,Female,Galátsi
687,Tiffani,Canaan,tcanaanj2@sun.com,Female,Videm pri Ptuju
688,Sena,Kitt,skittj3@wp.com,Female,Biryulëvo
689,Port,Pluck,ppluckj4@bandcamp.com,Male,Sirari
690,Efrem,Bruneton,ebrunetonj5@archive.org,Male,Tonosí
691,Tillie,Getley,tgetleyj6@paypal.com,Female,Los Aquijes
692,Christy,Flatt,cflattj7@xing.com,Male,Chenji
693,Gris,Hylden,ghyldenj8@issuu.com,Male,Beishan
694,Laverna,McGinley,lmcginleyj9@github.com,Female,Chiquinquirá
695,Madelon,Scane,mscaneja@biglobe.ne.jp,Female,Anling
696,Raynor,Dimitrie,rdimitriejb@spiegel.de,Male,La Unión
697,Eugenius,Obeney,eobeneyjc@jimdo.com,Male,Sanxi
698,Brennan,Bumford,bbumfordjd@fotki.com,Bigender,Ust-Kamenogorsk
699,Bear,Gosden,bgosdenje@hc360.com,Male,Genet
700,Denyse,Faucherand,dfaucherandjf@naver.com,Female,Mahendranagar
701,Lyssa,Yerborn,lyerbornjg@wix.com,Female,Maicao
702,Millicent,Gudeman,mgudemanjh@cocolog-nifty.com,Female,Longhuashan
703,Franzen,Wolfenden,fwolfendenji@sohu.com,Male,Huya
704,Yoko,Stych,ystychjj@mozilla.org,Female,Muzhijie
705,Cash,Kittredge,ckittredgejk@howstuffworks.com,Male,Manassas
706,Chariot,Oneill,coneilljl@blog.com,Male,Hongkeli
707,Barbaraanne,Houseman,bhousemanjm@xrea.com,Female,Pakuwon
708,Aubry,Jannasch,ajannaschjn@ehow.com,Non-binary,Senadan
709,Alessandro,Donavan,adonavanjo@vistaprint.com,Male,Tân Kỳ
710,Emmanuel,Hedge,ehedgejp@seattletimes.com,Male,Skomielna Czarna
711,Kirby,Wrightham,kwrighthamjq@tmall.com,Male,Nawu
712,Grove,Sandaver,gsandaverjr@surveymonkey.com,Male,Otuzco
713,Marve,Danels,mdanelsjs@tinypic.com,Male,Taltal
714,Jacqueline,Jouanet,jjouanetjt@ask.com,Female,Arys
715,Josiah,Spurman,jspurmanju@naver.com,Male,Looc
716,Theda,Luard,tluardjv@github.io,Female,Tyresö
717,Kort,Kix,kkixjw@adobe.com,Male,Nangaroro
718,Carita,Beilby,cbeilbyjx@google.es,Female,Guantouzui
719,Ev,McArthur,emcarthurjy@ning.com,Agender,Liangyaping
720,Stanley,Lots,slotsjz@newyorker.com,Male,Orito
721,Romonda,Strahan,rstrahank0@twitter.com,Female,Xibali
722,Berta,Sego,bsegok1@canalblog.com,Female,Sosándra
723,Ashien,Thiese,athiesek2@google.pl,Female,Falāvarjān
724,Langston,Lecount,llecountk3@cisco.com,Male,Lebak
725,Karel,Merriton,kmerritonk4@liveinternet.ru,Female,Omišalj
726,Caroline,Pennicott,cpennicottk5@blogs.com,Female,Mutengene
727,Ringo,Chatell,rchatellk6@eepurl.com,Male,Rizómilos
728,Charlie,Twiggs,ctwiggsk7@answers.com,Male,Bayanbulag
729,Fania,Alaway,falawayk8@pinterest.com,Female,Orléans
730,Wilhelmina,Raun,wraunk9@nhs.uk,Female,Poddębice
731,Burt,Lefever,blefeverka@msu.edu,Male,Dalmeny
732,Bryan,Oulet,bouletkb@eventbrite.com,Male,Charlottenberg
733,Deloria,Plowes,dploweskc@addtoany.com,Female,Kamen
734,Garrik,Sawday,gsawdaykd@tripod.com,Male,Alcáçovas
735,Karna,Harme,kharmeke@telegraph.co.uk,Female,Wuli
736,Alysia,Vicioso,aviciosokf@drupal.org,Genderfluid,Baiguan
737,Anson,Earney,aearneykg@who.int,Bigender,Longxian
738,Rani,Dohmann,rdohmannkh@altervista.org,Female,Rantau
739,Eula,Marquet,emarquetki@ucsd.edu,Female,Tongole
740,Tildie,Rawlyns,trawlynskj@theguardian.com,Female,Pinggirsari
741,Scarlet,Bronot,sbronotkk@trellian.com,Female,Washington
742,Blane,Erdis,berdiskl@tumblr.com,Genderqueer,Mbalmayo
743,Petra,Romke,promkekm@freewebs.com,Female,Bluefields
744,Roberto,Ferry,rferrykn@istockphoto.com,Genderfluid,Xianshui
745,Gwendolyn,Telling,gtellingko@51.la,Female,Mexico
746,Briggs,Cowtherd,bcowtherdkp@networksolutions.com,Male,Quartier Militaire
747,Ronica,Redmond,rredmondkq@mysql.com,Female,Fulnek
748,Arabelle,Peyto,apeytokr@state.tx.us,Female,Louguan
749,Arnuad,Sissland,asisslandks@myspace.com,Male,København
750,Fanni,MacQueen,fmacqueenkt@ted.com,Female,Jagabaya Dua
751,Darin,Moakler,dmoaklerku@goo.gl,Male,Nugas
752,Jobye,Fullerlove,jfullerlovekv@chron.com,Female,Aktogay
753,Letty,Harpham,lharphamkw@liveinternet.ru,Female,Marataizes
754,Ashli,Skelhorn,askelhornkx@intel.com,Female,Selaparang Timur
755,Carry,Jereatt,cjereattky@nationalgeographic.com,Female,Pégeia
756,Mattias,Delmonti,mdelmontikz@fastcompany.com,Male,Pensacola
757,Margaret,Padden,mpaddenl0@europa.eu,Female,Paratunka
758,Konstantine,Harrowsmith,kharrowsmithl1@jimdo.com,Male,Jinhe
759,Ruby,Perrins,rperrinsl2@rediff.com,Male,Pongkor
760,Derrick,Jolley,djolleyl3@over-blog.com,Male,Pyšely
761,Derron,Stancliffe,dstancliffel4@patch.com,Male,Chvalšiny
762,Tris,Ocklin,tocklinl5@wufoo.com,Male,Pérama
763,Vina,Brandenburg,vbrandenburgl6@youtu.be,Female,Vogan
764,Fancy,Graalmans,fgraalmansl7@pen.io,Female,Funchalinho
765,Zorah,Sweeten,zsweetenl8@pagesperso-orange.fr,Female,Jose Maria Morelos
766,Gweneth,Dawidowitz,gdawidowitzl9@seesaa.net,Female,Sokodé
767,Angel,Yirrell,ayirrellla@reddit.com,Male,Latung
768,Hubie,Plant,hplantlb@cnbc.com,Male,Bobonan
769,Lexis,Shedd,lsheddlc@who.int,Female,Honolulu
770,Andres,Crosseland,acrosselandld@booking.com,Male,Quiaios
771,Sheila,Sabben,ssabbenle@google.com,Female,Wosai
772,Gage,Mordie,gmordielf@senate.gov,Male,Vrakháti
773,Selby,Lelliott,slelliottlg@nature.com,Male,Belém
774,Terrill,Geraghty,tgeraghtylh@exblog.jp,Genderqueer,Jiawu
775,Fayina,de Villier,fdevillierli@virginia.edu,Female,Krasnyy Luch
776,Pearce,Blinde,pblindelj@salon.com,Male,Drásov
777,Dani,Mingey,dmingeylk@seesaa.net,Female,Nantes
778,Lin,Manion,lmanionll@lulu.com,Female,Niedercorn
779,Claudell,Lendon,clendonlm@google.cn,Male,Dukoh
780,Marta,Ellington,mellingtonln@usatoday.com,Female,Koski Tl
781,Esme,Godby,egodbylo@hp.com,Male,Yakovlevo
782,Sheree,Pagen,spagenlp@kickstarter.com,Female,Titay
783,Blane,Hicks,bhickslq@naver.com,Male,Las Toscas
784,Hollyanne,Derricoat,hderricoatlr@miibeian.gov.cn,Female,Santo Amaro da Imperatriz
785,Cecilia,Kamienski,ckamienskils@ovh.net,Female,Santiago dos Velhos
786,Janene,Goor,jgoorlt@goo.ne.jp,Female,Gongxi
787,Hillary,Frisch,hfrischlu@google.de,Female,Khursā
788,Cherey,Spain,cspainlv@seesaa.net,Female,Huanan
789,Loydie,Dwerryhouse,ldwerryhouselw@hatena.ne.jp,Male,Ducheng
790,Clarence,Archbald,carchbaldlx@aol.com,Male,Tabuc Pontevedra
791,Patton,Fawdry,pfawdryly@dmoz.org,Male,Pandean
792,Melesa,Naire,mnairelz@adobe.com,Female,Nara-shi
793,Constantina,Tinson,ctinsonm0@ow.ly,Female,Świecie nad Osą
794,Kaylyn,Guise,kguisem1@hatena.ne.jp,Female,Nikinci
795,Stearn,Skitt,sskittm2@ox.ac.uk,Male,Curitibanos
796,Tim,Poetz,tpoetzm3@gravatar.com,Female,Rouen
797,Catherin,Dufore,cduforem4@arizona.edu,Female,Santo Domingo
798,Kirbee,Raincin,kraincinm5@baidu.com,Female,Sâmraông
799,Elora,Doge,edogem6@pinterest.com,Female,Seiça
800,Kiel,Piletic,kpileticm7@myspace.com,Male,Sidomulyo
801,Louisette,Harvatt,lharvattm8@theglobeandmail.com,Female,Baiquan
802,Arch,McCaster,amccasterm9@economist.com,Male,Bi’r Ḩāt
803,Patrizius,Garrould,pgarrouldma@amazon.com,Male,Garies
804,Peirce,Syme,psymemb@nbcnews.com,Male,Sarnów
805,Lay,Comber,lcombermc@hugedomains.com,Male,Shuangpengxi
806,Alix,McMickan,amcmickanmd@army.mil,Female,Dolores
807,Susana,MacMoyer,smacmoyerme@whitehouse.gov,Non-binary,Meia Via
808,Abbie,Abrahim,aabrahimmf@time.com,Male,Bŭstonqal’a
809,Jeremie,Robertshaw,jrobertshawmg@is.gd,Male,Bascaron
810,Elana,Iltchev,eiltchevmh@abc.net.au,Female,Lubochnia
811,Odell,Tingley,otingleymi@godaddy.com,Male,Huaraz
812,Taber,Messruther,tmessruthermj@feedburner.com,Male,Morong
813,Hubey,Trevascus,htrevascusmk@msn.com,Male,Khvānsār
814,Giffy,Cayford,gcayfordml@quantcast.com,Male,Mérignac
815,Ainsley,Bunston,abunstonmm@sciencedirect.com,Female,Baláo
816,Dex,Lisimore,dlisimoremn@free.fr,Male,Montgomery
817,Ryun,Tembey,rtembeymo@hibu.com,Male,Qingban
818,Celle,Berwick,cberwickmp@patch.com,Female,Llipa
819,Alejandrina,Vondrys,avondrysmq@soup.io,Female,Baoyou
820,Shurlock,Belone,sbelonemr@exblog.jp,Male,Las Vegas
821,Cynthea,Sager,csagerms@goo.gl,Female,Lynchburg
822,Analiese,Fraschetti,afraschettimt@issuu.com,Female,Samanco
823,Marcela,Oxx,moxxmu@europa.eu,Female,Mailag
824,Madelle,Halse,mhalsemv@intel.com,Female,Cha’anpu
825,Harriot,Flohard,hflohardmw@cbsnews.com,Female,Larache
826,Cesya,Mc Ilwrick,cmcilwrickmx@discuz.net,Female,Anren
827,Roth,Gresswood,rgresswoodmy@bloglovin.com,Male,Sredno Konjare
828,Winslow,Philippon,wphilipponmz@npr.org,Male,Mem Martins
829,Darnell,Blincow,dblincown0@barnesandnoble.com,Male,Qingxi
830,Leland,Buzine,lbuzinen1@ftc.gov,Male,Burunday
831,Augie,Trewman,atrewmann2@taobao.com,Male,Borūjen
832,Lars,Coopper,lcooppern3@bing.com,Male,Thai Charoen
833,Pembroke,Munn,pmunnn4@latimes.com,Male,Funchal
834,Kaycee,Dwerryhouse,kdwerryhousen5@comcast.net,Female,Tacoma
835,Alicia,Sleit,asleitn6@shutterfly.com,Female,Panino
836,Ashia,Chaundy,achaundyn7@discovery.com,Agender,Barretos
837,Neron,Dispencer,ndispencern8@time.com,Male,El Rosario
838,Egan,de Banke,edebanken9@arstechnica.com,Male,Saint-Flour
839,Otho,Peace,opeacena@wiley.com,Male,Ihosy
840,Steven,Ivanaev,sivanaevnb@cbsnews.com,Male,Aleksandrovsk-Sakhalinskiy
841,Homere,Blackbrough,hblackbroughnc@wp.com,Male,Chendian
842,Alonzo,Mirfield,amirfieldnd@dmoz.org,Agender,Jiangkou
843,Mikael,Le Franc,mlefrancne@china.com.cn,Male,Citeureup
844,Jermaine,Quinlan,jquinlannf@fda.gov,Agender,Carvalhais
845,Anton,Treby,atrebyng@reuters.com,Male,Xingou
846,Rhianon,Ahrens,rahrensnh@nydailynews.com,Female,Rimpakgede
847,Jeane,Broadley,jbroadleyni@indiegogo.com,Female,Talisay
848,Ingaberg,Sanham,isanhamnj@t-online.de,Female,Jiangqiao
849,Von,Dumphrey,vdumphreynk@exblog.jp,Male,Sulahan
850,Fidela,Dooly,fdoolynl@smh.com.au,Female,Ivot
851,Edward,Brogden,ebrogdennm@cpanel.net,Male,Kaynardzha
852,Nappy,Itzhak,nitzhaknn@cdbaby.com,Male,Guankou
853,Wait,Bome,wbomeno@google.es,Male,Fulnek
854,Marmaduke,Jenny,mjennynp@samsung.com,Male,Mhlambanyatsi
855,Ruby,Lothean,rlotheannq@google.fr,Female,Dongyu
856,Bendite,Sealeaf,bsealeafnr@yellowpages.com,Female,Ochla
857,Hannah,Truder,htruderns@blogtalkradio.com,Female,Portão
858,Sid,Brosnan,sbrosnannt@cmu.edu,Male,Khuzhir
859,Dehlia,Coweuppe,dcoweuppenu@yolasite.com,Female,Mangochi
860,Krisha,Wattinham,kwattinhamnv@nbcnews.com,Male,Qulai
861,Collin,Whall,cwhallnw@techcrunch.com,Male,Marseille
862,Marcella,Hatch,mhatchnx@php.net,Female,Mogi Guaçu
863,Katey,Wackly,kwacklyny@furl.net,Female,Linköping
864,Blakeley,Dudin,bdudinnz@prnewswire.com,Female,Brusque
865,Galina,Moorrud,gmoorrudo0@jimdo.com,Female,Ban Phue
866,Carny,Scanderet,cscandereto1@netvibes.com,Male,Campo Quijano
867,Maris,Healing,mhealingo2@hugedomains.com,Female,Alzamay
868,Korey,Salomon,ksalomono3@fda.gov,Male,Bethlehem
869,Osbert,Gilhespy,ogilhespyo4@github.com,Male,Stockholm
870,Jeramey,De Ambrosis,jdeambrosiso5@t-online.de,Male,Vyerkhnyadzvinsk
871,Milicent,Skamal,mskamalo6@princeton.edu,Female,Newtown
872,Peter,Vobes,pvobeso7@globo.com,Male,Voronezh
873,Joann,Christophe,jchristopheo8@statcounter.com,Female,Ube
874,Shandee,Borsi,sborsio9@answers.com,Female,Beigang
875,Francois,Linger,flingeroa@networkadvertising.org,Male,Verkhn’odniprovs’k
876,Selie,Paulin,spaulinob@livejournal.com,Female,Cincinnati
877,Goldina,Woakes,gwoakesoc@trellian.com,Female,Macaé
878,Joel,Delete,jdeleteod@clickbank.net,Male,Aguas Verdes
879,Violante,Balam,vbalamoe@slate.com,Female,Carvalhos
880,Javier,McCobb,jmccobbof@dmoz.org,Male,Koszęcin
881,Brandyn,Cockson,bcocksonog@usgs.gov,Male,Karítsa
882,Stormie,Mair,smairoh@wisc.edu,Bigender,Kostino
883,Legra,Meadway,lmeadwayoi@spotify.com,Female,Zhyrovichy
884,Ethelbert,Sibthorpe,esibthorpeoj@digg.com,Male,Woniuhe
885,Nial,Snoddy,nsnoddyok@miitbeian.gov.cn,Genderqueer,Murmuiža
886,Libbie,Brierton,lbriertonol@weather.com,Female,Mahe
887,Barton,Carlesi,bcarlesiom@pagesperso-orange.fr,Male,Székesfehérvár
888,Scottie,Orry,sorryon@fastcompany.com,Male,Toulouse
889,Ardene,Corns,acornsoo@digg.com,Female,Kertanegla
890,Dosi,Andrichuk,dandrichukop@51.la,Female,Kastsyukowka
891,Berny,Preuvost,bpreuvostoq@accuweather.com,Male,Gaoshi
892,Magdaia,Pritchitt,mpritchittor@rambler.ru,Female,Patos Fshat
893,Gerrard,Martinello,gmartinelloos@paypal.com,Male,Mugala
894,Blair,Faltin,bfaltinot@cargocollective.com,Bigender,Xiaolou
895,Garik,Filson,gfilsonou@domainmarket.com,Male,Sinabang
896,Emalia,Dallas,edallasov@icio.us,Female,Ngrejo
897,Margot,Bemlott,mbemlottow@amazon.co.uk,Female,Torre
898,Corrine,Arlidge,carlidgeox@nhs.uk,Female,Huquan
899,Webb,Salway,wsalwayoy@cnbc.com,Male,Point Pedro
900,Kellia,Manilo,kmanilooz@ed.gov,Female,Ojo de Agua
901,Mark,Izzard,mizzardp0@thetimes.co.uk,Male,Malaga
902,Barthel,Blandamore,bblandamorep1@live.com,Male,Tocopilla
903,Tedmund,Arington,taringtonp2@photobucket.com,Male,Pępowo
904,Nonie,Lissandri,nlissandrip3@go.com,Female,Chitral
905,Ashley,Giacomucci,agiacomuccip4@mit.edu,Non-binary,Yotsukaidō
906,Caldwell,Carthew,ccarthewp5@desdev.cn,Male,Pułtusk
907,Gael,Paulat,gpaulatp6@google.es,Male,Chishui
908,Karie,Kunkler,kkunklerp7@bandcamp.com,Female,Engenho
909,Vaughan,Ottewell,vottewellp8@qq.com,Male,Stockholm
910,Maryrose,Pierton,mpiertonp9@chron.com,Female,Riebiņi
911,Vladamir,Gaber,vgaberpa@hhs.gov,Male,Haozigang
912,Laurice,Culpan,lculpanpb@cnn.com,Female,Borzna
913,Sari,O'Teague,soteaguepc@wix.com,Female,Guérande
914,Phillie,Minster,pminsterpd@shop-pro.jp,Female,Yasinya
915,Georgette,Reightley,greightleype@paypal.com,Female,Hetoudian
916,Marcelline,Weddeburn - Scrimgeour,mweddeburnscrimgeourpf@about.me,Female,Houston
917,Dominique,Carty,dcartypg@1688.com,Female,Shangkuli
918,Elicia,Dymoke,edymokeph@xrea.com,Female,Ifanadiana
919,Falkner,Zapater,fzapaterpi@geocities.com,Male,Mutengene
920,Trudie,Von Der Empten,tvonderemptenpj@networkadvertising.org,Female,Dailekh
921,Ainsley,Brazenor,abrazenorpk@wordpress.com,Female,Isla Pucú
922,Evanne,Pilkinton,epilkintonpl@wunderground.com,Female,Luleå
923,Tadeo,Causnett,tcausnettpm@jigsy.com,Male,Lachowice
924,Dalt,O'Shesnan,doshesnanpn@theguardian.com,Male,Abaeté
925,Alfonse,Sivil,asivilpo@flavors.me,Male,Yazykovo
926,Wendell,Horbart,whorbartpp@unc.edu,Male,Al Wajh
927,Carroll,Brasted,cbrastedpq@surveymonkey.com,Male,Lhabupu
928,Gothart,Roalfe,groalfepr@pagesperso-orange.fr,Male,Donegal
929,Rodrigo,Perotti,rperottips@weather.com,Male,Aramecina
930,Dinny,Twigger,dtwiggerpt@shop-pro.jp,Female,Jedung
931,Herby,Senter,hsenterpu@youtube.com,Male,Vranisht
932,Rodolfo,Jennins,rjenninspv@soup.io,Male,Dartang
933,Madelaine,Treversh,mtrevershpw@irs.gov,Non-binary,Clearwater
934,Minny,Marcq,mmarcqpx@cnn.com,Non-binary,Longxi
935,Dacie,Petrasek,dpetrasekpy@apple.com,Female,Tours
936,Moreen,Columbine,mcolumbinepz@ucsd.edu,Female,Taiyuan
937,Vivyan,Tanton,vtantonq0@hhs.gov,Female,Jiaocheng
938,Eb,Mickleburgh,emickleburghq1@e-recht24.de,Male,Labrador City
939,Crista,Dabernott,cdabernottq2@usda.gov,Female,Huangsha
940,Melony,Howey,mhoweyq3@illinois.edu,Female,Stockholm
941,Keriann,Hayhoe,khayhoeq4@surveymonkey.com,Genderfluid,Suicheng
942,Melodee,Fielders,mfieldersq5@yahoo.co.jp,Female,Jammāl
943,Piotr,Mecco,pmeccoq6@virginia.edu,Male,Kasungu
944,Camey,Peplay,cpeplayq7@over-blog.com,Genderfluid,Buenaventura
945,Amata,Paladini,apaladiniq8@bing.com,Female,Qaryūt
946,Noam,Mechan,nmechanq9@nature.com,Male,Nowe Brzesko
947,Joice,Juzek,jjuzekqa@mashable.com,Female,Ros’
948,Candide,Morstatt,cmorstattqb@topsy.com,Female,Paine
949,Bonnee,Brideau,bbrideauqc@sphinn.com,Female,Shënmëri
950,Gustie,Mansbridge,gmansbridgeqd@boston.com,Bigender,La Soledad
951,Cazzie,Gabbat,cgabbatqe@mac.com,Male,Meneou
952,Skippy,Dumberell,sdumberellqf@mit.edu,Male,Chaman
953,Suki,Littlepage,slittlepageqg@ezinearticles.com,Female,Ciyu
954,Archie,O'Shea,aosheaqh@dailymail.co.uk,Male,Meudon
955,Gerald,MacFadzan,gmacfadzanqi@exblog.jp,Male,Čejkovice
956,Sunny,Lange,slangeqj@topsy.com,Female,Dongjin
957,Christoper,Bugbee,cbugbeeqk@va.gov,Male,Kinh Môn
958,Burg,Fydo,bfydoql@hc360.com,Male,Lagdo
959,Richmound,Ugolini,rugoliniqm@arstechnica.com,Male,Masaling
960,Conni,Scollan,cscollanqn@walmart.com,Female,Dongxiang
961,Hogan,Kibard,hkibardqo@ibm.com,Male,Jixian
962,Philip,Belhome,pbelhomeqp@princeton.edu,Male,Newbiggin
963,Nickolai,Antonat,nantonatqq@nifty.com,Male,Velenje
964,Laureen,Ryan,lryanqr@nydailynews.com,Non-binary,Pinamalayan
965,Alvy,Sanson,asansonqs@jigsy.com,Male,Mitsuke
966,Irina,Ghent,ighentqt@prnewswire.com,Female,Xianxiang
967,Joline,Swaysland,jswayslandqu@spiegel.de,Female,Sebuku
968,Lona,Babcock,lbabcockqv@timesonline.co.uk,Female,Cafayate
969,Leelah,Kamena,lkamenaqw@vkontakte.ru,Female,Hokor
970,Cody,Chalice,cchaliceqx@so-net.ne.jp,Female,Tabuadelo
971,Toby,Krystek,tkrystekqy@smugmug.com,Male,Jiangchang
972,Addi,Butland,abutlandqz@sina.com.cn,Female,Wangunjaya
973,Joe,Bett,jbettr0@yahoo.co.jp,Male,Huayllabamba
974,Izabel,Shackell,ishackellr1@cbsnews.com,Female,Simões Filho
975,Carmella,Tolley,ctolleyr2@people.com.cn,Female,Dengzishan
976,Trent,Lethcoe,tlethcoer3@deliciousdays.com,Male,Leskovec pri Krškem
977,Carlynn,Itzkovitch,citzkovitchr4@un.org,Female,Quva
978,Glynda,Cookson,gcooksonr5@youku.com,Female,Pingdingbu
979,Chiquia,Perceval,cpercevalr6@a8.net,Female,Vanderhoof
980,Levon,Bugdall,lbugdallr7@posterous.com,Male,Brochów
981,Selina,Molohan,smolohanr8@cam.ac.uk,Female,Liboro
982,Humfried,Maplethorpe,hmaplethorper9@ucsd.edu,Male,Tanamiting
983,Shelley,O'Loughnan,soloughnanra@wunderground.com,Female,Socorro
984,Cordie,Allberry,callberryrb@tuttocitta.it,Male,Bahāwalpur
985,Egon,Sloy,esloyrc@pcworld.com,Male,Voznesenskoye
986,Hardy,Adrianello,hadrianellord@uiuc.edu,Male,San Miguel
987,Dom,Powderham,dpowderhamre@theglobeandmail.com,Male,Johanneshov
988,Herbie,Astlett,hastlettrf@nps.gov,Male,Colquechaca
989,Giana,Pellissier,gpellissierrg@blogspot.com,Female,Kamionka
990,Irma,Huckstepp,ihuckstepprh@discovery.com,Female,Verenchanka
991,Garnet,Sargant,gsargantri@dailymail.co.uk,Female,Béja
992,Maje,Lagde,mlagderj@va.gov,Genderqueer,Nowlamary
993,Olly,Sighard,osighardrk@ted.com,Female,Carapo
994,Ephrem,Cammocke,ecammockerl@wordpress.org,Male,Balai
995,Jeralee,Towse,jtowserm@foxnews.com,Female,Fak Tha
996,Dall,Corston,dcorstonrn@devhub.com,Male,Nice
997,Brianne,Binestead,bbinesteadro@ask.com,Female,Thulamahashi
998,Dael,Schreurs,dschreursrp@mtv.com,Male,Tianmen
999,Sebastian,Tiner,stinerrq@umn.edu,Male,Xinquan
1000,Tomlin,Drew,tdrewrr@list-manage.com,Male,Rennes
