created,id,first_name,last_name,email,gender,city
02/02/2023,1,Christan,Fumagalli,cfumagalli0@nbcnews.com,Female,Patapan
02/17/2023,2,Emmi,Meers,emeers1@chron.com,Female,Alannay
02/09/2023,3,Reena,Huckel,rhuckel2@nps.gov,Female,Nanyuki
02/15/2023,4,Moore,Kilfedder,mkilfedder3@ed.gov,Male,Chornyanka
02/10/2023,5,Elysee,Rosewall,erosewall4@meetup.com,Female,Taoyuan
02/17/2023,6,Bruno,Wedlake,bwedlake5@google.ru,Male,Timoulilt
02/25/2023,7,Stearne,Dionisii,sdionisii6@opensource.org,Male,Zhaixi
02/13/2023,8,Frasier,Martello,fmartello7@cisco.com,Male,Sidi Lamine
02/11/2023,9,Hilda,Kleinberer,hkleinberer8@gizmodo.com,Female,Jastrowie
02/20/2023,10,Arri,Mowlam,amowlam9@irs.gov,Genderqueer,Yingchun
02/08/2023,11,Cinnamon,Kener,ckenera@intel.com,Bigender,Bern
02/11/2023,12,Tucky,Fisby,tfisbyb@deviantart.com,Male,Jingtan
02/27/2023,13,Finley,Dennant,fdennantc@pen.io,Male,Zabrze
02/05/2023,14,Annora,Challender,achallenderd@google.ru,Female,Jasionów
02/16/2023,15,Maryann,Osbourne,mosbournee@digg.com,Female,Tene
02/05/2023,16,Archibaldo,Paoloni,apaolonif@reverbnation.com,Non-binary,Tucson
02/20/2023,17,Emmit,Filippazzo,efilippazzog@shareasale.com,Male,Luoping
02/24/2023,18,Johnny,Simcoe,jsimcoeh@istockphoto.com,Male,Khvalynsk
02/10/2023,19,Drud,Charette,dcharettei@nytimes.com,Male,Jarry
02/07/2023,20,Farica,Danforth,fdanforthj@hostgator.com,Female,Qianyou
02/08/2023,21,Beatrice,MacKeeg,bmackeegk@tamu.edu,Agender,Santiago
02/19/2023,22,Gustave,Flinn,gflinnl@tripod.com,Male,Mailag
02/22/2023,23,Goldy,Choak,gchoakm@noaa.gov,Female,Alegrete
02/24/2023,24,Omar,Kristof,okristofn@nba.com,Male,Rožďalovice
02/25/2023,25,Freddie,Dunlea,fdunleao@dedecms.com,Male,Jizhou
02/20/2023,26,Herby,Gilmartin,hgilmartinp@princeton.edu,Male,Longzhouwan
02/18/2023,27,Korry,Probart,kprobartq@pen.io,Female,Guimbal
02/23/2023,28,Eimile,Denning,edenningr@home.pl,Female,Yongjiang
02/22/2023,29,Sara,Gives,sgivess@example.com,Female,Övertorneå
02/27/2023,30,Grayce,Ruoff,gruofft@phpbb.com,Female,Aguadulce
02/24/2023,31,Fanchon,Furmston,ffurmstonu@abc.net.au,Female,Jeong
02/26/2023,32,Esmeralda,O'Feeny,eofeenyv@eventbrite.com,Female,Montpellier
02/04/2023,33,Tynan,Finkle,tfinklew@nifty.com,Male,Essang
02/25/2023,34,Lynelle,Corsar,lcorsarx@walmart.com,Female,Krajan Srigonco
02/26/2023,35,Oneida,Scroggs,oscroggsy@berkeley.edu,Female,Xaysetha
02/23/2023,36,Bram,Flood,bfloodz@shinystat.com,Male,Mobile
02/23/2023,37,Claretta,Purchon,cpurchon10@netvibes.com,Female,Siocon
02/20/2023,38,Pamela,Oller,poller11@free.fr,Female,Yuanda
02/14/2023,39,Jess,Adey,jadey12@prlog.org,Male,General Luna
02/01/2023,40,Kalindi,Akram,kakram13@shutterfly.com,Female,Al Başrah
02/16/2023,41,Wit,Diament,wdiament14@goodreads.com,Male,Hebi
02/13/2023,42,Johnathan,Richardot,jrichardot15@jiathis.com,Male,Huansheng
02/16/2023,43,Riane,Corriea,rcorriea16@indiegogo.com,Female,Bulo
02/20/2023,44,Rocky,Harnott,rharnott17@ibm.com,Non-binary,Piru
02/05/2023,45,Teador,MacElholm,tmacelholm18@g.co,Male,Tidaholm
02/22/2023,46,Zebadiah,Benadette,zbenadette19@google.ru,Male,Lushnjë
02/01/2023,47,Ewart,Brand-Hardy,ebrandhardy1a@booking.com,Male,Markópoulo Oropoú
02/03/2023,48,Gaby,Grzelak,ggrzelak1b@pbs.org,Male,Kāleke Mandi
02/21/2023,49,Cynthia,Michie,cmichie1c@usa.gov,Female,Santa Barbara
02/11/2023,50,Madonna,Atling,matling1d@washington.edu,Female,Shuiyuesi
02/19/2023,51,Syman,Newvell,snewvell1e@home.pl,Male,Shichuan
02/06/2023,52,Farrell,Lorraway,florraway1f@pcworld.com,Male,Korhogo
02/10/2023,53,Filberte,Wogdon,fwogdon1g@gravatar.com,Male,Darkūsh
02/10/2023,54,Ximenes,Bonn,xbonn1h@army.mil,Male,Independencia
02/22/2023,55,Grange,Rama,grama1i@1und1.de,Male,Bragança
02/17/2023,56,Caro,Espinosa,cespinosa1j@auda.org.au,Female,Algueirão
02/06/2023,57,Aland,Sibery,asibery1k@skyrock.com,Male,Addiet Canna
02/20/2023,58,Adorne,Kirtland,akirtland1l@storify.com,Female,Ust’-Kachka
02/10/2023,59,Gabriele,Livett,glivett1m@ca.gov,Male,Askim
02/26/2023,60,Olympie,Drayson,odrayson1n@sohu.com,Female,Březová
02/22/2023,61,Sephira,Stops,sstops1o@japanpost.jp,Female,Qincheng
02/12/2023,62,Harmon,Fowls,hfowls1p@nifty.com,Non-binary,Tuusula
02/24/2023,63,Robyn,Thornber,rthornber1q@diigo.com,Female,Rožaje
02/08/2023,64,Jozef,Marrow,jmarrow1r@newsvine.com,Male,Lila
02/03/2023,65,Lenka,Le Bosse,llebosse1s@theatlantic.com,Female,Älvdalen
02/17/2023,66,Ulrikaumeko,Jarman,ujarman1t@angelfire.com,Agender,Piñahan
02/10/2023,67,Filmer,Hinchshaw,fhinchshaw1u@whitehouse.gov,Male,Kafir Qala
02/02/2023,68,Peg,Kyston,pkyston1v@miibeian.gov.cn,Female,Illkirch-Graffenstaden
02/08/2023,69,Lory,Daines,ldaines1w@google.nl,Female,Verkhniy Rohachyk
02/22/2023,70,Dela,Nicklen,dnicklen1x@dailymail.co.uk,Female,Castilla
02/16/2023,71,Rahel,Genny,rgenny1y@hp.com,Female,Wilczyce
02/18/2023,72,Jerrome,Birkwood,jbirkwood1z@oaic.gov.au,Male,Lanot
02/11/2023,73,Auberon,Crow,acrow20@constantcontact.com,Male,Adelaide
02/26/2023,74,Samantha,Mustchin,smustchin21@wikispaces.com,Bigender,Jaroměřice nad Rokytnou
02/04/2023,75,Alfredo,Venner,avenner22@webs.com,Male,Quilino
02/23/2023,76,Veda,Boomes,vboomes23@bbc.co.uk,Bigender,Yablochnyy
02/16/2023,77,Ermin,Seeley,eseeley24@miibeian.gov.cn,Male,Bayramaly
02/08/2023,78,Mycah,Boyall,mboyall25@cnet.com,Male,Puma
02/04/2023,79,Abigael,O' Markey,aomarkey26@constantcontact.com,Female,Meliau
02/01/2023,80,Liv,Hearnah,lhearnah27@flavors.me,Female,San Fernando
02/26/2023,81,Bree,Noquet,bnoquet28@aboutads.info,Female,Kotel
02/10/2023,82,Delphinia,Churn,dchurn29@ifeng.com,Female,Konary
02/01/2023,83,Eustacia,Dragoe,edragoe2a@usatoday.com,Female,Longcang
02/11/2023,84,Haley,Ryam,hryam2b@linkedin.com,Male,Terezín
02/13/2023,85,Dylan,Souza,dsouza2c@google.de,Male,Agía Varvára
02/26/2023,86,Jerrie,Bassom,jbassom2d@umich.edu,Male,Zaragoza
02/07/2023,87,Belle,Fuchs,bfuchs2e@dedecms.com,Female,La Cuesta
02/25/2023,88,Deirdre,Casterton,dcasterton2f@usa.gov,Bigender,Kitahiroshima
02/21/2023,89,Agnesse,Gorhardt,agorhardt2g@sfgate.com,Female,Huangqiang
02/02/2023,90,Godfrey,Berzons,gberzons2h@booking.com,Male,Nizao
02/23/2023,91,Talbert,Humberstone,thumberstone2i@ow.ly,Male,Xinji
02/21/2023,92,Abeu,Luney,aluney2j@mlb.com,Male,Qiaotou
02/22/2023,93,Giusto,Standing,gstanding2k@gizmodo.com,Male,Qianzhou
02/23/2023,94,Frederich,Beton,fbeton2l@si.edu,Male,Las Lomas
02/04/2023,95,Edi,Incogna,eincogna2m@statcounter.com,Female,Zwolle
02/20/2023,96,Sari,Skitral,sskitral2n@guardian.co.uk,Female,Dapdap
02/13/2023,97,Bartie,Oakenfall,boakenfall2o@chron.com,Male,Fichē
02/08/2023,98,Graig,Dudderidge,gdudderidge2p@vinaora.com,Genderqueer,Nizhnedevitsk
02/01/2023,99,Lenora,Garrick,lgarrick2q@hao123.com,Female,Nepalgunj
02/18/2023,100,Peri,Barthram,pbarthram2r@cbc.ca,Female,Alistráti
02/11/2023,101,Patten,Ebourne,pebourne2s@dedecms.com,Male,Irving
02/26/2023,102,Ludovico,Fruen,lfruen2t@163.com,Male,Sucun
02/15/2023,103,Clare,Fletham,cfletham2u@biglobe.ne.jp,Female,Yao
02/03/2023,104,Peri,Goodrich,pgoodrich2v@alexa.com,Female,San Rafael
02/08/2023,105,Jerri,Hernik,jhernik2w@prweb.com,Male,Loreto
02/12/2023,106,Melita,Timewell,mtimewell2x@bloomberg.com,Genderqueer,Barili
02/19/2023,107,Darrelle,Simoncelli,dsimoncelli2y@creativecommons.org,Female,Sumberjeruk
02/01/2023,108,Penny,Cumine,pcumine2z@businessinsider.com,Male,Dubá
02/01/2023,109,Meryl,Hegge,mhegge30@cafepress.com,Male,Champaign
02/10/2023,110,Leticia,Vasilov,lvasilov31@engadget.com,Female,Paris 02
02/03/2023,111,Dana,Clarycott,dclarycott32@cdbaby.com,Female,Dubá
02/03/2023,112,Bryan,Frangione,bfrangione33@webeden.co.uk,Male,Montevista
02/26/2023,113,Helen,Mulhall,hmulhall34@ucoz.ru,Female,Mahaba
02/25/2023,114,Charin,Penhalurick,cpenhalurick35@bigcartel.com,Female,Shuanggang
02/09/2023,115,Rodolfo,Mulchrone,rmulchrone36@altervista.org,Male,Xundian
02/20/2023,116,Lynnea,Gerber,lgerber37@cbc.ca,Female,Jucás
02/25/2023,117,Lela,Domotor,ldomotor38@delicious.com,Female,Kambaxoi
02/25/2023,118,Gwenny,Prator,gprator39@ehow.com,Female,Araripina
02/05/2023,119,Alyss,Swindin,aswindin3a@yandex.ru,Female,Jargalant
02/10/2023,120,Garrick,Kiehnlt,gkiehnlt3b@weebly.com,Male,Kislovodsk
02/08/2023,121,Jaye,Sturm,jsturm3c@typepad.com,Male,Guadalupe
02/11/2023,122,Peyter,Bellsham,pbellsham3d@mozilla.org,Male,Hadano
02/24/2023,123,Ainslie,Mayne,amayne3e@rambler.ru,Female,Santa Fe
02/27/2023,124,Davidde,McMorran,dmcmorran3f@hubpages.com,Genderfluid,Lamía
02/15/2023,125,Terrance,Ducket,tducket3g@mit.edu,Male,Borås
02/18/2023,126,Jackson,Laxson,jlaxson3h@gnu.org,Male,Mitrópoli
02/02/2023,127,Charley,Chaff,cchaff3i@goo.ne.jp,Male,Moneghetti
02/25/2023,128,Parke,Leggen,pleggen3j@earthlink.net,Male,Xiatang
02/10/2023,129,Levin,Wybourne,lwybourne3k@google.com.au,Male,Osiek
02/20/2023,130,Timmi,Mager,tmager3l@dedecms.com,Female,Lloydminster
02/06/2023,131,Rory,Chapelle,rchapelle3m@gov.uk,Male,Richmond
02/05/2023,132,Martie,Emlin,memlin3n@pinterest.com,Male,Nuevo Emperador
02/15/2023,133,Fayina,Giorgini,fgiorgini3o@uol.com.br,Female,Karangarjo
02/19/2023,134,Caralie,Wapplington,cwapplington3p@wordpress.org,Female,Ubatuba
02/17/2023,135,Tedie,Gilardengo,tgilardengo3q@jugem.jp,Male,Cabiguan
02/06/2023,136,Louisa,Guerreru,lguerreru3r@vimeo.com,Female,Dalmatovo
02/05/2023,137,Ediva,Birchett,ebirchett3s@squarespace.com,Female,Shimen
02/09/2023,138,Jaimie,Letterick,jletterick3t@cisco.com,Female,Xiguantun Muguzu Manzuxiang
02/27/2023,139,Binnie,Alexsandrev,balexsandrev3u@va.gov,Female,Galutu
02/23/2023,140,Husein,Caldecourt,hcaldecourt3v@prweb.com,Male,Ayagoz
02/15/2023,141,Karalee,Pitney,kpitney3w@nifty.com,Female,Opatówek
02/22/2023,142,Leonerd,Crowth,lcrowth3x@economist.com,Male,Mỹ Thọ
02/19/2023,143,Gerrie,Seggie,gseggie3y@nationalgeographic.com,Female,Zhireken
02/20/2023,144,Tilly,Bosson,tbosson3z@fc2.com,Non-binary,Charenton-le-Pont
02/16/2023,145,Nikkie,Dobson,ndobson40@nba.com,Female,Cabouco
02/12/2023,146,Xerxes,Lorenzetti,xlorenzetti41@google.de,Male,Lousado
02/02/2023,147,Haskell,Kelshaw,hkelshaw42@parallels.com,Male,Andkhōy
02/13/2023,148,Kippy,Ingham,kingham43@blinklist.com,Female,Guanbuqiao
02/24/2023,149,Natalee,Cranch,ncranch44@nasa.gov,Female,Yeghegnut
02/03/2023,150,Shandeigh,Kendle,skendle45@pagesperso-orange.fr,Female,Palguyod
02/02/2023,151,Hanson,Hattersley,hhattersley46@blogger.com,Male,Xinghe Chengguanzhen
02/09/2023,152,Hasheem,Kearley,hkearley47@intel.com,Male,Floriana
02/13/2023,153,Evania,Pauly,epauly48@geocities.jp,Female,Bezhta
02/19/2023,154,Sammie,Goulbourne,sgoulbourne49@facebook.com,Male,Rumenka
02/23/2023,155,Rosco,Shefton,rshefton4a@state.tx.us,Male,São João da Barra
02/13/2023,156,Valentine,Gaytor,vgaytor4b@dyndns.org,Female,Zhuzuo
02/04/2023,157,Esmeralda,Shinn,eshinn4c@hatena.ne.jp,Female,Sumanding
02/06/2023,158,Kerwinn,Demke,kdemke4d@ameblo.jp,Male,Shuangkou
02/27/2023,159,Sabrina,Brayford,sbrayford4e@fema.gov,Female,Yanjiao
02/11/2023,160,Karlie,Laird,klaird4f@prweb.com,Female,Skarżysko-Kamienna
02/24/2023,161,Nertie,Minchella,nminchella4g@domainmarket.com,Non-binary,Cayenne
02/01/2023,162,Octavia,Eingerfield,oeingerfield4h@yolasite.com,Female,Ed
02/16/2023,163,Shane,Manklow,smanklow4i@exblog.jp,Male,Innoshima
02/07/2023,164,Rex,Lindfors,rlindfors4j@cornell.edu,Male,Santana
02/26/2023,165,Elston,Keatch,ekeatch4k@sphinn.com,Male,Bojong
02/02/2023,166,Frazer,Lavens,flavens4l@symantec.com,Male,Xiaolan
02/27/2023,167,Justine,Guillou,jguillou4m@sohu.com,Female,Banqiao
02/27/2023,168,Amery,Pullinger,apullinger4n@wix.com,Male,Boji
02/06/2023,169,Gustav,Barribal,gbarribal4o@xinhuanet.com,Male,Kizhinga
02/21/2023,170,Martie,Tomlett,mtomlett4p@usa.gov,Male,Rulong
02/16/2023,171,Corenda,Ceney,cceney4q@ox.ac.uk,Female,Quebo
02/01/2023,172,Phebe,Corbould,pcorbould4r@ca.gov,Female,Sennoy
02/10/2023,173,Dimitri,Lewer,dlewer4s@yale.edu,Male,Xiaozhi
02/10/2023,174,Cyndy,MacArthur,cmacarthur4t@goodreads.com,Female,Tqibuli
02/27/2023,175,Reagan,Whittington,rwhittington4u@discovery.com,Male,Midoun
02/11/2023,176,Meghan,McIlvoray,mmcilvoray4v@umn.edu,Female,Sawoi
02/14/2023,177,Wyndham,Ketcher,wketcher4w@cnn.com,Male,Thị Trấn Pác Miầu
02/09/2023,178,Iolanthe,Downing,idowning4x@merriam-webster.com,Female,Quiaios
02/21/2023,179,Berkie,Balling,bballing4y@timesonline.co.uk,Male,Sukaharja
02/07/2023,180,Salome,Pfeuffer,spfeuffer4z@technorati.com,Female,Kebonagung
02/19/2023,181,Arlyne,Blood,ablood50@nbcnews.com,Female,Valinhos
02/04/2023,182,Clyve,Killough,ckillough51@live.com,Male,Roanne
02/14/2023,183,Iago,Dampier,idampier52@hexun.com,Male,Valvedditturai
02/26/2023,184,Damien,Burnie,dburnie53@amazon.co.jp,Male,Ermida
02/24/2023,185,Estrellita,Pollendine,epollendine54@virginia.edu,Female,Samut Songkhram
02/26/2023,186,Wakefield,Landsman,wlandsman55@t.co,Male,Kobarid
02/15/2023,187,Hedwiga,Bowkley,hbowkley56@cdbaby.com,Female,Batiano
02/15/2023,188,Burk,Hand,bhand57@google.cn,Male,Neob
02/15/2023,189,Walsh,Valiant,wvaliant58@acquirethisname.com,Male,Cabeçudos
02/27/2023,190,Melisent,Taggett,mtaggett59@discovery.com,Female,Liuli
02/09/2023,191,Darda,Northage,dnorthage5a@dion.ne.jp,Female,Chisong
02/16/2023,192,Hildy,Petkov,hpetkov5b@blog.com,Female,Teresita
02/20/2023,193,Sonni,Whiteland,swhiteland5c@tmall.com,Female,Győr
02/03/2023,194,Melisande,Krink,mkrink5d@alibaba.com,Polygender,Al Buq‘ah
02/26/2023,195,Sonnie,Saddleton,ssaddleton5e@163.com,Male,Quimbaya
02/02/2023,196,Korrie,Weben,kweben5f@discovery.com,Bigender,Shido
02/02/2023,197,Waylon,Daybell,wdaybell5g@europa.eu,Male,Sampagar
02/21/2023,198,Lamar,Haucke,lhaucke5h@gmpg.org,Male,Skien
02/11/2023,199,Cecelia,Dunnett,cdunnett5i@homestead.com,Female,Beicheng
02/20/2023,200,Marjorie,Kenninghan,mkenninghan5j@e-recht24.de,Female,El Mida
02/27/2023,201,Orel,Smails,osmails5k@freewebs.com,Female,Cennan
02/17/2023,202,Genvieve,McFayden,gmcfayden5l@umn.edu,Female,Del Rosario
02/25/2023,203,Jessie,Tumbridge,jtumbridge5m@java.com,Bigender,Bryukhovychi
02/23/2023,204,Alic,Willcocks,awillcocks5n@ebay.com,Male,Divinópolis
02/15/2023,205,Reinold,Marguerite,rmarguerite5o@reverbnation.com,Non-binary,Yur’yevets
02/06/2023,206,Karolina,Salisbury,ksalisbury5p@imdb.com,Agender,Markaz Mudhaykirah
02/12/2023,207,Kasper,Snarr,ksnarr5q@nsw.gov.au,Male,Melun
02/07/2023,208,Bertine,Bridden,bbridden5r@pinterest.com,Female,Surup
02/03/2023,209,Stinky,Snawden,ssnawden5s@spiegel.de,Agender,Przystajń
02/03/2023,210,Carry,Skillen,cskillen5t@ucoz.ru,Female,Jiahe
02/27/2023,211,Marlon,Eccersley,meccersley5u@columbia.edu,Male,Olival
02/26/2023,212,Ulick,Moynham,umoynham5v@ocn.ne.jp,Male,Neochórion
02/23/2023,213,Aline,Sherrum,asherrum5w@ted.com,Female,Mircze
02/05/2023,214,Leonhard,Bauer,lbauer5x@sfgate.com,Male,Amparafaravola
02/25/2023,215,Nannie,Fricke,nfricke5y@engadget.com,Female,Roanoke
02/07/2023,216,Trenton,Stockney,tstockney5z@patch.com,Bigender,Lopatyn
02/18/2023,217,Rossy,Leatherbarrow,rleatherbarrow60@jugem.jp,Male,Sollebrunn
02/24/2023,218,Jobyna,Baldung,jbaldung61@examiner.com,Female,San Nicolás de los Arroyos
02/02/2023,219,Clemmy,Croce,ccroce62@istockphoto.com,Female,Anticala
02/26/2023,220,Melosa,Yeskin,myeskin63@wufoo.com,Female,Camalote
02/06/2023,221,Adina,Sebright,asebright64@uol.com.br,Female,Tongouson
02/13/2023,222,Alisha,Chateau,achateau65@mediafire.com,Female,Shuinan
02/11/2023,223,Tonie,Buttriss,tbuttriss66@imageshack.us,Female,Ké-Macina
02/24/2023,224,Georg,Allans,gallans67@senate.gov,Male,Guihulñgan
02/14/2023,225,Morrie,Devall,mdevall68@lulu.com,Male,Jinhui
02/01/2023,226,Alicea,Dumphy,adumphy69@google.com.br,Female,Pozuzo
02/19/2023,227,Oneida,O'Dennehy,oodennehy6a@feedburner.com,Female,Gombong
02/14/2023,228,Robinet,Bonnefin,rbonnefin6b@theglobeandmail.com,Female,Shijak
02/06/2023,229,Earlie,De Beauchemp,edebeauchemp6c@buzzfeed.com,Male,Pacaraos
02/15/2023,230,Berton,Geram,bgeram6d@reuters.com,Male,Kuteynykove
02/16/2023,231,Arron,Petrasch,apetrasch6e@oakley.com,Male,Passo Fundo
02/01/2023,232,Lane,Giannazzi,lgiannazzi6f@shinystat.com,Male,Zalesnoye
02/13/2023,233,Jo-ann,Jelliman,jjelliman6g@hc360.com,Female,Lameira
02/16/2023,234,Hamlin,Castellani,hcastellani6h@un.org,Male,La Paz
02/27/2023,235,Aylmar,Ingledow,aingledow6i@webnode.com,Male,Qiwen
02/10/2023,236,Sarina,Bearns,sbearns6j@mozilla.org,Female,Las Minas
02/12/2023,237,Mab,Lefwich,mlefwich6k@godaddy.com,Female,Houjiagang
02/17/2023,238,Carmelia,Arstall,carstall6l@cargocollective.com,Female,Celeirós
02/23/2023,239,Esta,Hounihan,ehounihan6m@joomla.org,Female,Semey
02/12/2023,240,Garvey,Allard,gallard6n@icq.com,Male,Ōme
02/26/2023,241,Esther,Nornable,enornable6o@wisc.edu,Female,Huifa
02/08/2023,242,Zenia,Dowsing,zdowsing6p@rakuten.co.jp,Female,Jiantian
02/16/2023,243,Ravid,Ricci,rricci6q@mapquest.com,Male,Soure
02/21/2023,244,Shawn,Brychan,sbrychan6r@aboutads.info,Male,Sungaipuntik
02/06/2023,245,Wright,Hagwood,whagwood6s@taobao.com,Male,Aş Şalw
02/13/2023,246,Worthy,Stilliard,wstilliard6t@hud.gov,Male,Santa Cruz
02/14/2023,247,Ingelbert,Millyard,imillyard6u@mozilla.com,Male,Lidingö
02/19/2023,248,Rayna,Maingot,rmaingot6v@constantcontact.com,Female,Taung
02/04/2023,249,Carroll,Gentreau,cgentreau6w@ameblo.jp,Female,Tarata
02/16/2023,250,Dannel,Jefferies,djefferies6x@google.com.br,Male,Dahe
02/11/2023,251,Ardelis,Chalfain,achalfain6y@microsoft.com,Female,Béziers
02/11/2023,252,Sharia,Saw,ssaw6z@ehow.com,Female,Caicó
02/16/2023,253,Stavros,Stokes,sstokes70@last.fm,Male,Pontal
02/11/2023,254,Andonis,Easby,aeasby71@kickstarter.com,Male,Balaka
02/05/2023,255,Sissie,Buntin,sbuntin72@posterous.com,Female,Ciomas
02/08/2023,256,Joane,De Biasi,jdebiasi73@illinois.edu,Female,Moste
02/15/2023,257,Brook,Fletham,bfletham74@foxnews.com,Male,La Loma
02/15/2023,258,Darb,Greenleaf,dgreenleaf75@gmpg.org,Male,Kasui
02/22/2023,259,Esdras,Cowthard,ecowthard76@artisteer.com,Male,Yelkhovka
02/22/2023,260,Darnall,Farnworth,dfarnworth77@pcworld.com,Male,Štoky
02/25/2023,261,Kerstin,Maylam,kmaylam78@addtoany.com,Female,Genting
02/09/2023,262,Tessi,Azema,tazema79@cargocollective.com,Female,Ivry-sur-Seine
02/25/2023,263,Val,Reynault,vreynault7a@goo.ne.jp,Male,Ciela Lebak
02/19/2023,264,Natka,Chesley,nchesley7b@marketwatch.com,Female,Sampaloc
02/11/2023,265,Booth,Lutas,blutas7c@ca.gov,Male,Straszyn
02/27/2023,266,Solomon,Couldwell,scouldwell7d@paginegialle.it,Genderfluid,Lobamba
02/20/2023,267,Enrika,Norval,enorval7e@free.fr,Female,Quintão
02/22/2023,268,Doro,Hallawell,dhallawell7f@whitehouse.gov,Female,Calaoagan
02/20/2023,269,Haleigh,Rugge,hrugge7g@statcounter.com,Male,Sut-Khol’
02/19/2023,270,Diana,Lundon,dlundon7h@yale.edu,Female,Arísvi
02/02/2023,271,Phillipe,Crighten,pcrighten7i@tuttocitta.it,Male,Karangmelok
02/07/2023,272,Bendicty,Prosek,bprosek7j@addtoany.com,Male,Nogueira
02/23/2023,273,Olivier,Giddins,ogiddins7k@xing.com,Male,Harper
02/16/2023,274,Jackelyn,Bonifazio,jbonifazio7l@chicagotribune.com,Female,Sekongkang Bawah
02/11/2023,275,Loni,Pringell,lpringell7m@deliciousdays.com,Female,Pinega
02/20/2023,276,Denys,Skillern,dskillern7n@dell.com,Agender,Sahavato
02/27/2023,277,Gavan,Sprague,gsprague7o@ocn.ne.jp,Male,Tanbu
02/13/2023,278,Pollyanna,Cestard,pcestard7p@360.cn,Female,Isehara
02/15/2023,279,Kellia,Larmett,klarmett7q@t.co,Female,Banjaranyar
02/09/2023,280,Branden,Emilien,bemilien7r@bloglines.com,Male,Tapas
02/07/2023,281,Lonny,Daulton,ldaulton7s@cpanel.net,Male,Babakanjaya
02/19/2023,282,Forster,Peddar,fpeddar7t@ning.com,Male,Vichy
02/07/2023,283,Pier,Boatswain,pboatswain7u@opera.com,Female,Cintawana
02/23/2023,284,Broderick,Sproston,bsproston7v@msu.edu,Male,Zhuangke
02/26/2023,285,Welby,Bassindale,wbassindale7w@china.com.cn,Bigender,Psychikó
02/26/2023,286,Cordie,Gurry,cgurry7x@bigcartel.com,Male,Póvoa
02/04/2023,287,Dev,Hazzard,dhazzard7y@abc.net.au,Male,Halle
02/17/2023,288,Coletta,Boeck,cboeck7z@state.tx.us,Female,Tapakrejo
02/11/2023,289,Fern,Wane,fwane80@blogspot.com,Female,Mölndal
02/22/2023,290,Noni,Vankov,nvankov81@microsoft.com,Female,Beaumont
02/19/2023,291,Angel,Liddle,aliddle82@nbcnews.com,Male,Narol
02/05/2023,292,Claudell,Tapsfield,ctapsfield83@shareasale.com,Male,Göteborg
02/04/2023,293,Ronny,Doneld,rdoneld84@sakura.ne.jp,Male,Dzerzhinskiy
02/15/2023,294,Cori,Cruickshanks,ccruickshanks85@ucoz.ru,Female,Penza
02/21/2023,295,Abbie,Grimley,agrimley86@topsy.com,Female,La Puerta de San José
02/27/2023,296,Rozella,Kensett,rkensett87@auda.org.au,Genderqueer,Koumac
02/24/2023,297,Rey,Behrendsen,rbehrendsen88@forbes.com,Male,Cristóbal
02/12/2023,298,Lisabeth,Burchell,lburchell89@nationalgeographic.com,Female,Queimados
02/08/2023,299,Gregory,Fantone,gfantone8a@youtu.be,Male,Vila Moreira
02/17/2023,300,Lola,McKeurtan,lmckeurtan8b@networksolutions.com,Female,Biograd na Moru
02/23/2023,301,Valli,Ewells,vewells8c@samsung.com,Female,Fonteleite
02/06/2023,302,Darnell,Shelley,dshelley8d@odnoklassniki.ru,Agender,Ban Kruat
02/02/2023,303,Isac,Cordier,icordier8e@reuters.com,Male,Uubulan
02/04/2023,304,Kattie,Glenister,kglenister8f@joomla.org,Female,Piura
02/10/2023,305,Celinda,Tremouille,ctremouille8g@nps.gov,Female,Tõrva
02/24/2023,306,Ker,Condie,kcondie8h@bandcamp.com,Male,Longfengshan
02/18/2023,307,Hester,Briatt,hbriatt8i@artisteer.com,Female,Tamansari
02/12/2023,308,Nickolai,Le Franc,nlefranc8j@imageshack.us,Male,Przemęt
02/07/2023,309,Claudian,Shirt,cshirt8k@trellian.com,Male,Olupona
02/14/2023,310,Ware,Cadle,wcadle8l@surveymonkey.com,Male,Famagusta
02/03/2023,311,Chaddie,Westcarr,cwestcarr8m@cbsnews.com,Male,Sydney
02/06/2023,312,Fianna,Middle,fmiddle8n@github.com,Female,Kyankwanzi
02/05/2023,313,Eirena,Tallent,etallent8o@pagesperso-orange.fr,Female,Szamotuły
02/03/2023,314,Dayle,Peres,dperes8p@bbc.co.uk,Agender,Yong’an
02/08/2023,315,Drusie,Schimoni,dschimoni8q@devhub.com,Female,Skopje
02/01/2023,316,Theadora,Feare,tfeare8r@list-manage.com,Female,Gon’ba
02/08/2023,317,Candra,Alessandrini,calessandrini8s@freewebs.com,Female,Šid
02/04/2023,318,Abie,Statton,astatton8t@furl.net,Male,Puteaux
02/05/2023,319,Skyler,Leyes,sleyes8u@github.io,Male,Estância Velha
02/09/2023,320,Bab,Ramelet,bramelet8v@flickr.com,Female,Santiago de Subrrifana
02/27/2023,321,Buddie,Worsnip,bworsnip8w@squarespace.com,Male,Belo Jardim
02/07/2023,322,Carline,Gatheral,cgatheral8x@washington.edu,Female,Rapas
02/17/2023,323,Lilah,Arrault,larrault8y@amazon.com,Female,Medina
02/08/2023,324,Sheila,Attril,sattril8z@chicagotribune.com,Female,Yunji
02/04/2023,325,Karlie,Sanderson,ksanderson90@google.com,Female,Halmstad
02/09/2023,326,Isidore,Goor,igoor91@mayoclinic.com,Male,Niños Heroes
02/15/2023,327,Devinne,Christian,dchristian92@earthlink.net,Female,Podstepki
02/23/2023,328,Reynold,Davidi,rdavidi93@bbc.co.uk,Male,Aix-en-Provence
02/12/2023,329,Jakob,Capelow,jcapelow94@utexas.edu,Male,Tinta
02/10/2023,330,Abbot,Klimowicz,aklimowicz95@studiopress.com,Male,Lizi
02/20/2023,331,Brodie,Guys,bguys96@tripod.com,Male,Vargem Grande do Sul
02/21/2023,332,Marna,Mara,mmara97@wikispaces.com,Female,Port Elizabeth
02/23/2023,333,Waylin,Lickorish,wlickorish98@yolasite.com,Male,Józefów
02/03/2023,334,Jilleen,Phette,jphette99@tripod.com,Female,Kerasochóri
02/05/2023,335,Ronny,Venton,rventon9a@hao123.com,Male,Pemba
02/12/2023,336,Ole,Acuna,oacuna9b@slashdot.org,Polygender,Farah
02/12/2023,337,Caritta,Pawlett,cpawlett9c@infoseek.co.jp,Polygender,Fao Rai
02/09/2023,338,Kippy,Halpen,khalpen9d@addtoany.com,Bigender,Sujiatuo
02/01/2023,339,Andrew,Passie,apassie9e@smh.com.au,Male,Siilinjärvi
02/11/2023,340,Karlee,Habbergham,khabbergham9f@slideshare.net,Female,Sandefjord
02/04/2023,341,Sal,Pedracci,spedracci9g@comcast.net,Female,Sudikampir
02/03/2023,342,Helen-elizabeth,Tolhurst,htolhurst9h@mlb.com,Female,Copa
02/22/2023,343,Nobie,Boerder,nboerder9i@sciencedirect.com,Male,Jinshandian
02/04/2023,344,Roxine,Klampk,rklampk9j@geocities.com,Female,Largo
02/26/2023,345,Mamie,Barehead,mbarehead9k@nature.com,Female,Skopje
02/01/2023,346,Damaris,Cranna,dcranna9l@slideshare.net,Female,Mandalgovi
02/26/2023,347,Bertie,Reboul,breboul9m@bluehost.com,Female,Zhuxi
02/23/2023,348,Cornell,Cossentine,ccossentine9n@moonfruit.com,Male,Uppsala
02/07/2023,349,Mignon,Everley,meverley9o@moonfruit.com,Female,Marvdasht
02/22/2023,350,Shelba,Moline,smoline9p@godaddy.com,Female,Recife
02/10/2023,351,Berte,Luckhurst,bluckhurst9q@weibo.com,Female,Chambellan
02/15/2023,352,Kellia,Drinkeld,kdrinkeld9r@tripod.com,Female,Tajimi
02/13/2023,353,Lucine,Olle,lolle9s@php.net,Female,Severo-Yeniseyskiy
02/03/2023,354,Janetta,Leonardi,jleonardi9t@constantcontact.com,Non-binary,Pingtan
02/03/2023,355,Steven,Fosserd,sfosserd9u@yellowpages.com,Male,Tsévié
02/08/2023,356,Silva,Upjohn,supjohn9v@wisc.edu,Female,Cherëmushki
02/14/2023,357,Garv,Houlison,ghoulison9w@prweb.com,Male,Chunjing
02/21/2023,358,Reeva,Eltone,reltone9x@samsung.com,Female,San Juan
02/06/2023,359,Abigael,Battisson,abattisson9y@ocn.ne.jp,Female,Chavães
02/27/2023,360,Patric,Vedekhin,pvedekhin9z@goodreads.com,Male,Aravissós
02/05/2023,361,Winslow,Habbon,whabbona0@foxnews.com,Male,Biguaçu
02/13/2023,362,Moshe,Geeve,mgeevea1@dailymail.co.uk,Male,Palermo
02/15/2023,363,Fernande,Dilworth,fdilwortha2@huffingtonpost.com,Female,Chicago
02/12/2023,364,Leyla,Paine,lpainea3@nih.gov,Agender,Rybí
02/22/2023,365,Swen,Strowlger,sstrowlgera4@flavors.me,Male,Wudabao
02/08/2023,366,Tailor,Ary,tarya5@fema.gov,Male,Kowale
02/16/2023,367,Cristine,Dufaur,cdufaura6@hubpages.com,Female,Ruangwa
02/01/2023,368,Darb,Bennie,dbenniea7@huffingtonpost.com,Female,Mapalad
02/06/2023,369,Edithe,Twizell,etwizella8@auda.org.au,Female,Žagarė
02/25/2023,370,Audry,Nolin,anolina9@toplist.cz,Female,Padangtiji
02/19/2023,371,Jamill,Tuftin,jtuftinaa@ustream.tv,Male,Tegallega
02/23/2023,372,Gaile,Ducroe,gducroeab@technorati.com,Male,Sośnicowice
02/22/2023,373,Allayne,Ropcke,aropckeac@globo.com,Male,Gancheng
02/14/2023,374,Adan,Sifflett,asifflettad@cnet.com,Male,Kowŏn-ŭp
02/07/2023,375,Yankee,Brownsea,ybrownseaae@squarespace.com,Male,Pathein
02/17/2023,376,Robinet,Nardoni,rnardoniaf@flavors.me,Female,Katipunan
02/27/2023,377,Ty,Delves,tdelvesag@furl.net,Male,Yiyang
02/12/2023,378,Udale,Smith,usmithah@printfriendly.com,Male,Krzeczów
02/11/2023,379,Abigael,Portman,aportmanai@guardian.co.uk,Female,Tembang
02/26/2023,380,Davide,Adderley,dadderleyaj@usda.gov,Male,Xunjian
02/03/2023,381,Daphne,Dybell,ddybellak@altervista.org,Female,Sogati
02/10/2023,382,Kip,Bengle,kbengleal@linkedin.com,Female,Gengwan
02/18/2023,383,Prentiss,Beresford,pberesfordam@mozilla.com,Male,Shiree
02/26/2023,384,Mark,Wilkerson,mwilkersonan@youtu.be,Male,Bipolo
02/10/2023,385,Nester,Conlon,nconlonao@fema.gov,Male,San Jacinto
02/08/2023,386,Valentine,Dyment,vdymentap@google.de,Male,Guhua
02/13/2023,387,Worth,Gartsyde,wgartsydeaq@prnewswire.com,Male,Kétou
02/22/2023,388,Vail,Esselen,vesselenar@unblog.fr,Male,Sagrada Familia
02/09/2023,389,Abdul,Bewlie,abewlieas@google.it,Male,Takaoka
02/02/2023,390,Smitty,Bradfield,sbradfieldat@indiegogo.com,Male,Beaufort
02/24/2023,391,Jeri,Boost,jboostau@freewebs.com,Female,Bandung
02/19/2023,392,Matthew,Pitcaithly,mpitcaithlyav@vk.com,Male,Shtip
02/08/2023,393,Elston,Stanhope,estanhopeaw@ehow.com,Non-binary,Messina
02/14/2023,394,Aland,Culligan,aculliganax@time.com,Male,Sumuragung
02/24/2023,395,Trev,Eliot,teliotay@fastcompany.com,Polygender,Kedungreja
02/25/2023,396,Henrik,Jonke,hjonkeaz@booking.com,Male,Mporokoso
02/23/2023,397,Florenza,Basilone,fbasiloneb0@shareasale.com,Female,Frýdek-Místek
02/12/2023,398,Jay,Ebbetts,jebbettsb1@ted.com,Male,Pedra Branca
02/26/2023,399,Mirabel,Donaldson,mdonaldsonb2@springer.com,Female,Vabalninkas
02/07/2023,400,Cullin,Esslemont,cesslemontb3@hubpages.com,Male,Balibagan Oeste
02/06/2023,401,Simone,Hartgill,shartgillb4@cornell.edu,Male,Cuiabá
02/06/2023,402,Junie,Jakaway,jjakawayb5@deviantart.com,Female,Olleros
02/21/2023,403,Lavinia,Garoghan,lgaroghanb6@un.org,Female,Heidelberg
02/23/2023,404,Mohammed,Fryett,mfryettb7@ucoz.com,Male,Berëzovyy
02/09/2023,405,Marmaduke,Biggadike,mbiggadikeb8@nasa.gov,Male,Zhaojia
02/27/2023,406,Austen,Shade,ashadeb9@springer.com,Male,Longos
02/18/2023,407,Gard,Adamovich,gadamovichba@lulu.com,Male,Baykalovo
02/13/2023,408,Tomkin,Brouwer,tbrouwerbb@imageshack.us,Male,Damatulan
02/13/2023,409,Michaella,Wearn,mwearnbc@yelp.com,Female,Tuanshan
02/03/2023,410,Blaine,Gullivan,bgullivanbd@comsenz.com,Male,Sedatigede
02/14/2023,411,Letti,Linde,llindebe@sciencedaily.com,Female,Shuangqiao
02/01/2023,412,Adrianna,Patrie,apatriebf@paginegialle.it,Female,Āqchah
02/23/2023,413,Adamo,Dotterill,adotterillbg@go.com,Male,Shibetsu
02/22/2023,414,Josie,McCaughan,jmccaughanbh@mashable.com,Female,Rio Meão
02/07/2023,415,Anya,Tidbold,atidboldbi@themeforest.net,Bigender,Qukuhu
02/02/2023,416,Samaria,Briddle,sbriddlebj@instagram.com,Female,Independencia
02/05/2023,417,Tobiah,Hobble,thobblebk@fotki.com,Male,Sydney
02/06/2023,418,Hamel,Russi,hrussibl@webmd.com,Male,Rivera
02/02/2023,419,Kermit,Roloff,kroloffbm@over-blog.com,Male,Santa Venera
02/06/2023,420,Thorn,Giacobilio,tgiacobiliobn@networkadvertising.org,Male,Barang
02/15/2023,421,Retha,Jenking,rjenkingbo@smh.com.au,Female,Ubrub
02/22/2023,422,Kylie,Cicullo,kcicullobp@google.com.br,Genderqueer,Zhangshi
02/05/2023,423,Drucill,Pavinese,dpavinesebq@engadget.com,Female,Al Qanāţir al Khayrīyah
02/02/2023,424,Lek,Gorrissen,lgorrissenbr@mit.edu,Genderqueer,Boden
02/09/2023,425,Arleta,Mewis,amewisbs@ebay.co.uk,Female,Pulau Pinang
02/12/2023,426,Hagen,Dureden,hduredenbt@netscape.com,Male,Ugljan
02/04/2023,427,Hermie,Constant,hconstantbu@networkadvertising.org,Male,Borzęta
02/02/2023,428,Andromache,Learmonth,alearmonthbv@sfgate.com,Female,Taman
02/14/2023,429,Dosi,Oliff,doliffbw@cmu.edu,Female,Goshogawara
02/16/2023,430,Packston,Silbert,psilbertbx@oakley.com,Male,London
02/05/2023,431,Megen,Furney,mfurneyby@wordpress.com,Female,Petrolera
02/23/2023,432,Susannah,Scardifeild,sscardifeildbz@facebook.com,Female,Zhanaozen
02/15/2023,433,Gwenette,Ivanchenkov,givanchenkovc0@google.pl,Female,Vidual
02/14/2023,434,Teri,Elcome,telcomec1@diigo.com,Non-binary,Melaka
02/06/2023,435,Sabine,MacNeillie,smacneilliec2@usa.gov,Female,Karlshamn
02/08/2023,436,Udell,Landis,ulandisc3@canalblog.com,Male,Kobrinskoye
02/07/2023,437,Neils,Johnigan,njohniganc4@macromedia.com,Male,Talawakele
02/11/2023,438,Didi,Keher,dkeherc5@cloudflare.com,Female,Pozhang
02/10/2023,439,Jobey,Higounet,jhigounetc6@theatlantic.com,Female,Aglipay
02/13/2023,440,Adah,Stanley,astanleyc7@storify.com,Female,São João do Campo
02/08/2023,441,Kenon,Blamires,kblamiresc8@is.gd,Male,João Pessoa
02/03/2023,442,Kathie,Guerner,kguernerc9@discovery.com,Female,Lac La Biche
02/12/2023,443,Annadiane,Dobrowolny,adobrowolnyca@phpbb.com,Female,Tunguang
02/02/2023,444,Cece,Hutchence,chutchencecb@si.edu,Male,Zalaegerszeg
02/16/2023,445,Louisette,Steers,lsteerscc@who.int,Genderfluid,Huaping
02/07/2023,446,Bradford,Newing,bnewingcd@a8.net,Male,Ralung
02/25/2023,447,Lucine,Crossfeld,lcrossfeldce@skype.com,Female,Mramani
02/11/2023,448,Corly,Davidek,cdavidekcf@weibo.com,Female,Paris 19
02/26/2023,449,Christos,Kassman,ckassmancg@prnewswire.com,Male,Al Manzilah
02/15/2023,450,Billie,Norquay,bnorquaych@nature.com,Male,Lugouqiao
02/25/2023,451,Katheryn,Cabane,kcabaneci@theatlantic.com,Female,Funan Chengguanzhen
02/07/2023,452,Delinda,Doyland,ddoylandcj@spotify.com,Female,Xibër-Murrizë
02/21/2023,453,Levon,Berkley,lberkleyck@deliciousdays.com,Male,Panyindangan
02/13/2023,454,Ranee,Yanov,ryanovcl@dagondesign.com,Female,Borovany
02/04/2023,455,Weston,Strothers,wstrotherscm@slashdot.org,Male,Bakar
02/24/2023,456,Nichole,Crombleholme,ncrombleholmecn@hibu.com,Female,Makariv
02/24/2023,457,Cesare,Stickford,cstickfordco@time.com,Male,Zuolan
02/16/2023,458,Carole,Drohane,cdrohanecp@nyu.edu,Female,Hongzhou
02/02/2023,459,Gustaf,Bloore,gbloorecq@geocities.com,Male,Xishan
02/15/2023,460,Kit,Howsden,khowsdencr@state.tx.us,Male,La Paz
02/22/2023,461,Goran,Troni,gtronics@dmoz.org,Non-binary,Ipoh
02/14/2023,462,Kennith,Crosseland,kcrosselandct@noaa.gov,Male,Obuasi
02/07/2023,463,Mario,Gawkes,mgawkescu@vk.com,Agender,Datong
02/20/2023,464,Cthrine,Hugueville,chuguevillecv@smugmug.com,Female,Longhu
02/10/2023,465,Malynda,Giacometti,mgiacometticw@1688.com,Female,Vilares
02/26/2023,466,Allen,Oneal,aonealcx@plala.or.jp,Male,San José
02/18/2023,467,Tobias,Strotone,tstrotonecy@reference.com,Agender,Okocim
02/14/2023,468,Lester,Simeone,lsimeonecz@businesswire.com,Male,Oke Iho
02/01/2023,469,Giustino,Weir,gweird0@google.com.br,Male,Liberta
02/03/2023,470,Nathalia,Conachie,nconachied1@bbb.org,Female,Santana
02/11/2023,471,Ryon,Percival,rpercivald2@pinterest.com,Male,Kebonagung
02/08/2023,472,Nobe,Vescovini,nvescovinid3@uol.com.br,Male,Versailles
02/20/2023,473,Burnard,Croxley,bcroxleyd4@oracle.com,Male,Haoba
02/18/2023,474,Fayre,Dumbelton,fdumbeltond5@msn.com,Agender,Brampton
02/25/2023,475,Richard,Fardoe,rfardoed6@bigcartel.com,Male,Fleury-les-Aubrais
02/11/2023,476,Pete,Carnew,pcarnewd7@facebook.com,Male,Sirnasari
02/23/2023,477,Benjie,Corrett,bcorrettd8@ucoz.ru,Male,Diaoling
02/27/2023,478,Randal,Alwood,ralwoodd9@shareasale.com,Male,Qiaotou
02/04/2023,479,Georgette,Millions,gmillionsda@intel.com,Female,Promyshlennovskiy
02/23/2023,480,Jenny,Lambden,jlambdendb@mozilla.com,Female,Río Segundo
02/23/2023,481,Jodee,Rosentholer,jrosentholerdc@alexa.com,Female,Guzhu
02/27/2023,482,Di,Walter,dwalterdd@shareasale.com,Female,Bartolomé Masó
02/19/2023,483,Maighdiln,Lafranconi,mlafranconide@pagesperso-orange.fr,Female,Dampit
02/25/2023,484,Francis,Legges,fleggesdf@1und1.de,Male,Palumbungan
02/06/2023,485,Jessamyn,Tull,jtulldg@gravatar.com,Female,São João da Boa Vista
02/05/2023,486,Constantin,Pere,cperedh@deliciousdays.com,Male,Široki Brijeg
02/02/2023,487,Annemarie,Beekmann,abeekmanndi@mozilla.org,Female,Timbó
02/21/2023,488,Theresa,Starling,tstarlingdj@example.com,Female,Krajan C Wonorejo
02/22/2023,489,Melvin,Gasker,mgaskerdk@etsy.com,Male,Szczecin
02/26/2023,490,Aileen,Nealey,anealeydl@msn.com,Female,Labuhanlalar
02/03/2023,491,Seward,Erington,seringtondm@answers.com,Male,Bhimbar
02/27/2023,492,Elfie,Meiklem,emeiklemdn@creativecommons.org,Female,Nanyue
02/01/2023,493,Urson,Dell'Abbate,udellabbatedo@nhs.uk,Male,Jincang
02/14/2023,494,Mordecai,Morcombe,mmorcombedp@tinyurl.com,Male,Aguada de Pasajeros
02/20/2023,495,Oliver,Lebrun,olebrundq@hp.com,Male,Piúma
02/20/2023,496,Cathrine,A'field,cafielddr@cisco.com,Female,Deventer
02/20/2023,497,Licha,Bielfeld,lbielfeldds@flickr.com,Female,Calsib
02/23/2023,498,Jolene,Whapham,jwhaphamdt@indiegogo.com,Female,Bulan
02/03/2023,499,Caryl,Heineking,cheinekingdu@weebly.com,Male,Praia de Mira
02/18/2023,500,Lise,Taylo,ltaylodv@live.com,Female,Abay
02/16/2023,501,Cross,Baroc,cbarocdw@google.com.hk,Male,Noveleta
02/24/2023,502,Adolphus,Caught,acaughtdx@flickr.com,Male,Venezia
02/26/2023,503,Kurt,Hammond,khammonddy@wikispaces.com,Male,Billère
02/26/2023,504,Billy,Chang,bchangdz@berkeley.edu,Female,Changliang
02/27/2023,505,Bobette,Kohnert,bkohnerte0@elegantthemes.com,Female,Hobo
02/22/2023,506,Corene,Rennie,crenniee1@mtv.com,Female,Ituverava
02/15/2023,507,Paola,Merryweather,pmerryweathere2@mayoclinic.com,Female,Chon Buri
02/10/2023,508,Vic,Vernall,vvernalle3@cbsnews.com,Male,Musawa
02/03/2023,509,Wilbur,Eliesco,weliescoe4@illinois.edu,Polygender,Phu Kradueng
02/16/2023,510,Katlin,Armatidge,karmatidgee5@pbs.org,Female,Kristianstad
02/27/2023,511,Irv,Seely,iseelye6@sourceforge.net,Non-binary,Fairview
02/03/2023,512,Hanny,Lippingwell,hlippingwelle7@cbc.ca,Female,Sidirókastro
02/01/2023,513,Bentlee,Wurst,bwurste8@zimbio.com,Male,Kozelets’
02/09/2023,514,Hagen,Tavinor,htavinore9@dmoz.org,Male,Lajinha
02/21/2023,515,Kimmi,Tattershall,ktattershallea@woothemes.com,Female,Xiawuqi
02/14/2023,516,Peta,Finden,pfindeneb@instagram.com,Female,Qiting
02/02/2023,517,Gretta,Sexten,gsextenec@shinystat.com,Female,Quỳnh Côi
02/09/2023,518,Hastings,Boorer,hboorered@facebook.com,Male,Kolodeznyy
02/03/2023,519,Gearalt,Adderley,gadderleyee@rakuten.co.jp,Male,Belén
02/27/2023,520,Felecia,Jaan,fjaanef@storify.com,Female,Mae Sot
02/11/2023,521,Thaddus,Esland,teslandeg@wired.com,Genderqueer,Boliney
02/08/2023,522,Aggi,Figin,afigineh@com.com,Female,Opočno
02/14/2023,523,Jacki,Hardwin,jhardwinei@ibm.com,Female,Pujiang
02/09/2023,524,Fayina,Stanyland,fstanylandej@newsvine.com,Female,Pitogo
02/03/2023,525,Alva,Slipper,aslipperek@edublogs.org,Male,Chaumont
02/24/2023,526,Saunderson,Fleming,sflemingel@un.org,Male,Alupay
02/04/2023,527,Ross,Dannell,rdannellem@slate.com,Male,Sandouping
02/01/2023,528,Christiano,Stollenbeck,cstollenbecken@ovh.net,Male,Telmin Suma
02/18/2023,529,Eli,Heather,eheathereo@bandcamp.com,Male,Boden
02/17/2023,530,Bari,Carlisso,bcarlissoep@admin.ch,Female,Arras
02/07/2023,531,Malcolm,Ingman,mingmaneq@addthis.com,Male,Ranot
02/03/2023,532,Burke,Geipel,bgeipeler@altervista.org,Male,Yantang
02/03/2023,533,Ofella,Bohlsen,obohlsenes@baidu.com,Female,Nishor
02/14/2023,534,Caterina,Elstone,celstoneet@linkedin.com,Female,Orléans
02/10/2023,535,Ellary,Fidilis,efidiliseu@umn.edu,Male,Humniska
02/17/2023,536,Danny,Scneider,dscneiderev@hatena.ne.jp,Male,Darovskoy
02/02/2023,537,Lory,Liell,lliellew@ifeng.com,Female,Silvino Lobos
02/22/2023,538,Kaye,Dymoke,kdymokeex@jigsy.com,Female,Osan
02/19/2023,539,Hedwiga,Pudsey,hpudseyey@fema.gov,Female,Pechenga
02/09/2023,540,Tracey,Copcote,tcopcoteez@naver.com,Female,Shazi
02/06/2023,541,Ara,Float,afloatf0@ning.com,Female,Santa Cristina Couto
02/15/2023,542,Julian,Witherspoon,jwitherspoonf1@telegraph.co.uk,Male,Hüremt
02/13/2023,543,Dermot,Halling,dhallingf2@house.gov,Male,Houping
02/16/2023,544,Kristin,De la Perrelle,kdelaperrellef3@jugem.jp,Female,Morelos
02/13/2023,545,Iolanthe,Anan,iananf4@studiopress.com,Female,Limoges
02/26/2023,546,Portie,O' Mullane,pomullanef5@whitehouse.gov,Male,Niš
02/26/2023,547,Quentin,Dregan,qdreganf6@time.com,Male,Zhavoronki
02/02/2023,548,Evanne,Hickenbottom,ehickenbottomf7@example.com,Female,Varennes
02/08/2023,549,Mercedes,Partleton,mpartletonf8@oaic.gov.au,Female,Miyakonojō
02/13/2023,550,Davine,Heskey,dheskeyf9@sogou.com,Female,Mbigou
02/24/2023,551,Bartholomeo,Cattrell,bcattrellfa@army.mil,Male,Chrást
02/12/2023,552,Claudetta,Farnie,cfarniefb@example.com,Female,Dzüünbulag
02/19/2023,553,Cordie,Gallimore,cgallimorefc@flavors.me,Male,Annecy-le-Vieux
02/07/2023,554,Maryjo,Jorry,mjorryfd@linkedin.com,Agender,Ban Talat Bueng
02/08/2023,555,Raf,Treweek,rtreweekfe@redcross.org,Agender,Strömsnäsbruk
02/24/2023,556,Chere,Aldcorne,caldcorneff@woothemes.com,Genderqueer,Punta Gorda
02/17/2023,557,Paolo,Boyer,pboyerfg@pbs.org,Male,Angra do Heroísmo
02/11/2023,558,Hirsch,Jeffs,hjeffsfh@w3.org,Male,Atabayan
02/22/2023,559,Bette-ann,Harsum,bharsumfi@alibaba.com,Female,Yanmen
02/08/2023,560,Gwyneth,Martusov,gmartusovfj@mail.ru,Female,Gaoqiao
02/11/2023,561,Arnie,Toopin,atoopinfk@amazonaws.com,Agender,La Reforma
02/07/2023,562,Poul,Houchin,phouchinfl@eventbrite.com,Male,Kingsport
02/09/2023,563,Abran,Liepina,aliepinafm@fotki.com,Male,Jonava
02/13/2023,564,Keven,Yoxall,kyoxallfn@army.mil,Male,Acaraú
02/02/2023,565,Sarine,McAster,smcasterfo@shareasale.com,Female,Duoxiang
02/03/2023,566,Alix,Remington,aremingtonfp@last.fm,Female,Panique
02/18/2023,567,Howard,Garken,hgarkenfq@bing.com,Agender,Changbai
02/13/2023,568,Guthry,Benwell,gbenwellfr@cdbaby.com,Male,La Argentina
02/05/2023,569,Onofredo,Antunes,oantunesfs@ca.gov,Male,Korydallós
02/27/2023,570,Freddie,Altham,falthamft@ucoz.ru,Bigender,Paoay
02/11/2023,571,Ketti,O'Kuddyhy,kokuddyhyfu@linkedin.com,Female,Curry
02/24/2023,572,Crystie,Hamner,chamnerfv@scientificamerican.com,Female,Burunday
02/24/2023,573,Grantley,Navarijo,gnavarijofw@nba.com,Male,Karangdalam
02/04/2023,574,Lonnie,Measures,lmeasuresfx@deviantart.com,Male,Cabra Figa
02/04/2023,575,Shandra,Semaine,ssemainefy@bigcartel.com,Female,Bogolyubovo
02/21/2023,576,Sly,Potell,spotellfz@youtu.be,Male,Luzino
02/11/2023,577,Marianne,Prangle,mprangleg0@w3.org,Female,Chrysoúpolis
02/11/2023,578,Dolores,MacCarrane,dmaccarraneg1@go.com,Polygender,Sagud-Bahley
02/07/2023,579,Bing,Arp,barpg2@typepad.com,Male,Ciénaga de Oro
02/26/2023,580,Damon,Colombier,dcolombierg3@baidu.com,Genderqueer,Condoroma
02/01/2023,581,Rudd,Puddin,rpudding4@webmd.com,Male,Gucun
02/04/2023,582,Andriette,Arnaud,aarnaudg5@instagram.com,Female,城郊
02/21/2023,583,Olimpia,Semrad,osemradg6@washington.edu,Female,Al Mazzūnah
02/13/2023,584,Brandtr,Abba,babbag7@tmall.com,Male,Banggel
02/25/2023,585,Paxton,Lamkin,plamking8@privacy.gov.au,Male,Québec
02/18/2023,586,Roxana,Bigg,rbiggg9@privacy.gov.au,Female,Cihampelas
02/24/2023,587,Joli,Ojeda,jojedaga@sphinn.com,Female,Bry-sur-Marne
02/15/2023,588,Nicolai,Bendson,nbendsongb@google.es,Male,Kujang-ŭp
02/07/2023,589,Bennett,Tomas,btomasgc@cocolog-nifty.com,Male,Sidonganti
02/02/2023,590,Yardley,Waldera,ywalderagd@unesco.org,Male,Sampao
02/14/2023,591,Tuckie,Lumbers,tlumbersge@storify.com,Male,Maunggora
02/13/2023,592,Gram,Haggie,ghaggiegf@blog.com,Male,Yanagawamachi-saiwaichō
02/20/2023,593,Walliw,Decayette,wdecayettegg@mashable.com,Female,Dadong’ao
02/16/2023,594,Phillis,Drewson,pdrewsongh@state.gov,Female,Santa Cruz
02/25/2023,595,Meara,McCleary,mmcclearygi@loc.gov,Female,Yucun
02/10/2023,596,Murvyn,Dafforne,mdaffornegj@cafepress.com,Male,Niebylec
02/09/2023,597,Gerard,Charlwood,gcharlwoodgk@networkadvertising.org,Male,Zhu’ao
02/09/2023,598,Padget,Menego,pmenegogl@samsung.com,Male,San Jacinto
02/14/2023,599,Jillane,Rolse,jrolsegm@joomla.org,Polygender,Ibaté
02/11/2023,600,Kally,Ilive,kilivegn@state.tx.us,Female,Nogent-sur-Marne
02/17/2023,601,Joann,Brotherhood,jbrotherhoodgo@mac.com,Female,Mimbaan Timur
02/13/2023,602,Brande,MacGillivrie,bmacgillivriegp@about.com,Female,Buan
02/22/2023,603,Aaren,Lehmann,alehmanngq@ox.ac.uk,Female,Novopokrovka
02/16/2023,604,Clemence,Hansemann,chansemanngr@washington.edu,Female,Pouzauges
02/14/2023,605,Reade,Melesk,rmeleskgs@wix.com,Male,Cirateun
02/05/2023,606,Marietta,Toffoloni,mtoffolonigt@google.com.hk,Male,Chicago
02/10/2023,607,Shannan,Clare,sclaregu@nps.gov,Male,Zduńska Wola
02/13/2023,608,Velvet,Linnard,vlinnardgv@jiathis.com,Female,Voskehask
02/11/2023,609,Jana,Rycraft,jrycraftgw@umn.edu,Female,Hällefors
02/17/2023,610,Durand,Meads,dmeadsgx@imdb.com,Male,Zhemtala
02/25/2023,611,Ashlen,Widdowfield,awiddowfieldgy@home.pl,Female,Žeravice
02/04/2023,612,Holt,Staneland,hstanelandgz@sciencedirect.com,Male,Naivasha
02/04/2023,613,Kelley,Baskwell,kbaskwellh0@jiathis.com,Male,Cilaja
02/13/2023,614,Ulysses,Tatlock,utatlockh1@bloglines.com,Male,Svilajnac
02/06/2023,615,Donnell,Longmore,dlongmoreh2@bizjournals.com,Male,Idfu
02/18/2023,616,Farlee,Eager,feagerh3@goo.ne.jp,Male,Kelowna
02/01/2023,617,Ode,Serrurier,oserrurierh4@businessweek.com,Male,Podol’sk
02/24/2023,618,Brody,Madner,bmadnerh5@addtoany.com,Male,Páchni
02/18/2023,619,Jermaine,Rouse,jrouseh6@foxnews.com,Male,Fenshui
02/06/2023,620,Georas,Coote,gcooteh7@geocities.jp,Male,Mjölby
02/12/2023,621,Corny,Clout,cclouth8@pcworld.com,Male,Rzgów
02/08/2023,622,Lynnelle,Emmens,lemmensh9@linkedin.com,Female,Le Havre
02/10/2023,623,Maurie,Stevens,mstevensha@fema.gov,Male,Coquitlam
02/14/2023,624,Ashley,Ping,apinghb@nifty.com,Male,Chư Prông
02/14/2023,625,Hervey,Stanworth,hstanworthhc@xing.com,Male,Golovinskiy
02/12/2023,626,Phillis,Darlison,pdarlisonhd@jiathis.com,Female,Daliu
02/13/2023,627,Roderic,Bakhrushkin,rbakhrushkinhe@hubpages.com,Male,Ma Đa Gui
02/20/2023,628,Dudley,O'Bradane,dobradanehf@tiny.cc,Male,Los Mangos
02/01/2023,629,Fonzie,Pinch,fpinchhg@360.cn,Male,Palermo
02/25/2023,630,Nicoline,Shovelton,nshoveltonhh@51.la,Female,Maragogi
02/01/2023,631,Agnola,Eberle,aeberlehi@mapy.cz,Female,Munka-Ljungby
02/17/2023,632,Flin,Veillard,fveillardhj@hhs.gov,Male,Yunmeng Chengguanzhen
02/01/2023,633,Rose,Waszkiewicz,rwaszkiewiczhk@wikipedia.org,Female,Umingan
02/02/2023,634,Lani,Castellucci,lcastelluccihl@odnoklassniki.ru,Female,Bluri
02/19/2023,635,Nichole,Burr,nburrhm@studiopress.com,Female,Baixo Guandu
02/12/2023,636,Trevar,Moscone,tmosconehn@sina.com.cn,Male,Runjin
02/17/2023,637,Cissy,Miner,cminerho@163.com,Female,Wang Thonglang
02/15/2023,638,Lebbie,Lofts,lloftshp@forbes.com,Female,Itapira
02/26/2023,639,Shamus,Truter,struterhq@istockphoto.com,Male,Kuzhu
02/07/2023,640,Esmeralda,Tolcharde,etolchardehr@chronoengine.com,Female,Cikaras
02/13/2023,641,Kasey,Insley,kinsleyhs@com.com,Female,Guanabacoa
02/04/2023,642,Darryl,Ackermann,dackermannht@usnews.com,Female,Yaté-Barrage
02/11/2023,643,Huey,Tharme,htharmehu@dion.ne.jp,Male,Kose
02/04/2023,644,Parry,Gray,pgrayhv@un.org,Male,Phutthaisong
02/05/2023,645,Lancelot,Caren,lcarenhw@tmall.com,Male,Roma
02/18/2023,646,Denis,Dominichelli,ddominichellihx@rambler.ru,Genderqueer,Arani
02/17/2023,647,Olivier,Sissons,osissonshy@usda.gov,Male,Motrico
02/26/2023,648,Celeste,Laye,clayehz@vistaprint.com,Female,Dobra
02/22/2023,649,Christi,Pinson,cpinsoni0@aboutads.info,Female,Yihe
02/24/2023,650,Sunny,Taylorson,staylorsoni1@nymag.com,Male,Khlong Hat
02/24/2023,651,Rooney,Mosey,rmoseyi2@creativecommons.org,Male,Yangkang
02/22/2023,652,Chauncey,Mowatt,cmowatti3@prweb.com,Male,Pucón
02/22/2023,653,Sascha,Standell,sstandelli4@scribd.com,Male,Zhujiachang
02/07/2023,654,Ange,Candish,acandishi5@wsj.com,Male,Várzea Grande
02/12/2023,655,Herbie,Sebert,hseberti6@blogspot.com,Male,Jalatrang
02/12/2023,656,Shay,Reedie,sreediei7@dmoz.org,Male,Zhangjiang
02/13/2023,657,Artus,Gonsalo,agonsaloi8@shutterfly.com,Male,Cañete
02/04/2023,658,Luella,Gerhartz,lgerhartzi9@tripadvisor.com,Female,Maoping
02/08/2023,659,Glori,Wyldbore,gwyldboreia@newyorker.com,Female,Bonneville
02/13/2023,660,Bamby,Razoux,brazouxib@rakuten.co.jp,Female,Saryözek
02/01/2023,661,Joachim,Lyte,jlyteic@vk.com,Agender,Paris 11
02/09/2023,662,Lek,Challens,lchallensid@gmpg.org,Male,Jalanbaru
02/02/2023,663,Cherrita,Capeling,ccapelingie@samsung.com,Female,Bungkal
02/07/2023,664,Reuben,Blitz,rblitzif@diigo.com,Male,Makiv
02/19/2023,665,Germain,Hub,ghubig@icio.us,Genderfluid,Timbaúba
02/24/2023,666,Tallie,Grainger,tgraingerih@ftc.gov,Female,Badīn
02/03/2023,667,Iain,Densham,idenshamii@rediff.com,Male,Demuk
02/12/2023,668,Yuri,Gilberthorpe,ygilberthorpeij@hp.com,Non-binary,Warungtanjung
02/18/2023,669,Patty,Caudrelier,pcaudrelierik@histats.com,Male,Barbalha
02/05/2023,670,Tod,Sheahan,tsheahanil@admin.ch,Male,Gävle
02/27/2023,671,Eloise,Dightham,edighthamim@ucla.edu,Genderqueer,Kallithéa
02/07/2023,672,Mary,Cunde,mcundein@people.com.cn,Female,Huacheng
02/15/2023,673,Harbert,Kubacki,hkubackiio@yahoo.co.jp,Male,Saki
02/12/2023,674,Flori,Gibbeson,fgibbesonip@yolasite.com,Female,Padang
02/25/2023,675,Michaelina,Thomasson,mthomassoniq@who.int,Non-binary,Sambir
02/03/2023,676,Daron,McCuthais,dmccuthaisir@wikipedia.org,Female,Shal’skiy
02/11/2023,677,Caitlin,Stone,cstoneis@squidoo.com,Female,Pochinki
02/20/2023,678,Base,Hegdonne,bhegdonneit@microsoft.com,Male,Svetogorsk
02/13/2023,679,Teri,Sink,tsinkiu@1688.com,Female,Stavanger
02/24/2023,680,Hobey,Wiper,hwiperiv@rediff.com,Male,Wobulenzi
02/14/2023,681,Clarice,Young,cyoungiw@va.gov,Female,Xitianwei
02/24/2023,682,Dinnie,Noad,dnoadix@fda.gov,Female,Profítis Ilías
02/02/2023,683,Bary,Fawssett,bfawssettiy@walmart.com,Male,Miyazu
02/04/2023,684,Arabella,Largan,alarganiz@tinypic.com,Genderfluid,Xiabuji
02/18/2023,685,Abigail,Seddon,aseddonj0@webeden.co.uk,Female,Bayog
02/22/2023,686,Bret,Mycock,bmycockj1@intel.com,Male,Mujiangping
02/06/2023,687,Emmalyn,Symington,esymingtonj2@csmonitor.com,Female,Ngasinan
02/14/2023,688,Norri,Shortell,nshortellj3@naver.com,Female,Hucheng
02/11/2023,689,Gwenora,Roantree,groantreej4@google.ca,Female,Giemdiem
02/19/2023,690,Nichols,Walkey,nwalkeyj5@archive.org,Male,Denver
02/09/2023,691,Marianna,Revel,mrevelj6@hhs.gov,Female,Jiaze
02/20/2023,692,Ravid,Dorr,rdorrj7@toplist.cz,Male,Lebak
02/09/2023,693,Randy,Lautie,rlautiej8@amazon.de,Male,San Mariano
02/21/2023,694,Olive,Largent,olargentj9@ft.com,Female,Jingdang
02/06/2023,695,Konstantin,Lancley,klancleyja@biblegateway.com,Male,Danville
02/05/2023,696,Halley,Fisby,hfisbyjb@youtu.be,Female,Dukou
02/14/2023,697,Sioux,Dahlbom,sdahlbomjc@hubpages.com,Female,San Javier
02/07/2023,698,Elroy,Titchard,etitchardjd@reverbnation.com,Male,Hanjia
02/27/2023,699,Kathye,McGeraghty,kmcgeraghtyje@microsoft.com,Female,Cran-Gevrier
02/05/2023,700,Alla,Petticrew,apetticrewjf@businessweek.com,Female,Piaski
02/17/2023,701,Annalee,Zack,azackjg@drupal.org,Female,Mont-Tremblant
02/13/2023,702,Park,Elby,pelbyjh@bloglovin.com,Male,George Town
02/04/2023,703,Leonore,Scurlock,lscurlockji@oakley.com,Female,Shuiying
02/26/2023,704,Thorndike,Topham,ttophamjj@51.la,Male,Sobo
02/27/2023,705,Randal,Keysall,rkeysalljk@squidoo.com,Male,Laguna Limpia
02/23/2023,706,Gabbey,Witherbed,gwitherbedjl@tripadvisor.com,Agender,Stavropol’
02/02/2023,707,Benoit,Benduhn,bbenduhnjm@seattletimes.com,Male,Tazouta
02/17/2023,708,Elberta,Raggles,eragglesjn@gravatar.com,Female,Ikaalinen
02/18/2023,709,Nanine,Crowthe,ncrowthejo@admin.ch,Female,Cimanglid
02/08/2023,710,Mattie,Pocknoll,mpocknolljp@si.edu,Female,San Agustin
02/27/2023,711,Corrina,Fussey,cfusseyjq@hhs.gov,Female,Carolina
02/15/2023,712,Kerry,Aslum,kaslumjr@jalbum.net,Male,Lujiao
02/17/2023,713,Lauree,Streader,lstreaderjs@samsung.com,Female,San Fabian
02/03/2023,714,Silvanus,Burstow,sburstowjt@cnn.com,Agender,Verkhniy Dashkesan
02/17/2023,715,Pooh,Dowles,pdowlesju@ameblo.jp,Female,Comitancillo
02/01/2023,716,Laurella,Pitherick,lpitherickjv@smugmug.com,Female,Bāniyās
02/25/2023,717,Thalia,Penk,tpenkjw@scribd.com,Female,Adh Dhayd
02/01/2023,718,Waylan,Embra,wembrajx@addtoany.com,Male,Oslo
02/27/2023,719,Markus,Jekyll,mjekylljy@mysql.com,Male,Sobinka
02/18/2023,720,Nicky,Howorth,nhoworthjz@meetup.com,Male,Bangshipu
02/15/2023,721,Roobbie,Willment,rwillmentk0@walmart.com,Non-binary,Qianjin
02/22/2023,722,Darell,Stobo,dstobok1@github.io,Female,Kot Sultan
02/08/2023,723,Neville,Hegge,nheggek2@skyrock.com,Male,Puerto Eldorado
02/27/2023,724,Carlin,Rosenvasser,crosenvasserk3@nytimes.com,Female,Xiaopu
02/05/2023,725,Amby,Easun,aeasunk4@yahoo.com,Male,Regimin
02/07/2023,726,Efrem,Colebeck,ecolebeckk5@huffingtonpost.com,Male,Sovetskoye
02/08/2023,727,Sheilah,Duce,sducek6@scientificamerican.com,Female,Nakovo
02/02/2023,728,Kerrill,Braunle,kbraunlek7@buzzfeed.com,Female,Beauvais
02/10/2023,729,Wadsworth,Clorley,wclorleyk8@ebay.com,Male,Cuito
02/19/2023,730,Zelig,Heathcott,zheathcottk9@china.com.cn,Male,Saint John’s
02/19/2023,731,Mendy,Cheese,mcheeseka@webmd.com,Genderqueer,Blangpulo
02/01/2023,732,Derron,Danilchev,ddanilchevkb@ycombinator.com,Male,Erdaojiang
02/25/2023,733,Dionis,Bidmead,dbidmeadkc@jalbum.net,Female,Przemęt
02/16/2023,734,Perle,Ludl,pludlkd@dagondesign.com,Female,Sosnovoborsk
02/15/2023,735,Audrye,Laflin,alaflinke@huffingtonpost.com,Female,Tripoli
02/19/2023,736,Bell,Sambells,bsambellskf@amazon.co.jp,Female,Curepipe
02/25/2023,737,Halsy,Braybrooks,hbraybrookskg@skyrock.com,Male,Akwanga
02/21/2023,738,Tadeo,Spurdle,tspurdlekh@google.de,Male,Cilated
02/15/2023,739,Sallyann,Brunroth,sbrunrothki@discuz.net,Female,Řehlovice
02/13/2023,740,Deeanne,Kenshole,dkensholekj@youtube.com,Female,Cajolá
02/18/2023,741,Kassandra,Rendell,krendellkk@networkadvertising.org,Female,Iwonicz-Zdrój
02/25/2023,742,Babara,Giovannacc@i,bgiovannaccikl@chronoengine.com,Female,Łęki
02/19/2023,743,Meade,Rowles,mrowleskm@github.com,Male,Vouani
02/12/2023,744,Andromache,Biggin,abigginkn@slideshare.net,Female,Vermil
02/15/2023,745,Nolly,Rouf,nroufko@godaddy.com,Male,Pskov
02/17/2023,746,Dinnie,Streets,dstreetskp@ebay.co.uk,Female,Angra do Heroísmo
02/12/2023,747,Birch,Malicki,bmalickikq@wikipedia.org,Agender,Pulong Gubat
02/15/2023,748,Saraann,Basilio,sbasiliokr@cyberchimps.com,Female,Ambovombe
02/11/2023,749,Neron,Buckeridge,nbuckeridgeks@parallels.com,Male,Seupakat
02/27/2023,750,Judi,Huerta,jhuertakt@tinypic.com,Female,Karangmulya
02/03/2023,751,Liv,O'Cullinane,locullinaneku@deliciousdays.com,Female,Novobeysugskaya
02/10/2023,752,Roselle,Pretti,rprettikv@ehow.com,Female,Uga
02/22/2023,753,Waverly,Chapple,wchapplekw@dedecms.com,Male,Varjota
02/17/2023,754,Nada,Mariyushkin,nmariyushkinkx@apache.org,Female,Sundsvall
02/27/2023,755,Orran,Dignam,odignamky@unicef.org,Male,Kharkiv
02/21/2023,756,Carol-jean,Sans,csanskz@livejournal.com,Polygender,Kuressaare
02/04/2023,757,Sondra,McAnellye,smcanellyel0@mapquest.com,Female,Jayawangi
02/15/2023,758,Aubree,Chieco,achiecol1@abc.net.au,Female,Klemunan
02/12/2023,759,Padget,Watmore,pwatmorel2@princeton.edu,Male,Mahaica Village
02/23/2023,760,Viola,Jessop,vjessopl3@dot.gov,Female,Qaşr al Farāfirah
02/18/2023,761,Antony,Perigoe,aperigoel4@oakley.com,Male,Wudabao
02/03/2023,762,Sanders,Tookill,stookilll5@nasa.gov,Male,Nakhchivan
02/19/2023,763,Genvieve,Hellyer,ghellyerl6@wikispaces.com,Female,Latacunga
02/16/2023,764,Nathalia,Dibbin,ndibbinl7@auda.org.au,Non-binary,Ntsoudjini
02/17/2023,765,Jamill,Russo,jrussol8@cafepress.com,Male,Maykor
02/18/2023,766,Virgie,Mellody,vmellodyl9@nytimes.com,Male,Lusacan
02/07/2023,767,Stormie,Carwithen,scarwithenla@columbia.edu,Female,Babakankiray
02/11/2023,768,Gare,Braunroth,gbraunrothlb@drupal.org,Male,Kaom
02/15/2023,769,Brennan,Cruddas,bcruddaslc@soup.io,Male,Montrouge
02/09/2023,770,Kelwin,Jessup,kjessupld@furl.net,Male,Ritchie
02/05/2023,771,Glynda,Kett,gkettle@twitter.com,Female,Guanting
02/06/2023,772,Amber,Philimore,aphilimorelf@apache.org,Female,Pingdingshan
02/27/2023,773,Tate,Littlecote,tlittlecotelg@harvard.edu,Male,Lalagsan
02/01/2023,774,Kareem,Sallarie,ksallarielh@cpanel.net,Male,Évreux
02/05/2023,775,Fabian,Dorber,fdorberli@cargocollective.com,Genderqueer,Los Andes
02/12/2023,776,Stanislas,Hourahan,shourahanlj@hexun.com,Male,Dầu Tiếng
02/23/2023,777,Arnuad,Krause,akrauselk@foxnews.com,Polygender,Dobra
02/06/2023,778,Anthiathia,Lucken,aluckenll@printfriendly.com,Female,Jandira
02/09/2023,779,Maximo,Battram,mbattramlm@icq.com,Male,Dongyong
02/20/2023,780,Carmel,Haslehurst,chaslehurstln@blogtalkradio.com,Female,Крива Паланка
02/17/2023,781,Lowrance,Murra,lmurralo@wikipedia.org,Male,Goubétto
02/17/2023,782,Ema,Gobat,egobatlp@reference.com,Female,Dawusu
02/18/2023,783,Aridatha,Duddell,aduddelllq@foxnews.com,Female,Malim
02/16/2023,784,Anastasie,Truran,atruranlr@newyorker.com,Female,Biguo
02/25/2023,785,Sheree,Baud,sbaudls@ebay.co.uk,Genderfluid,Nemby
02/25/2023,786,Ward,Easterbrook,weasterbrooklt@cnet.com,Male,Potolo
02/11/2023,787,Cyrillus,Majury,cmajurylu@mapquest.com,Male,Yanggu’ao
02/15/2023,788,Iolande,Knappe,iknappelv@list-manage.com,Female,Banshu
02/03/2023,789,Lilia,Ellams,lellamslw@elpais.com,Non-binary,Sājūr
02/06/2023,790,Mallory,Leger,mlegerlx@geocities.jp,Male,Gerdu
02/21/2023,791,Tracy,Dayborne,tdaybornely@free.fr,Bigender,Ifanadiana
02/03/2023,792,Faulkner,Brewitt,fbrewittlz@w3.org,Male,Ampahana
02/01/2023,793,Mahmoud,De Beauchamp,mdebeauchampm0@mapquest.com,Male,Sucre
02/06/2023,794,Winfred,Summerson,wsummersonm1@discovery.com,Male,Bologna
02/02/2023,795,Agosto,Carles,acarlesm2@delicious.com,Male,Zhongxing
02/18/2023,796,Leona,Cherryman,lcherrymanm3@deliciousdays.com,Female,São Martinho
02/09/2023,797,Portie,Pontefract,ppontefractm4@t.co,Male,Freiburg im Breisgau
02/16/2023,798,Levy,Le Franc,llefrancm5@twitpic.com,Male,Tambalisa
02/16/2023,799,Ame,Learman,alearmanm6@miibeian.gov.cn,Female,Hengshitang
02/11/2023,800,Ofelia,Godbald,ogodbaldm7@istockphoto.com,Female,Villa Constitución
02/27/2023,801,Goddart,Hasel,ghaselm8@blogtalkradio.com,Male,Mascote
02/15/2023,802,Demeter,Dunaway,ddunawaym9@blogspot.com,Female,Port-de-Paix
02/15/2023,803,Pip,Rutter,prutterma@earthlink.net,Male,Opuzen
02/20/2023,804,Armand,Trounce,atrouncemb@diigo.com,Male,Kassala
02/22/2023,805,Foss,Sevitt,fsevittmc@nhs.uk,Male,Alquerubim
02/03/2023,806,Earle,Oddboy,eoddboymd@seattletimes.com,Male,Paranapanema
02/24/2023,807,Teddie,Grishmanov,tgrishmanovme@vimeo.com,Male,Călăraşi
02/21/2023,808,Willi,Eskriett,weskriettmf@springer.com,Male,Paris 17
02/22/2023,809,Micheline,Dohr,mdohrmg@devhub.com,Female,Morrito
02/19/2023,810,Shelby,Fredi,sfredimh@friendfeed.com,Female,Rokytne
02/14/2023,811,Alessandro,Demke,ademkemi@gnu.org,Male,Ust-Kamenogorsk
02/23/2023,812,Laurianne,Sinderson,lsindersonmj@theatlantic.com,Female,Obryte
02/18/2023,813,Alley,Rossant,arossantmk@cocolog-nifty.com,Non-binary,Babatngon
02/16/2023,814,Basile,MacCallister,bmaccallisterml@nhs.uk,Non-binary,Mino
02/21/2023,815,Charlean,Callinan,ccallinanmm@xing.com,Female,Jayune
02/27/2023,816,Elianora,Hankin,ehankinmn@gizmodo.com,Polygender,Kafarati
02/11/2023,817,Shaughn,MacCosty,smaccostymo@imgur.com,Male,Banjar Peguyangan
02/13/2023,818,Kelly,Doiley,kdoileymp@mapy.cz,Female,Bangbayang
02/09/2023,819,Wait,Oen,woenmq@istockphoto.com,Male,Jiuxian
02/02/2023,820,Booth,Tolemache,btolemachemr@dell.com,Male,Sabi
02/07/2023,821,Gawen,Kleingrub,gkleingrubms@prweb.com,Male,Wangping
02/05/2023,822,Robinett,Nerne,rnernemt@cmu.edu,Polygender,Pangkalan
02/18/2023,823,Adam,Wayvill,awayvillmu@rakuten.co.jp,Male,Bokong Timur
02/04/2023,824,Edan,Marke,emarkemv@ovh.net,Male,Capelinha
02/02/2023,825,Brandi,Hebblethwaite,bhebblethwaitemw@unicef.org,Female,Vaiamonte
02/25/2023,826,Henrik,Holdall,hholdallmx@dedecms.com,Male,Medang
02/25/2023,827,Mathe,Sponder,mspondermy@jimdo.com,Male,Huallanca
02/22/2023,828,Hillery,Mower,hmowermz@naver.com,Male,Rancho Nuevo
02/04/2023,829,Onofredo,Kenninghan,okenninghann0@jugem.jp,Male,Sung Noen
02/25/2023,830,Ophelia,Clifforth,oclifforthn1@nhs.uk,Female,Sourotí
02/13/2023,831,Carolee,Ramirez,cramirezn2@plala.or.jp,Female,Debre Zeyit
02/13/2023,832,Moshe,Kittel,mkitteln3@soundcloud.com,Male,Krasnaya Polyana
02/22/2023,833,Lari,Sexton,lsextonn4@cam.ac.uk,Female,Tékane
02/04/2023,834,Carolynn,Leggat,cleggatn5@irs.gov,Female,Pavlovsk
02/26/2023,835,Ruddie,McDowall,rmcdowalln6@java.com,Male,Cimanggu
02/11/2023,836,Ritchie,Trulock,rtrulockn7@bing.com,Male,Essen
02/17/2023,837,Terence,Burchill,tburchilln8@addtoany.com,Male,Bendilmuning
02/25/2023,838,Natal,O' Scallan,noscallann9@cbsnews.com,Male,Ghouazi
02/27/2023,839,Danie,Aikenhead,daikenheadna@smugmug.com,Male,Cibingbin
02/04/2023,840,Amelie,Swiggs,aswiggsnb@craigslist.org,Female,La Paz de Oriente
02/10/2023,841,Giralda,Tremblay,gtremblaync@de.vu,Female,Jūrat ash Sham‘ah
02/12/2023,842,Courtenay,Whitty,cwhittynd@sphinn.com,Female,Nanhe
02/17/2023,843,Haley,Gunther,hguntherne@rambler.ru,Bigender,Solnice
02/24/2023,844,Davida,Cotta,dcottanf@ihg.com,Female,Tongtuan
02/12/2023,845,Karlie,Elloway,kellowayng@google.ru,Female,Pidigan
02/03/2023,846,Alisun,Lapslie,alapslienh@goo.gl,Non-binary,Pyu
02/26/2023,847,Lana,Lehrle,llehrleni@photobucket.com,Female,Waihi
02/22/2023,848,Pepito,Tanfield,ptanfieldnj@freewebs.com,Male,Kirs
02/01/2023,849,Kerby,Gollin,kgollinnk@blogspot.com,Male,Kuusjoki
02/15/2023,850,Taddeusz,Sanchiz,tsanchiznl@msn.com,Male,Huangzhuang
02/05/2023,851,Blair,Jaycocks,bjaycocksnm@canalblog.com,Male,Kfar NaOranim
02/17/2023,852,Halie,Stennine,hstenninenn@mac.com,Genderqueer,Sabangan
02/23/2023,853,Marin,Afield,mafieldno@nps.gov,Female,Beaumont
02/18/2023,854,Alistair,Armsden,aarmsdennp@livejournal.com,Male,Montpellier
02/23/2023,855,Lefty,Fetteplace,lfetteplacenq@ebay.co.uk,Male,Rucava
02/13/2023,856,Ivy,Hartell,ihartellnr@fema.gov,Female,San Jose
02/25/2023,857,Dean,Michiel,dmichielns@cbslocal.com,Male,Virginia
02/01/2023,858,Kerianne,Kopecka,kkopeckant@bing.com,Female,Stepnogorsk
02/17/2023,859,Hermina,Garie,hgarienu@booking.com,Female,Thorpe
02/20/2023,860,Lowrance,Bleackly,lbleacklynv@ask.com,Male,Naurskaya
02/20/2023,861,Kristan,Bratchell,kbratchellnw@timesonline.co.uk,Female,Luanshya
02/08/2023,862,Christie,Haggie,chaggienx@imdb.com,Male,Rio Covo
02/16/2023,863,Renard,Hargreave,rhargreaveny@gravatar.com,Male,Bograd
02/20/2023,864,Cookie,Ericssen,cericssennz@typepad.com,Female,Nyanga
02/23/2023,865,Carter,Robrow,crobrowo0@guardian.co.uk,Male,Chengtian
02/17/2023,866,Moshe,Louedey,mlouedeyo1@unblog.fr,Male,Trunovskoye
02/06/2023,867,Gerrie,Marnes,gmarneso2@oakley.com,Agender,Foz do Iguaçu
02/15/2023,868,Ashton,Banbridge,abanbridgeo3@parallels.com,Male,Wojcieszków
02/25/2023,869,Ingelbert,Daish,idaisho4@eepurl.com,Male,Jiaoziya
02/02/2023,870,Mackenzie,Carriage,mcarriageo5@adobe.com,Male,Nakhodka
02/07/2023,871,Estel,O'Mailey,eomaileyo6@fc2.com,Female,Al Qaţīf
02/24/2023,872,Ingamar,Juett,ijuetto7@biblegateway.com,Male,Kobiernice
02/23/2023,873,Sampson,Kinlock,skinlocko8@msn.com,Male,Luwu
02/07/2023,874,Delmore,O' Scallan,doscallano9@prlog.org,Male,Guaymango
02/01/2023,875,Jacquetta,Esparza,jesparzaoa@facebook.com,Female,Osilnica
02/07/2023,876,Johnath,Menary,jmenaryob@smh.com.au,Female,Nyanga
02/02/2023,877,Lethia,Jaye,ljayeoc@github.com,Female,Taganrog
02/01/2023,878,Sholom,Sebyer,ssebyerod@indiegogo.com,Male,Solnechnyy
02/01/2023,879,Allard,Bittleson,abittlesonoe@freewebs.com,Male,Sabana de Parra
02/24/2023,880,Friedrich,Burnhard,fburnhardof@behance.net,Genderqueer,Rennes
02/08/2023,881,Austina,Wathell,awathellog@scientificamerican.com,Female,Dalsjöfors
02/19/2023,882,Keely,Gladwell,kgladwelloh@chicagotribune.com,Female,Lafiagi
02/19/2023,883,Stefano,Macourek,smacourekoi@go.com,Male,Alor Setar
02/03/2023,884,Merola,Critten,mcrittenoj@apache.org,Agender,Ōtawara
02/22/2023,885,Reg,Kincaid,rkincaidok@ning.com,Male,Katyr-Yurt
02/14/2023,886,Marcelia,Ziemke,mziemkeol@merriam-webster.com,Female,Maria
02/10/2023,887,Rourke,Channer,rchannerom@sun.com,Male,Pojok
02/07/2023,888,Tobye,Braunfeld,tbraunfeldon@webs.com,Female,Brniště
02/03/2023,889,Anna-maria,Pitceathly,apitceathlyoo@ihg.com,Female,Velyki Kopany
02/09/2023,890,Judy,Moores,jmooresop@sun.com,Female,Nine
02/11/2023,891,Kinny,McTerrelly,kmcterrellyoq@latimes.com,Male,Apalit
02/11/2023,892,Patin,Bernardini,pbernardinior@imageshack.us,Male,Niujiang
02/07/2023,893,Trip,Stubbeley,tstubbeleyos@dell.com,Male,Birr
02/08/2023,894,Carol-jean,Solleme,csollemeot@livejournal.com,Female,Nyahururu
02/26/2023,895,Donella,Bulloch,dbullochou@plala.or.jp,Female,Zghartā
02/13/2023,896,Torrin,Lazare,tlazareov@virginia.edu,Male,Desa Werasari
02/02/2023,897,Lev,Jagiela,ljagielaow@walmart.com,Male,Jinshandian
02/02/2023,898,Maxi,Baulk,mbaulkox@symantec.com,Female,Santo Antônio do Monte
02/03/2023,899,Kincaid,Swadlen,kswadlenoy@people.com.cn,Male,Amiens
02/06/2023,900,Devondra,Hightown,dhightownoz@t.co,Female,Saint-Louis
02/07/2023,901,Maryann,Paviour,mpaviourp0@bluehost.com,Female,Waldbillig
02/13/2023,902,Giles,Braybrooke,gbraybrookep1@shop-pro.jp,Male,Budenovetc
02/11/2023,903,Mavra,Ure,murep2@rediff.com,Female,Longonjo
02/26/2023,904,Bernice,Gergler,bgerglerp3@mail.ru,Female,Strzelce Krajeńskie
02/14/2023,905,Willis,Rulten,wrultenp4@gmpg.org,Male,Kasba Tadla
02/21/2023,906,Jessie,Jizhaki,jjizhakip5@reference.com,Male,Paobulan
02/06/2023,907,Law,Dickins,ldickinsp6@ifeng.com,Male,Kvasy
02/18/2023,908,Galina,Gylle,ggyllep7@nymag.com,Female,Murygino
02/19/2023,909,Damien,Daburn,ddaburnp8@typepad.com,Male,Honolulu
02/06/2023,910,Marcy,Mullaly,mmullalyp9@yolasite.com,Female,Rustenburg
02/18/2023,911,Siward,Bleything,sbleythingpa@meetup.com,Non-binary,Ramana
02/04/2023,912,Tersina,Croyden,tcroydenpb@foxnews.com,Female,Danghara
02/23/2023,913,Mile,Flood,mfloodpc@craigslist.org,Male,San Pedro
02/26/2023,914,Maryrose,Southers,msoutherspd@google.pl,Female,Kuttu
02/22/2023,915,Hardy,Wagstaffe,hwagstaffepe@macromedia.com,Male,Gilowice
02/06/2023,916,Glenda,Kelledy,gkelledypf@com.com,Female,Ciparakan
02/04/2023,917,Deeanne,Haxell,dhaxellpg@slate.com,Agender,Akita
02/27/2023,918,Horace,Hugli,hhugliph@drupal.org,Male,Morant Bay
02/09/2023,919,Denice,Wood,dwoodpi@ovh.net,Female,Gongrong
02/24/2023,920,Linc,Dorant,ldorantpj@com.com,Male,Tríkala
02/15/2023,921,Lyell,Penman,lpenmanpk@tuttocitta.it,Male,Yaguachi Nuevo
02/22/2023,922,Addison,Seyffert,aseyffertpl@ameblo.jp,Male,Pueblo Nuevo Viñas
02/15/2023,923,Lazare,Bonifazio,lbonifaziopm@unesco.org,Polygender,Basar
02/24/2023,924,Brigit,Leete,bleetepn@google.com.br,Female,Raofeng
02/09/2023,925,Sophronia,Mullis,smullispo@artisteer.com,Female,Nantes
02/17/2023,926,Gonzalo,Nelthorp,gnelthorppp@youtu.be,Male,Bibis
02/19/2023,927,Francois,Oley,foleypq@wikipedia.org,Male,Xiapu
02/08/2023,928,Michal,Muzzillo,mmuzzillopr@theglobeandmail.com,Male,Buka
02/06/2023,929,Stephanus,Blaszczynski,sblaszczynskips@xing.com,Male,Ya’ergenchu
02/04/2023,930,Cordy,Ollerhad,collerhadpt@ifeng.com,Female,Xi’an
02/15/2023,931,Merrill,De Gowe,mdegowepu@bigcartel.com,Polygender,Cabrela
02/13/2023,932,Ezekiel,McMenemy,emcmenemypv@yahoo.com,Male,Siaya
02/16/2023,933,Conant,Edmonston,cedmonstonpw@mapy.cz,Male,Osiedle-Nowiny
02/21/2023,934,Alastair,Morrant,amorrantpx@acquirethisname.com,Genderfluid,Hŭngju-dong
02/14/2023,935,Donni,Bagot,dbagotpy@rediff.com,Female,Novi Šeher
02/07/2023,936,Glenine,Swateridge,gswateridgepz@hud.gov,Female,Wiwilí
02/23/2023,937,Eduard,Haacker,ehaackerq0@ted.com,Male,Billère
02/16/2023,938,Hildy,Vasyutichev,hvasyutichevq1@time.com,Female,Wentugaole
02/10/2023,939,Ninon,Stetlye,nstetlyeq2@moonfruit.com,Female,Kuala Terengganu
02/10/2023,940,Otes,Isaacs,oisaacsq3@ycombinator.com,Male,Lamas
02/07/2023,941,Alethea,Mollen,amollenq4@mac.com,Female,Maqbanah
02/06/2023,942,Meg,Rosenberger,mrosenbergerq5@typepad.com,Female,Buenavista
02/11/2023,943,Abdul,Cappleman,acapplemanq6@tuttocitta.it,Male,Campor
02/01/2023,944,Clayson,Smale,csmaleq7@kickstarter.com,Male,Anaheim
02/14/2023,945,Grannie,Lusty,glustyq8@reddit.com,Non-binary,Igarra
02/01/2023,946,Kristal,Marrows,kmarrowsq9@furl.net,Female,Sukatani
02/12/2023,947,Mildrid,Secret,msecretqa@bloomberg.com,Female,Nalbandyan
02/12/2023,948,Ilse,Cargenven,icargenvenqb@posterous.com,Female,Maguan
02/06/2023,949,Lyell,Knaggs,lknaggsqc@discovery.com,Male,Qui Nhon
02/14/2023,950,Cristi,Henkmann,chenkmannqd@google.ru,Female,Bicesse
02/09/2023,951,Rolf,Francom,rfrancomqe@acquirethisname.com,Genderqueer,Nowe Miasto
02/24/2023,952,Noellyn,Coonihan,ncoonihanqf@bloglines.com,Female,Lianshan
02/01/2023,953,Miner,Hartnup,mhartnupqg@usa.gov,Male,Stamáta
02/24/2023,954,Arvie,Bonnaire,abonnaireqh@gizmodo.com,Male,Crasto
02/02/2023,955,Yoshiko,Deakins,ydeakinsqi@arizona.edu,Female,Arroyo Naranjo
02/05/2023,956,Sophey,Flanaghan,sflanaghanqj@arstechnica.com,Female,Askeaton
02/19/2023,957,Peggie,Elgy,pelgyqk@digg.com,Female,Sijihong
02/18/2023,958,Teodoro,Goulbourn,tgoulbournql@house.gov,Male,Pingshan
02/01/2023,959,Kleon,Scoines,kscoinesqm@360.cn,Male,Vetlanda
02/24/2023,960,Sindee,Gierok,sgierokqn@google.pl,Female,Joliette
02/06/2023,961,Merrie,Gawkes,mgawkesqo@blogspot.com,Female,Caen
02/19/2023,962,Bert,Patrone,bpatroneqp@tamu.edu,Male,Utsjoki
02/10/2023,963,Neile,Aloway,nalowayqq@de.vu,Female,Luoqiao
02/19/2023,964,Uriah,Gronous,ugronousqr@issuu.com,Male,Borås
02/20/2023,965,Coralyn,Hunstone,chunstoneqs@chronoengine.com,Female,Sahavato
02/18/2023,966,Christalle,Fould,cfouldqt@google.co.uk,Female,Néa Karváli
02/16/2023,967,Deva,Mossop,dmossopqu@ca.gov,Female,Bokor
02/18/2023,968,Gan,Dwyr,gdwyrqv@psu.edu,Male,Pindamonhangaba
02/13/2023,969,Herrick,Fretwell,hfretwellqw@oracle.com,Male,Pôsto Fiscal Rolim de Moura
02/21/2023,970,Keefe,Penwell,kpenwellqx@wordpress.org,Male,Zaragoza
02/13/2023,971,Sasha,Oselton,soseltonqy@noaa.gov,Female,Nato
02/16/2023,972,Issy,Blakeley,iblakeleyqz@ehow.com,Female,Hujigou
02/07/2023,973,Korry,Ulyatt,kulyattr0@amazonaws.com,Female,Sinhyeon
02/05/2023,974,Arnoldo,Reeds,areedsr1@hostgator.com,Male,Wotsogo
02/13/2023,975,Chadd,Brand-Hardy,cbrandhardyr2@cnet.com,Genderqueer,Cartago
02/05/2023,976,Bearnard,Darlaston,bdarlastonr3@de.vu,Male,Qal‘ah-ye Kuhnah
02/20/2023,977,Silvia,Schultze,sschultzer4@mashable.com,Female,Juatuba
02/20/2023,978,Row,Holligan,rholliganr5@webnode.com,Female,Gostovići
02/14/2023,979,Orbadiah,Mordanti,omordantir6@sohu.com,Male,Ar Rudayyif
02/17/2023,980,Edward,Danielsen,edanielsenr7@hp.com,Male,Wongsorejo
02/04/2023,981,Seumas,Kropach,skropachr8@reuters.com,Male,Changjiang
02/20/2023,982,Ettie,Duchenne,educhenner9@e-recht24.de,Female,Tailing
02/15/2023,983,Hinze,Wimbury,hwimburyra@jigsy.com,Male,Al Fukhkhārī
02/22/2023,984,Alwin,Acklands,aacklandsrb@hatena.ne.jp,Male,Cipinang
02/13/2023,985,Arlie,Pickton,apicktonrc@prlog.org,Female,Laocheng
02/27/2023,986,Kippie,Tricker,ktrickerrd@nifty.com,Female,Ōkuchi
02/22/2023,987,Joletta,Seville,jsevillere@blinklist.com,Female,Nginjen
02/27/2023,988,Free,Stetson,fstetsonrf@arizona.edu,Male,Banturkrajan
02/09/2023,989,Yuma,Strange,ystrangerg@xinhuanet.com,Male,Pavlovskaya
02/17/2023,990,Euphemia,Readie,ereadierh@unesco.org,Genderqueer,Tierp
02/24/2023,991,Jordon,McCalum,jmccalumri@cargocollective.com,Agender,Acton Vale
02/18/2023,992,Guendolen,Lewsley,glewsleyrj@google.fr,Female,Sinfra
02/14/2023,993,Cort,Beel,cbeelrk@mlb.com,Male,Roshal’
02/04/2023,994,Frans,Huster,fhusterrl@gravatar.com,Male,Brodarica
02/23/2023,995,Liesa,Haylands,lhaylandsrm@hao123.com,Female,Bryansk
02/20/2023,996,Anallese,Guthrum,aguthrumrn@cocolog-nifty.com,Female,Vendargues
02/24/2023,997,Dew,Rouch,drouchro@fc2.com,Male,Chosica
02/02/2023,998,Aurea,Kmiec,akmiecrp@freewebs.com,Female,Pingshanhu
02/10/2023,999,Alic,Kivits,akivitsrq@google.com.br,Male,Heshan
02/17/2023,1000,Esme,Schole,escholerr@independent.co.uk,Female,Fria
