created,id,first_name,last_name,email,gender,city
03/11/2023,1,Patsy,Dansey,pdansey0@woothemes.com,Female,Rancakuya
03/26/2023,2,Simone,Fleckness,sfleckness1@hhs.gov,Male,San Antonio Huista
03/18/2023,3,Romonda,Skea,rskea2@scribd.com,Female,Visby
03/15/2023,4,Christin,Crock,ccrock3@topsy.com,Female,Requião
03/25/2023,5,Demetre,Oxford,doxford4@businessweek.com,Male,Emiliano Zapata
03/06/2023,6,Addi,Pilcher,apilcher5@cafepress.com,Female,Yanzhou
03/30/2023,7,Cob,Krahl,ckrahl6@netvibes.com,Male,Ntonggu
03/16/2023,8,Giusto,Vater,gvater7@newyorker.com,Male,Arlöv
03/27/2023,9,Vivianna,Cullabine,vcullabine8@slate.com,Female,Nyagan
03/10/2023,10,Paola,Grayston,pgrayston9@va.gov,Female,Pining
03/14/2023,11,Dollie,Fierro,dfierroa@instagram.com,Female,Barão de Melgaço
03/06/2023,12,Tuck,McConigal,tmcconigalb@ustream.tv,Male,Ingarö
03/15/2023,13,Candida,Grassi,cgrassic@bravesites.com,Female,Chimichagua
03/13/2023,14,Siward,Darridon,sdarridond@fotki.com,Male,Chuzhou
03/16/2023,15,Evy,Mitchley,emitchleye@msn.com,Female,Ängelholm
03/24/2023,16,Constantino,Fallon,cfallonf@phoca.cz,Male,Aripuanã
03/14/2023,17,Rogerio,Hawksworth,rhawksworthg@illinois.edu,Male,Ithari
03/08/2023,18,Dal,Smeath,dsmeathh@ezinearticles.com,Male,Azteca
03/22/2023,19,Marty,Mikalski,mmikalskii@chronoengine.com,Male,Xiaozhoushan
03/05/2023,20,Johan,Butchers,jbutchersj@google.com.br,Polygender,Nancheng
03/15/2023,21,Fayre,Mawer,fmawerk@cbslocal.com,Female,Longquan
03/26/2023,22,Alexandros,Winn,awinnl@uol.com.br,Male,Skibbereen
03/28/2023,23,Otho,Colwell,ocolwellm@wired.com,Male,Aliaga
03/11/2023,24,Noreen,Gillison,ngillisonn@thetimes.co.uk,Female,Hedaru
03/01/2023,25,Kaia,Ondrich,kondricho@theatlantic.com,Female,Tambillo
03/16/2023,26,Angelika,Asbury,aasburyp@canalblog.com,Female,Maracaibo
03/15/2023,27,Danie,Goodbairn,dgoodbairnq@amazon.co.uk,Male,Huangzhai
03/07/2023,28,Fowler,Terrell,fterrellr@wisc.edu,Male,Bogovinje
03/25/2023,29,Natasha,Ruddom,nruddoms@instagram.com,Female,Kurnāz
03/24/2023,30,Garold,Sorrill,gsorrillt@ezinearticles.com,Male,Almelo
03/20/2023,31,Nikolas,Bidewel,nbidewelu@is.gd,Male,Simimbaan
03/04/2023,32,Genny,David,gdavidv@thetimes.co.uk,Female,Indianapolis
03/08/2023,33,Brock,Iacavone,biacavonew@freewebs.com,Male,Soloneshnoye
03/10/2023,34,Christy,Hyman,chymanx@theglobeandmail.com,Non-binary,Tuntum
03/14/2023,35,Modesta,Beckles,mbecklesy@mapy.cz,Female,Carromeu
03/02/2023,36,Evaleen,Hamments,ehammentsz@opensource.org,Polygender,Rumilly
03/20/2023,37,Leighton,Denning,ldenning10@simplemachines.org,Male,Benito Juarez
03/23/2023,38,Sibby,McOnie,smconie11@cloudflare.com,Female,Delft
03/13/2023,39,Regan,Cubbino,rcubbino12@fotki.com,Male,Kobeřice
03/15/2023,40,Edd,Francesconi,efrancesconi13@behance.net,Male,Götene
03/07/2023,41,Ritchie,Whifen,rwhifen14@behance.net,Male,Jielin
03/29/2023,42,Rosa,Jiggens,rjiggens15@ovh.net,Female,Stockholm
03/17/2023,43,Gwen,Heeps,gheeps16@blogspot.com,Female,Abrantes
03/10/2023,44,Melina,Penna,mpenna17@apple.com,Female,Jetis
03/30/2023,45,Dawna,Lugsdin,dlugsdin18@google.nl,Female,Soledade
03/24/2023,46,Nadiya,Lokier,nlokier19@bandcamp.com,Female,Vinha
03/01/2023,47,Ivett,Pasterfield,ipasterfield1a@upenn.edu,Female,Sumaré
03/23/2023,48,Florida,Adolfsen,fadolfsen1b@nih.gov,Female,Weifen
03/19/2023,49,Akim,Campagne,acampagne1c@printfriendly.com,Male,Viļāni
03/10/2023,50,Earlie,Kealy,ekealy1d@squidoo.com,Male,Żyrardów
03/13/2023,51,Rodrick,Burdett,rburdett1e@blinklist.com,Male,Biograd na Moru
03/06/2023,52,Saxon,Jakoubec,sjakoubec1f@hc360.com,Male,Nūsay
03/15/2023,53,Catlaina,Shane,cshane1g@senate.gov,Female,Saint-Étienne
03/05/2023,54,Colby,Simms,csimms1h@examiner.com,Male,Tapado
03/21/2023,55,Larisa,Corrin,lcorrin1i@about.me,Female,Tampere
03/27/2023,56,Hardy,Baldacchi,hbaldacchi1j@blogger.com,Male,Drezdenko
03/10/2023,57,Emlyn,Hulson,ehulson1k@goodreads.com,Male,Szamotuły
03/12/2023,58,Fanchette,Chrstine,fchrstine1l@house.gov,Female,Tudela
03/21/2023,59,Guglielmo,Brosch,gbrosch1m@redcross.org,Male,Soio
03/16/2023,60,Neda,Bernardeau,nbernardeau1n@eventbrite.com,Female,Chavarría
03/05/2023,61,Mordy,Klassmann,mklassmann1o@discuz.net,Male,Ipojuca
03/06/2023,62,Dori,Bing,dbing1p@salon.com,Female,Palanit
03/13/2023,63,Leonardo,Loveless,lloveless1q@dion.ne.jp,Male,Villanueva
03/20/2023,64,Rutherford,Stain,rstain1r@hp.com,Male,Кондово
03/28/2023,65,Larry,Liell,lliell1s@ovh.net,Male,Wakkanai
03/26/2023,66,Marty,Jachimak,mjachimak1t@php.net,Male,Maxiao
03/11/2023,67,Esteban,Yancey,eyancey1u@buzzfeed.com,Male,Gaofeng
03/09/2023,68,Janie,Grelik,jgrelik1v@cnet.com,Female,Kandahār
03/19/2023,69,Kane,Giacomucci,kgiacomucci1w@cafepress.com,Bigender,Dadiya
03/26/2023,70,Almeta,Bridell,abridell1x@usgs.gov,Female,Touama
03/05/2023,71,Frants,Eaddy,feaddy1y@skyrock.com,Male,Graneros
03/25/2023,72,Thorpe,Crilly,tcrilly1z@businessweek.com,Male,Al Jīzah
03/20/2023,73,Baily,Simchenko,bsimchenko20@dailymotion.com,Male,Nol
03/23/2023,74,Frank,Obert,fobert21@usa.gov,Female,Wanliang
03/13/2023,75,Laurene,Du Hamel,lduhamel22@simplemachines.org,Female,Hesheng
03/27/2023,76,Paulita,Arens,parens23@fastcompany.com,Female,Lilongwe
03/08/2023,77,Gunner,Moyers,gmoyers24@is.gd,Male,Ängelholm
03/29/2023,78,Kalila,Thomelin,kthomelin25@elegantthemes.com,Genderfluid,Tīkāpur
03/23/2023,79,Joni,Davie,jdavie26@blogs.com,Female,Zhongping
03/12/2023,80,Cathrine,Discombe,cdiscombe27@cdc.gov,Female,Moss
03/28/2023,81,Loy,Ambrogi,lambrogi28@webeden.co.uk,Male,Masumbwe
03/15/2023,82,Dov,Hoyland,dhoyland29@un.org,Male,Ongabelen
03/08/2023,83,Patten,Peidro,ppeidro2a@sourceforge.net,Male,Altamira
03/02/2023,84,Olva,Angrove,oangrove2b@squarespace.com,Bigender,Ervedosa do Douro
03/19/2023,85,Quinton,Fingleton,qfingleton2c@utexas.edu,Male,Cové
03/28/2023,86,Bevan,Novik,bnovik2d@geocities.jp,Bigender,Al Funayţīs
03/24/2023,87,Stefanie,Whiterod,swhiterod2e@harvard.edu,Female,Tapel
03/16/2023,88,Lancelot,O'Henehan,lohenehan2f@senate.gov,Male,Ural
03/19/2023,89,Hymie,Witch,hwitch2g@printfriendly.com,Male,Tamorot
03/25/2023,90,John,Ors,jors2h@weather.com,Male,Desa Wetan Ciakar
03/13/2023,91,Cynthy,Brosius,cbrosius2i@alibaba.com,Female,Weixin
03/27/2023,92,Pip,Abate,pabate2j@dedecms.com,Male,Rimouski
03/20/2023,93,Fredrika,Durrance,fdurrance2k@devhub.com,Female,Kofelē
03/12/2023,94,Tasha,Bransby,tbransby2l@msu.edu,Female,Yangzhou
03/23/2023,95,Dilly,MacKay,dmackay2m@prweb.com,Male,Soutocico
03/26/2023,96,David,Atling,datling2n@rakuten.co.jp,Male,Tanahgrogot
03/27/2023,97,Anders,Robjents,arobjents2o@istockphoto.com,Male,Mādārīpur
03/08/2023,98,Arlette,Frank,afrank2p@weebly.com,Female,Lazarevac
03/23/2023,99,Peyter,Weldrake,pweldrake2q@ftc.gov,Male,Sevsk
03/16/2023,100,Fernando,Boar,fboar2r@unesco.org,Bigender,Rudnichnyy
03/21/2023,101,Jaymee,Souter,jsouter2s@ucsd.edu,Female,Rio Bonito
03/30/2023,102,Kevan,Dand,kdand2t@cocolog-nifty.com,Male,Várzea
03/10/2023,103,Marabel,Elcoux,melcoux2u@wp.com,Female,Hikari
03/20/2023,104,Taryn,Brighty,tbrighty2v@slideshare.net,Female,Balud
03/02/2023,105,Bret,Favelle,bfavelle2w@vk.com,Male,Antipolo
03/24/2023,106,Gabbi,Scholer,gscholer2x@goo.gl,Female,Morcolla
03/30/2023,107,Bev,Billo,bbillo2y@columbia.edu,Female,Ciudad Tecún Umán
03/09/2023,108,Marley,Andryunin,mandryunin2z@intel.com,Female,Pamanukan
03/24/2023,109,Corny,Stanlick,cstanlick30@goo.ne.jp,Male,Heping
03/25/2023,110,Layla,Polleye,lpolleye31@jigsy.com,Female,Daji
03/27/2023,111,Rodolph,Sally,rsally32@chron.com,Male,Heilongkou
03/27/2023,112,Rheba,Ferreo,rferreo33@apache.org,Female,Zhinvali
03/23/2023,113,Yorke,Muffitt,ymuffitt34@people.com.cn,Male,Jiangzhou
03/05/2023,114,Patrice,Gomes,pgomes35@hibu.com,Male,Krajan Curahcotok
03/29/2023,115,Steffi,Saleway,ssaleway36@yellowbook.com,Bigender,Fengyan
03/22/2023,116,Serge,Weine,sweine37@dedecms.com,Male,Novolugovoye
03/21/2023,117,Clayson,Luten,cluten38@altervista.org,Genderqueer,Rogów
03/11/2023,118,Conny,Arrol,carrol39@ask.com,Male,Proletar
03/29/2023,119,Rosalyn,Shefton,rshefton3a@ovh.net,Female,Luntas
03/04/2023,120,Viv,Howles,vhowles3b@oaic.gov.au,Female,Jiuzhen
03/03/2023,121,Mose,Stoven,mstoven3c@marriott.com,Male,Obita
03/01/2023,122,Sherie,Brahmer,sbrahmer3d@businessinsider.com,Female,Carmen de Viboral
03/10/2023,123,Tabitha,Cornforth,tcornforth3e@hugedomains.com,Female,Javalera
03/26/2023,124,Giffer,Piercey,gpiercey3f@miitbeian.gov.cn,Male,Mooka
03/10/2023,125,Kristel,Cutbush,kcutbush3g@gizmodo.com,Female,At Tibnī
03/09/2023,126,Derwin,Herculeson,dherculeson3h@rambler.ru,Male,Cergy-Pontoise
03/03/2023,127,Danielle,Hastie,dhastie3i@cyberchimps.com,Female,Marovoay
03/20/2023,128,Jessee,Quelch,jquelch3j@elegantthemes.com,Male,Izingolweni
03/29/2023,129,Jocelyn,Ouver,jouver3k@go.com,Female,Pisan
03/17/2023,130,Court,Pacitti,cpacitti3l@dell.com,Non-binary,Kristinehamn
03/23/2023,131,Ryley,Relf,rrelf3m@smh.com.au,Male,Rochester
03/01/2023,132,Mitchell,Hackinge,mhackinge3n@fema.gov,Male,Yumbo
03/20/2023,133,Oswald,Chewter,ochewter3o@yahoo.co.jp,Male,‘Ibwayn
03/19/2023,134,Blanca,Jankovic,bjankovic3p@reuters.com,Female,Nagornyy
03/23/2023,135,Chance,Luetkemeyer,cluetkemeyer3q@nationalgeographic.com,Male,Knežica
03/28/2023,136,Bryce,Pepi,bpepi3r@constantcontact.com,Male,Karara
03/28/2023,137,Dorey,Maffia,dmaffia3s@mediafire.com,Agender,Duyên Hải
03/22/2023,138,Arielle,Parmby,aparmby3t@adobe.com,Female,Diancun
03/24/2023,139,Marcelle,MacDermand,mmacdermand3u@yolasite.com,Female,København
03/15/2023,140,Beverie,Djurdjevic,bdjurdjevic3v@oaic.gov.au,Female,Menanga
03/05/2023,141,Laurent,Heaseman,lheaseman3w@wiley.com,Male,Ketanggi
03/17/2023,142,Diarmid,Petlyura,dpetlyura3x@senate.gov,Male,Pandean
03/22/2023,143,Zach,Rubinfajn,zrubinfajn3y@ameblo.jp,Male,Portelinha
03/13/2023,144,Jerad,Sherrock,jsherrock3z@nyu.edu,Genderqueer,Pau
03/07/2023,145,Johanna,Cheasman,jcheasman40@huffingtonpost.com,Female,Qiligang
03/07/2023,146,Ulrike,Halford,uhalford41@free.fr,Polygender,Nýřany
03/06/2023,147,Cleon,Brierton,cbrierton42@4shared.com,Male,Greeley
03/26/2023,148,Ariel,Petlyura,apetlyura43@nationalgeographic.com,Female,Khiliomódhi
03/09/2023,149,Fabiano,Bulmer,fbulmer44@bravesites.com,Male,Albany
03/10/2023,150,Meris,Benardeau,mbenardeau45@statcounter.com,Female,Ängelholm
03/30/2023,151,Maia,Maiklem,mmaiklem46@marketwatch.com,Female,Panyam
03/05/2023,152,Denney,Gunton,dgunton47@apache.org,Genderqueer,Huarong
03/15/2023,153,Karina,Loseke,kloseke48@simplemachines.org,Female,Turmus‘ayyā
03/29/2023,154,Concordia,Neagle,cneagle49@arstechnica.com,Polygender,Ohrid
03/26/2023,155,Tory,Watkiss,twatkiss4a@dell.com,Female,Malgobek
03/29/2023,156,Burnaby,Ferryn,bferryn4b@npr.org,Male,Paraíso
03/14/2023,157,Latisha,Shillaker,lshillaker4c@artisteer.com,Bigender,Chitose
03/09/2023,158,Frederich,Minci,fminci4d@tumblr.com,Genderfluid,Sovetskaya Gavan’
03/01/2023,159,Augustine,Joliffe,ajoliffe4e@drupal.org,Female,Aparecida
03/27/2023,160,Shae,Billison,sbillison4f@hc360.com,Female,Pianling
03/18/2023,161,Mischa,Ridde,mridde4g@senate.gov,Male,Quanling
03/15/2023,162,Misti,Aulsford,maulsford4h@sourceforge.net,Female,Katagum
03/29/2023,163,Tanner,Tesyro,ttesyro4i@google.ru,Male,Ceerigaabo
03/10/2023,164,Mischa,Heller,mheller4j@indiatimes.com,Male,Dongbatu
03/28/2023,165,James,Dungey,jdungey4k@wix.com,Male,Zhumadian
03/05/2023,166,Den,Peggs,dpeggs4l@icq.com,Male,Vale de Santarém
03/03/2023,167,Hugh,Lemmen,hlemmen4m@marketwatch.com,Male,Niebocko
03/13/2023,168,Eddie,Hundy,ehundy4n@wikia.com,Male,Virbalis
03/14/2023,169,Marcia,Biskupiak,mbiskupiak4o@printfriendly.com,Female,Suocheng
03/01/2023,170,Lennie,Weiss,lweiss4p@blogtalkradio.com,Male,Xiabaishi
03/02/2023,171,Jaynell,Cowherd,jcowherd4q@microsoft.com,Female,Lere
03/07/2023,172,Fianna,Coning,fconing4r@hud.gov,Female,Tongbang
03/24/2023,173,Clement,Dolle,cdolle4s@ucsd.edu,Male,Saryshaghan
03/04/2023,174,Candice,Senn,csenn4t@jiathis.com,Bigender,Gojō
03/20/2023,175,Eric,Blackader,eblackader4u@pinterest.com,Male,Rājshāhi
03/18/2023,176,Rhea,Wyre,rwyre4v@webmd.com,Non-binary,Zaysan
03/03/2023,177,Merrili,Whittaker,mwhittaker4w@springer.com,Female,El Paso
03/04/2023,178,Kania,Hounsom,khounsom4x@amazonaws.com,Female,Ulluaya
03/23/2023,179,Mira,Eilhersen,meilhersen4y@digg.com,Female,Igaraçu do Tietê
03/14/2023,180,Karleen,Bodimeade,kbodimeade4z@csmonitor.com,Female,Perbaungan
03/02/2023,181,Gabriela,Chellam,gchellam50@aboutads.info,Female,Vyritsa
03/22/2023,182,Maighdiln,Lagden,mlagden51@indiegogo.com,Female,Garies
03/20/2023,183,Lenee,Grimmett,lgrimmett52@imgur.com,Female,Alma
03/22/2023,184,Kendre,Farington,kfarington53@live.com,Female,Ta‘izz
03/11/2023,185,Clayborn,Stenner,cstenner54@sogou.com,Male,Baru Timur
03/30/2023,186,Flossie,Panswick,fpanswick55@soup.io,Female,Kumagaya
03/25/2023,187,Branden,Goodboddy,bgoodboddy56@mozilla.org,Male,Tenggina Daya
03/30/2023,188,Sauncho,Grigoliis,sgrigoliis57@sakura.ne.jp,Male,Buang
03/04/2023,189,Leupold,Santino,lsantino58@abc.net.au,Male,Sajia
03/01/2023,190,Kimberli,Perkin,kperkin59@rakuten.co.jp,Non-binary,Anyuan
03/15/2023,191,Anderson,Bourdice,abourdice5a@ted.com,Male,Porta
03/16/2023,192,Gerry,Mearns,gmearns5b@reddit.com,Female,Dongdong
03/14/2023,193,Lyn,Cunnane,lcunnane5c@opera.com,Female,Zabaykal’sk
03/11/2023,194,Ferguson,Sussex,fsussex5d@wunderground.com,Male,Oxelösund
03/16/2023,195,Nobe,Halleybone,nhalleybone5e@imdb.com,Male,Utkivka
03/11/2023,196,Calv,Doby,cdoby5f@edublogs.org,Polygender,Chaumont
03/28/2023,197,Nickolai,Conville,nconville5g@symantec.com,Polygender,Matangshan
03/09/2023,198,Philipa,Cowan,pcowan5h@quantcast.com,Female,Alīābad
03/02/2023,199,Jasmina,Randalston,jrandalston5i@xinhuanet.com,Female,Pridraga
03/03/2023,200,Lou,Ponte,lponte5j@deviantart.com,Male,San Agustín de Valle Fértil
03/16/2023,201,Claire,Garrand,cgarrand5k@unesco.org,Non-binary,Metz
03/04/2023,202,Minny,Donati,mdonati5l@com.com,Female,Dzüünharaa
03/07/2023,203,Upton,Strafford,ustrafford5m@ihg.com,Male,Kanugrahan
03/05/2023,204,Rafi,Jouanot,rjouanot5n@whitehouse.gov,Male,Maardu
03/10/2023,205,Sauveur,Grahamslaw,sgrahamslaw5o@forbes.com,Agender,Hualin
03/04/2023,206,Courtney,Harme,charme5p@usda.gov,Agender,Nglengkong
03/07/2023,207,Arnold,Raden,araden5q@joomla.org,Male,Kemisē
03/13/2023,208,Georgetta,Ramet,gramet5r@godaddy.com,Female,Noisy-le-Grand
03/22/2023,209,Whitby,Timmins,wtimmins5s@feedburner.com,Male,Dagou
03/03/2023,210,Lulu,Buffham,lbuffham5t@squarespace.com,Female,Monte
03/15/2023,211,Rich,Risen,rrisen5u@nifty.com,Male,Athy
03/09/2023,212,Chrissie,Lafoy,clafoy5v@squidoo.com,Male,Mrozy
03/22/2023,213,Vivi,Matuschek,vmatuschek5w@imdb.com,Female,Budagovo
03/20/2023,214,Traci,Mountjoy,tmountjoy5x@tamu.edu,Female,San Antonio Aguas Calientes
03/12/2023,215,Bastian,Urry,burry5y@taobao.com,Male,Hua Hin
03/04/2023,216,Byrann,Tithecote,btithecote5z@histats.com,Non-binary,Paris 13
03/11/2023,217,Vanda,Lowles,vlowles60@biglobe.ne.jp,Female,Nanchangshan
03/21/2023,218,Andreas,Stallebrass,astallebrass61@github.com,Male,Uppsala
03/09/2023,219,Saunders,Adiscot,sadiscot62@hhs.gov,Male,Pančevo
03/25/2023,220,Giffard,Charsley,gcharsley63@mayoclinic.com,Male,Tizguine
03/14/2023,221,Bradford,Baiyle,bbaiyle64@statcounter.com,Male,Maulavi Bāzār
03/11/2023,222,Rancell,Fearney,rfearney65@amazonaws.com,Genderfluid,Telouet
03/12/2023,223,Val,Shildrick,vshildrick66@tinyurl.com,Female,Taipinghu
03/12/2023,224,Wainwright,Bestwick,wbestwick67@bigcartel.com,Male,Owerri
03/25/2023,225,Sabina,Romand,sromand68@sfgate.com,Female,Świecie
03/01/2023,226,Carey,Ferreira,cferreira69@admin.ch,Female,Tinumpuk
03/21/2023,227,Humphrey,Covotto,hcovotto6a@ifeng.com,Male,Nyachera
03/02/2023,228,Nina,Springford,nspringford6b@imageshack.us,Female,Jedlińsk
03/21/2023,229,Doy,Hatton,dhatton6c@histats.com,Male,Cedynia
03/30/2023,230,Agata,Torel,atorel6d@example.com,Female,Mojoagung
03/20/2023,231,Fanny,Langman,flangman6e@phpbb.com,Female,St. Catharines
03/26/2023,232,Nataniel,Willox,nwillox6f@nbcnews.com,Male,Jankomir
03/13/2023,233,Harlan,Doucette,hdoucette6g@dedecms.com,Male,Murmino
03/01/2023,234,Kellie,Patient,kpatient6h@shinystat.com,Non-binary,Kranuan
03/01/2023,235,Myra,Borrington,mborrington6i@istockphoto.com,Genderfluid,Ostrožská Nová Ves
03/20/2023,236,Margarethe,Salamon,msalamon6j@statcounter.com,Female,Heimahe
03/27/2023,237,Cecily,Manach,cmanach6k@desdev.cn,Female,Carnaxide
03/20/2023,238,Kerk,Rymmer,krymmer6l@ow.ly,Male,Labruge
03/17/2023,239,Zebedee,Greedier,zgreedier6m@google.com.hk,Male,Bularit
03/25/2023,240,Kimmy,Blackadder,kblackadder6n@yellowbook.com,Female,Napak
03/27/2023,241,Barney,Norsworthy,bnorsworthy6o@instagram.com,Male,Lanot
03/07/2023,242,Maddy,Golson,mgolson6p@jigsy.com,Male,Gabao
03/29/2023,243,Werner,Dunsmore,wdunsmore6q@rediff.com,Male,Itaguaçu
03/21/2023,244,Carina,Giacaponi,cgiacaponi6r@nps.gov,Female,Putou
03/14/2023,245,Shelbi,Eccersley,seccersley6s@gov.uk,Female,Osieczany
03/29/2023,246,Margarethe,Stoite,mstoite6t@bbb.org,Female,Banī Suhaylā
03/06/2023,247,Jessey,Lux,jlux6u@wufoo.com,Male,Bārah
03/23/2023,248,Sibley,Sly,ssly6v@slate.com,Female,Rosso
03/02/2023,249,Ninnette,Libreros,nlibreros6w@army.mil,Female,Concepción
03/02/2023,250,Ike,Freegard,ifreegard6x@earthlink.net,Male,Uddevalla
03/17/2023,251,Enoch,Shynn,eshynn6y@tamu.edu,Male,Pata
03/03/2023,252,Alejoa,Griswood,agriswood6z@1und1.de,Male,Võhma
03/19/2023,253,Harcourt,Egdell,hegdell70@wufoo.com,Male,Choya
03/05/2023,254,Beltran,Moyer,bmoyer71@cnbc.com,Male,Hancheng
03/19/2023,255,Mandel,Sparshatt,msparshatt72@ucoz.ru,Male,Darkton
03/20/2023,256,Missy,Slad,mslad73@posterous.com,Female,Gushui
03/21/2023,257,Howey,Voisey,hvoisey74@indiatimes.com,Male,Rajsko
03/10/2023,258,Laureen,Lafranconi,llafranconi75@mozilla.com,Female,Putukrejo
03/07/2023,259,Christa,Mattityahou,cmattityahou76@usgs.gov,Bigender,Celendín
03/06/2023,260,Osbert,Pedreschi,opedreschi77@yelp.com,Male,Tabant
03/01/2023,261,Dominique,Slyme,dslyme78@wufoo.com,Male,Siyabuswa
03/13/2023,262,Fancie,Probate,fprobate79@mit.edu,Female,Gewanē
03/26/2023,263,Valle,Doding,vdoding7a@discuz.net,Male,Toubao
03/02/2023,264,Pietro,Jobey,pjobey7b@cafepress.com,Male,Baroy
03/29/2023,265,Sydelle,Sudron,ssudron7c@si.edu,Female,Lluidas Vale
03/07/2023,266,Wilfred,Feldharker,wfeldharker7d@house.gov,Male,Albany
03/18/2023,267,Pattie,Joriot,pjoriot7e@seattletimes.com,Female,Kalýves Polygýrou
03/25/2023,268,Tonia,Terbeek,tterbeek7f@sourceforge.net,Female,Fengqiao
03/10/2023,269,Guido,Normand,gnormand7g@smugmug.com,Male,Mashava
03/19/2023,270,Ida,Lenden,ilenden7h@livejournal.com,Female,Jiazhuang
03/19/2023,271,Chane,Calterone,ccalterone7i@drupal.org,Male,Vrsi
03/20/2023,272,Claire,Bartomeu,cbartomeu7j@fda.gov,Male,Chirpan
03/23/2023,273,Tait,Gehringer,tgehringer7k@mashable.com,Male,Dumandesa
03/21/2023,274,Else,Cahen,ecahen7l@e-recht24.de,Female,Tinambac
03/20/2023,275,Korie,Nijs,knijs7m@tmall.com,Female,Sadabe
03/14/2023,276,Wylie,Izard,wizard7n@eventbrite.com,Male,Paris 09
03/18/2023,277,Tades,Cromett,tcromett7o@networksolutions.com,Male,Jintun
03/19/2023,278,Ivette,Bliben,ibliben7p@nhs.uk,Female,Shebalino
03/08/2023,279,Siward,Eytel,seytel7q@topsy.com,Genderfluid,Lousado
03/11/2023,280,Corrie,Laming,claming7r@webmd.com,Bigender,Ayotupas
03/28/2023,281,Helen-elizabeth,Kenworthey,hkenworthey7s@ehow.com,Female,Kostrovo
03/22/2023,282,Curtis,McGall,cmcgall7t@ebay.co.uk,Non-binary,Taipa
03/12/2023,283,Eolanda,Hoonahan,ehoonahan7u@photobucket.com,Bigender,Berthierville
03/27/2023,284,Yorgo,Oda,yoda7v@yandex.ru,Male,Dengfang
03/29/2023,285,Creighton,Prowse,cprowse7w@liveinternet.ru,Male,Mudian
03/16/2023,286,Westbrook,Lapwood,wlapwood7x@vistaprint.com,Polygender,Hougaoshizhuang
03/10/2023,287,Salmon,Aleksandrov,saleksandrov7y@privacy.gov.au,Male,Lupak
03/27/2023,288,Darrel,Jagels,djagels7z@booking.com,Male,Werota
03/01/2023,289,Tailor,Robez,trobez80@dropbox.com,Male,Lakeland
03/01/2023,290,Agna,Eddins,aeddins81@mac.com,Female,Xiyuan
03/02/2023,291,Orelia,Brammall,obrammall82@icio.us,Female,Puwa
03/30/2023,292,Rodrique,Renbold,rrenbold83@goo.ne.jp,Male,Chōfugaoka
03/24/2023,293,Felic,Toun,ftoun84@seattletimes.com,Male,Zākhū
03/30/2023,294,Derek,Geikie,dgeikie85@creativecommons.org,Male,Ban Talat Yai
03/21/2023,295,Farlay,Spellacy,fspellacy86@blogger.com,Male,Roi Et
03/29/2023,296,Rahel,Kareman,rkareman87@cdbaby.com,Female,Tanabe
03/17/2023,297,Hayes,Stivens,hstivens88@dropbox.com,Male,Altona
03/28/2023,298,Kirbie,Vellacott,kvellacott89@typepad.com,Female,Rebrikha
03/19/2023,299,Emmet,Cotmore,ecotmore8a@aol.com,Male,Tangpu
03/17/2023,300,Garrard,Grimston,ggrimston8b@deliciousdays.com,Male,Saint-Sauveur
03/15/2023,301,Livvy,Farrar,lfarrar8c@simplemachines.org,Female,Severnyy
03/06/2023,302,Dalis,Casaletto,dcasaletto8d@163.com,Male,Ar Rujum
03/26/2023,303,Noble,Kemmons,nkemmons8e@smh.com.au,Male,Iława
03/12/2023,304,Konrad,Courtois,kcourtois8f@vistaprint.com,Male,Valdivia
03/07/2023,305,Harper,Dran,hdran8g@noaa.gov,Male,Jezzîne
03/25/2023,306,Reine,Ruoff,rruoff8h@ning.com,Female,Port Sudan
03/25/2023,307,Venita,O'Scollee,voscollee8i@springer.com,Female,Hägersten
03/14/2023,308,Geri,Roux,groux8j@google.it,Female,Velventós
03/07/2023,309,Edward,Galley,egalley8k@guardian.co.uk,Male,Sapadun
03/27/2023,310,Riannon,Torricella,rtorricella8l@jugem.jp,Female,Mikołów
03/25/2023,311,Amitie,Cripps,acripps8m@1und1.de,Female,Houbai
03/24/2023,312,Roderigo,Legion,rlegion8n@google.com.hk,Male,Francisco I Madero
03/23/2023,313,Lilas,Braam,lbraam8o@tmall.com,Female,Pingshan
03/26/2023,314,Dennet,Hembling,dhembling8p@stumbleupon.com,Male,Masohi
03/25/2023,315,Val,Cansdell,vcansdell8q@hp.com,Male,Sukahening
03/19/2023,316,Goddart,Carmo,gcarmo8r@upenn.edu,Male,Beizi
03/30/2023,317,Gwenora,Kilbee,gkilbee8s@parallels.com,Female,Nueva Gerona
03/13/2023,318,Cairistiona,Puckey,cpuckey8t@rambler.ru,Female,Date
03/12/2023,319,Sammy,Custy,scusty8u@hatena.ne.jp,Non-binary,Palmas
03/22/2023,320,Danya,Boase,dboase8v@usatoday.com,Non-binary,Sioguí Arriba
03/07/2023,321,Connor,Staveley,cstaveley8w@hhs.gov,Male,Reims
03/05/2023,322,Tonnie,Foreman,tforeman8x@newsvine.com,Male,Vera Cruz
03/13/2023,323,Kalindi,Paeckmeyer,kpaeckmeyer8y@cloudflare.com,Female,Qinlan
03/02/2023,324,Hatty,Ackers,hackers8z@addthis.com,Female,Young America
03/26/2023,325,Tan,Epdell,tepdell90@sciencedirect.com,Male,Argir
03/20/2023,326,Avivah,Faust,afaust91@cocolog-nifty.com,Female,Kabaty
03/17/2023,327,Bordy,Oldridge,boldridge92@noaa.gov,Male,Kopong
03/09/2023,328,Raynor,Grabbam,rgrabbam93@dyndns.org,Male,Armação
03/17/2023,329,Devin,Lyffe,dlyffe94@creativecommons.org,Male,Alicia
03/02/2023,330,Tamra,Durham,tdurham95@narod.ru,Female,Apodi
03/10/2023,331,Aaren,Sprules,asprules96@house.gov,Female,Castlepollard
03/30/2023,332,Walsh,Musicka,wmusicka97@accuweather.com,Male,Yinglan
03/29/2023,333,Kiley,Flintuff,kflintuff98@hexun.com,Non-binary,Bartniczka
03/22/2023,334,Cyrille,McArthur,cmcarthur99@list-manage.com,Male,Lučina
03/19/2023,335,Burt,Itzkovici,bitzkovici9a@who.int,Male,København
03/27/2023,336,Katalin,Locard,klocard9b@marriott.com,Female,Shuangxi
03/12/2023,337,Henka,Conibeer,hconibeer9c@wisc.edu,Polygender,Al Jubayl
03/12/2023,338,Gawain,Cowp,gcowp9d@independent.co.uk,Male,Saint-Quentin-en-Yvelines
03/29/2023,339,Quinn,Witheford,qwitheford9e@pen.io,Male,Yilongyong
03/07/2023,340,Dyann,Upcraft,dupcraft9f@altervista.org,Female,Haninge
03/19/2023,341,Hughie,Eastmond,heastmond9g@hostgator.com,Male,Sergiyev Posad
03/28/2023,342,Andras,Slarke,aslarke9h@businesswire.com,Male,Chilecito
03/02/2023,343,Kikelia,Margarson,kmargarson9i@squidoo.com,Genderqueer,Břeclav
03/17/2023,344,Gwendolen,McGing,gmcging9j@mayoclinic.com,Female,Khon San
03/01/2023,345,Dawn,Toombes,dtoombes9k@toplist.cz,Female,Pará de Minas
03/20/2023,346,Norry,Andersch,nandersch9l@mapquest.com,Bigender,Chengxi
03/03/2023,347,Marylynne,Guarin,mguarin9m@shop-pro.jp,Female,Shapaja
03/19/2023,348,Darbee,Hellin,dhellin9n@nasa.gov,Male,Messina
03/25/2023,349,Rob,Drohan,rdrohan9o@nifty.com,Male,Nanxiang
03/08/2023,350,Maud,Kellington,mkellington9p@reference.com,Female,Tabonok
03/29/2023,351,Syman,Staneland,sstaneland9q@deviantart.com,Male,Qingyang
03/08/2023,352,Hephzibah,Saer,hsaer9r@webeden.co.uk,Female,Ligang
03/09/2023,353,Ginni,Clack,gclack9s@about.me,Female,Wysoka Strzyżowska
03/28/2023,354,Adora,Nancarrow,anancarrow9t@webnode.com,Female,Quintinha
03/24/2023,355,Amil,Bulstrode,abulstrode9u@google.com.au,Female,Piancheng
03/24/2023,356,Ibbie,Daffey,idaffey9v@blogtalkradio.com,Female,Toužim
03/13/2023,357,Cherise,Brotherheed,cbrotherheed9w@sitemeter.com,Female,Maraial
03/20/2023,358,Raynell,Haseley,rhaseley9x@flavors.me,Female,Kurume
03/12/2023,359,Thorn,Frake,tfrake9y@friendfeed.com,Male,Qianyou
03/09/2023,360,Evey,Flawith,eflawith9z@si.edu,Female,Bentar
03/21/2023,361,Malvin,Pearch,mpearcha0@diigo.com,Male,Bagacay
03/16/2023,362,Hedvig,Wildt,hwildta1@ibm.com,Female,Modot
03/30/2023,363,Sauveur,Swaisland,sswaislanda2@npr.org,Male,Maroúsi
03/04/2023,364,Hannie,Espadero,hespaderoa3@comcast.net,Female,Lazaro Cardenas
03/09/2023,365,Adolpho,Bleier,ableiera4@joomla.org,Male,Karajeun
03/26/2023,366,Falkner,Prew,fprewa5@exblog.jp,Male,Leiling
03/21/2023,367,Eduard,Broek,ebroeka6@ovh.net,Male,Maslovka
03/26/2023,368,Sherye,Coldwell,scoldwella7@samsung.com,Female,Guarabira
03/07/2023,369,Anders,Snooks,asnooksa8@prweb.com,Male,Panino
03/14/2023,370,Farrah,Beringer,fberingera9@mysql.com,Agender,Mabalacat
03/23/2023,371,Manolo,Dzenisenka,mdzenisenkaaa@ameblo.jp,Male,Maogang
03/12/2023,372,Doy,Lehrian,dlehrianab@de.vu,Male,Yessentuki
03/30/2023,373,Wynn,Erskine Sandys,werskinesandysac@163.com,Female,Wilga
03/28/2023,374,Nigel,Shavel,nshavelad@bing.com,Male,Slavs’ke
03/19/2023,375,Iago,Pamplin,ipamplinae@chronoengine.com,Male,Patapan
03/29/2023,376,Byran,Derdes,bderdesaf@hatena.ne.jp,Male,Cibugel
03/26/2023,377,Jerad,Scudders,jscuddersag@dion.ne.jp,Male,Tanjung Palas
03/04/2023,378,Hyacintha,Willimott,hwillimottah@clickbank.net,Female,Faqqū‘ah
03/03/2023,379,Loralie,Gives,lgivesai@senate.gov,Female,Zhavoronki
03/03/2023,380,Kristo,Starford,kstarfordaj@loc.gov,Male,Laizhou
03/24/2023,381,Heather,Weavill,hweavillak@bravesites.com,Female,Rungis
03/17/2023,382,Robbin,Clutterbuck,rclutterbuckal@state.gov,Female,Dongli
03/08/2023,383,Lefty,Weller,lwelleram@china.com.cn,Male,Roma
03/12/2023,384,Nicolai,Torritti,ntorrittian@bluehost.com,Male,Xintai
03/01/2023,385,Lesya,Jeafferson,ljeaffersonao@cnn.com,Female,Jiegan
03/13/2023,386,Leon,Crumbie,lcrumbieap@technorati.com,Male,Xinming
03/08/2023,387,Arlen,Lindegard,alindegardaq@pinterest.com,Male,Irupi
03/04/2023,388,Llewellyn,Drains,ldrainsar@google.fr,Male,Krasnoye
03/21/2023,389,Cynthy,Couchman,ccouchmanas@aol.com,Agender,Shuanggang
03/15/2023,390,Bart,Danielian,bdanielianat@forbes.com,Male,Junín
03/19/2023,391,Ashby,Fierman,afiermanau@apache.org,Male,Ngamba
03/14/2023,392,Lucien,Ledwith,lledwithav@about.me,Male,Xinzhuang
03/06/2023,393,Hank,Griffitts,hgriffittsaw@walmart.com,Male,Okayama-shi
03/07/2023,394,Lulita,Marc,lmarcax@yahoo.co.jp,Female,Giyon
03/05/2023,395,Ade,Falvey,afalveyay@tinyurl.com,Male,Sebeta
03/05/2023,396,Jesse,Overton,jovertonaz@tmall.com,Male,Liuzuo
03/03/2023,397,Kevin,Alsopp,kalsoppb0@uiuc.edu,Male,Parakanhonje Wetan
03/08/2023,398,Greg,Gerard,ggerardb1@jigsy.com,Male,Villa Hayes
03/20/2023,399,Neils,Miell,nmiellb2@buzzfeed.com,Male,Argalastí
03/24/2023,400,Pammie,Jammet,pjammetb3@smugmug.com,Female,El Adelanto
03/08/2023,401,Pegeen,Esgate,pesgateb4@4shared.com,Female,Shahumyan
03/13/2023,402,Gerti,Merriman,gmerrimanb5@ft.com,Female,Pondokrejo Wetan
03/30/2023,403,Babb,Baudassi,bbaudassib6@ca.gov,Female,Xiwang
03/10/2023,404,Babb,Rodgerson,brodgersonb7@cbsnews.com,Non-binary,Đạ Tẻh
03/06/2023,405,Annaliese,Cayette,acayetteb8@dailymail.co.uk,Female,San Carlos
03/26/2023,406,Doro,Meers,dmeersb9@wp.com,Female,Batasan Bata
03/30/2023,407,Damita,Lenahan,dlenahanba@redcross.org,Female,Paris 07
03/19/2023,408,Bee,Redhead,bredheadbb@meetup.com,Female,Daminggong
03/30/2023,409,Tann,Osborne,tosbornebc@miitbeian.gov.cn,Male,Hitiaa
03/27/2023,410,Denys,Fawke,dfawkebd@instagram.com,Male,Qiqing
03/14/2023,411,Kipp,Tousy,ktousybe@sfgate.com,Female,Banjar Bau Kawan
03/11/2023,412,Tremain,Beddow,tbeddowbf@huffingtonpost.com,Genderqueer,Bordeaux
03/02/2023,413,Charisse,Draycott,cdraycottbg@harvard.edu,Female,Az Zāhir
03/15/2023,414,Meggy,Astlatt,mastlattbh@disqus.com,Female,Hwacheon
03/15/2023,415,Elsinore,Stollmeier,estollmeierbi@edublogs.org,Female,Itoigawa
03/11/2023,416,Waylin,Monro,wmonrobj@cafepress.com,Male,Baki
03/30/2023,417,Ely,Buckett,ebuckettbk@merriam-webster.com,Polygender,Sabugueiro
03/25/2023,418,Vi,Wheelton,vwheeltonbl@yolasite.com,Female,Talisayan
03/20/2023,419,Kerwinn,Hartill,khartillbm@imgur.com,Male,Boychinovtsi
03/09/2023,420,Joeann,Jenicke,jjenickebn@bing.com,Female,Liukou
03/21/2023,421,Blanche,Silveston,bsilvestonbo@oaic.gov.au,Agender,Várzea de Sintra
03/25/2023,422,Freddy,Aveson,favesonbp@clickbank.net,Male,Qinlan
03/23/2023,423,Olly,Cardwell,ocardwellbq@fema.gov,Male,Gao’an
03/28/2023,424,Vanessa,Tingcomb,vtingcombbr@businesswire.com,Female,Komsomolsk
03/02/2023,425,Wynn,Banham,wbanhambs@vistaprint.com,Female,Manhan
03/26/2023,426,Patsy,Longworthy,plongworthybt@sbwire.com,Female,Galapa
03/16/2023,427,Kalle,Fenn,kfennbu@jalbum.net,Male,Vailoatai
03/02/2023,428,Dale,Habbeshaw,dhabbeshawbv@theglobeandmail.com,Male,Nazran’
03/10/2023,429,Lucia,Rodd,lroddbw@bloglines.com,Female,Yuanqiao
03/13/2023,430,Esmaria,Hugonneau,ehugonneaubx@mozilla.org,Female,Bin’an
03/19/2023,431,Bertram,Elkington,belkingtonby@miibeian.gov.cn,Male,Côte-Saint-Luc
03/13/2023,432,Hedda,Saltmarsh,hsaltmarshbz@google.ca,Female,København
03/13/2023,433,Arlee,Toffolini,atoffolinic0@devhub.com,Female,Santa Cruz do Rio Pardo
03/14/2023,434,Daniela,Danielli,ddaniellic1@nba.com,Female,Callanca
03/20/2023,435,Sky,Bolesma,sbolesmac2@parallels.com,Male,Vyselki
03/17/2023,436,Rebbecca,Jacquemard,rjacquemardc3@nasa.gov,Female,Nyzhni Petrivtsi
03/28/2023,437,Mattheus,Bellward,mbellwardc4@reference.com,Male,Shangyanzhuang
03/09/2023,438,Gwendolin,Minelli,gminellic5@list-manage.com,Female,Louisville
03/07/2023,439,Vera,Gavey,vgaveyc6@aol.com,Female,Chunxi
03/04/2023,440,Berne,Andrys,bandrysc7@blogtalkradio.com,Male,Basel
03/21/2023,441,Seth,Dibbs,sdibbsc8@free.fr,Male,Videm pri Ptuju
03/21/2023,442,Gert,Cutteridge,gcutteridgec9@geocities.jp,Female,Neẖalim
03/30/2023,443,Alis,Aven,aavenca@virginia.edu,Agender,Limbalod
03/06/2023,444,Tally,Debold,tdeboldcb@mapy.cz,Male,Comodoro Rivadavia
03/07/2023,445,Toby,Coop,tcoopcc@youtube.com,Female,Bilaran
03/28/2023,446,Freemon,Shropshire,fshropshirecd@google.ru,Male,Loúros
03/29/2023,447,Gawen,Skeermor,gskeermorce@nyu.edu,Agender,Chahār Burj
03/03/2023,448,Lila,Beeken,lbeekencf@foxnews.com,Female,Natarleba
03/11/2023,449,Gillie,Serotsky,gserotskycg@fotki.com,Polygender,Novokubansk
03/02/2023,450,Pavla,Nadin,pnadinch@lulu.com,Female,Bor Ondor
03/12/2023,451,Toby,Farrent,tfarrentci@sakura.ne.jp,Female,Robertsport
03/12/2023,452,Jillana,Sawforde,jsawfordecj@yandex.ru,Female,Matmata
03/06/2023,453,Raven,Brookton,rbrooktonck@flickr.com,Female,Bulupayung
03/30/2023,454,Frasier,Dombrell,fdombrellcl@issuu.com,Male,Huangli
03/30/2023,455,Lexine,Brazel,lbrazelcm@patch.com,Female,Llauta
03/13/2023,456,Wilhelmine,Avramov,wavramovcn@patch.com,Female,Santa Catalina
03/11/2023,457,Theobald,Alabaster,talabasterco@baidu.com,Male,Shixi
03/08/2023,458,Seward,Kiffin,skiffincp@answers.com,Male,Siva
03/02/2023,459,Olin,Skoof,oskoofcq@thetimes.co.uk,Non-binary,Azilal
03/12/2023,460,Sauncho,Haffard,shaffardcr@illinois.edu,Male,Pujocucho
03/04/2023,461,Thomasina,Hadfield,thadfieldcs@amazon.com,Polygender,Bibai
03/10/2023,462,Arther,Purdom,apurdomct@cornell.edu,Male,Nishinoomote
03/13/2023,463,Bobbie,Chieze,bchiezecu@techcrunch.com,Male,Nekla
03/10/2023,464,Pepillo,Hebdon,phebdoncv@de.vu,Male,Prokhorovka
03/14/2023,465,Darill,Lenz,dlenzcw@vkontakte.ru,Male,Cataguases
03/21/2023,466,Isac,Abbett,iabbettcx@yolasite.com,Male,Shengmi
03/03/2023,467,Liz,Healings,lhealingscy@unblog.fr,Female,Tongole
03/26/2023,468,Jesse,Garner,jgarnercz@friendfeed.com,Female,Saverne
03/19/2023,469,Tatiania,Salvage,tsalvaged0@sohu.com,Female,Haz-Zebbug
03/26/2023,470,Robers,Adelsberg,radelsbergd1@yelp.com,Male,Amolatar
03/20/2023,471,Susan,Coysh,scoyshd2@hp.com,Female,Daigo
03/16/2023,472,Tobiah,Bolte,tbolted3@amazon.co.uk,Male,Bojongnangka
03/03/2023,473,Courtenay,Shilton,cshiltond4@cpanel.net,Genderqueer,Summerside
03/09/2023,474,Shirline,Lichtfoth,slichtfothd5@alibaba.com,Female,Donglu
03/27/2023,475,Myranda,Batte,mbatted6@webeden.co.uk,Female,Iţsā
03/21/2023,476,Buck,Juan,bjuand7@chicagotribune.com,Agender,La Cruz de Río Grande
03/30/2023,477,Shayla,Luxton,sluxtond8@mysql.com,Female,Ipala
03/25/2023,478,Park,Bark,pbarkd9@unesco.org,Male,Gombang
03/29/2023,479,Basilio,Caveney,bcaveneyda@devhub.com,Male,Algarrobo
03/30/2023,480,Lynnet,Renault,lrenaultdb@blogtalkradio.com,Female,Karangkeng
03/01/2023,481,Barbabra,Keston,bkestondc@plala.or.jp,Female,Tchamba
03/04/2023,482,Meggy,Rojel,mrojeldd@bizjournals.com,Female,Nizhnekamsk
03/27/2023,483,Johnath,Longea,jlongeade@microsoft.com,Female,Enschede
03/22/2023,484,Rubi,Snarie,rsnariedf@usa.gov,Agender,Sepekov
03/04/2023,485,Agatha,McCaffrey,amccaffreydg@marketwatch.com,Female,Puerto Asís
03/05/2023,486,Raychel,Mottinelli,rmottinellidh@fema.gov,Female,Jadów
03/06/2023,487,Juliette,Tossell,jtosselldi@weibo.com,Female,Koźmin Wielkopolski
03/01/2023,488,Willis,Hackwell,whackwelldj@people.com.cn,Male,Vol’no-Nadezhdinskoye
03/16/2023,489,Tania,Izhaky,tizhakydk@twitter.com,Female,Xiangrong
03/06/2023,490,Janeczka,Foro,jforodl@so-net.ne.jp,Agender,Budapest
03/28/2023,491,Nannette,Thorpe,nthorpedm@meetup.com,Female,Konice
03/17/2023,492,Rodge,Gratton,rgrattondn@phoca.cz,Male,Radojevo
03/12/2023,493,Celeste,Molfino,cmolfinodo@amazon.de,Female,Laba Goumen
03/04/2023,494,Beltran,Mersh,bmershdp@geocities.com,Polygender,Austin
03/22/2023,495,Solomon,Pexton,spextondq@multiply.com,Male,Taipingxu
03/12/2023,496,Briggs,Fyers,bfyersdr@prweb.com,Genderfluid,Kalbugan
03/13/2023,497,Clevie,Cicci,cciccids@theglobeandmail.com,Male,Chenyang
03/11/2023,498,Fayre,Burress,fburressdt@wikispaces.com,Female,Alupay
03/06/2023,499,Dacie,Spelman,dspelmandu@dailymotion.com,Female,Pecatu
03/06/2023,500,Rhetta,Newrick,rnewrickdv@scribd.com,Female,Pexiligais
03/07/2023,501,Ancell,Summerhayes,asummerhayesdw@twitter.com,Male,Dama
03/14/2023,502,Teddie,Oriel,torieldx@nhs.uk,Female,Hisor
03/06/2023,503,Beret,Spacie,bspaciedy@360.cn,Female,Rentung
03/02/2023,504,Malcolm,Pavis,mpavisdz@jigsy.com,Male,Yorosso
03/06/2023,505,Barbi,Twinbrow,btwinbrowe0@domainmarket.com,Female,Kozhanka
03/03/2023,506,Jesse,Adlard,jadlarde1@mediafire.com,Male,Grzybowa Góra
03/11/2023,507,Kennith,Sparshott,ksparshotte2@comcast.net,Male,Tashla
03/01/2023,508,Gus,Le Provest,gleproveste3@google.com,Male,Imperatriz
03/14/2023,509,Mata,Cicci,mciccie4@weather.com,Male,Soutelo
03/06/2023,510,Hiram,Bernasek,hbernaseke5@deliciousdays.com,Male,Op
03/04/2023,511,Dana,Linde,dlindee6@prweb.com,Male,Lengshui
03/14/2023,512,Julia,Dahle,jdahlee7@flavors.me,Female,Hopetown
03/27/2023,513,Stephanus,Cranton,scrantone8@trellian.com,Bigender,Lungmar
03/24/2023,514,Luce,Deer,ldeere9@stumbleupon.com,Male,Flandes
03/11/2023,515,Michel,Mathison,mmathisonea@forbes.com,Male,Shawnee Mission
03/04/2023,516,Angelica,Manifield,amanifieldeb@technorati.com,Female,Kipen’
03/08/2023,517,Cazzie,Quiney,cquineyec@livejournal.com,Male,Laval
03/06/2023,518,Maressa,Blaise,mblaiseed@princeton.edu,Female,Omiš
03/22/2023,519,Jorey,Tregido,jtregidoee@pbs.org,Female,São Pedro
03/16/2023,520,Abbot,Peizer,apeizeref@toplist.cz,Male,Xiting
03/26/2023,521,Udale,Pillifant,upillifanteg@imdb.com,Male,Suchy Dąb
03/10/2023,522,Finley,Camelli,fcamellieh@linkedin.com,Male,Chonogol
03/04/2023,523,Rockie,Fairbrace,rfairbraceei@whitehouse.gov,Male,Trảng Bàng
03/02/2023,524,Myrwyn,McCreary,mmccrearyej@comsenz.com,Male,Ростуша
03/28/2023,525,Peggy,Skelhorn,pskelhornek@weibo.com,Female,Kalávryta
03/10/2023,526,Chaim,Goodlad,cgoodladel@wikipedia.org,Male,Ratilangi
03/05/2023,527,Ty,Genthner,tgenthnerem@nifty.com,Male,Bosanski Novi
03/16/2023,528,Mariele,Durtnel,mdurtnelen@skyrock.com,Female,Balite
03/25/2023,529,Michel,O'Callaghan,mocallaghaneo@oakley.com,Female,Madalena do Mar
03/09/2023,530,Luca,Muggeridge,lmuggeridgeep@engadget.com,Male,Mainz
03/08/2023,531,Quentin,Jaggers,qjaggerseq@wsj.com,Male,Psáry
03/28/2023,532,Allen,Mennell,amenneller@bbb.org,Male,Las Americas
03/13/2023,533,Nola,Orans,noranses@discuz.net,Female,Tiantai
03/06/2023,534,Devin,McSperron,dmcsperronet@mlb.com,Female,Opatów
03/11/2023,535,Abdel,Patinkin,apatinkineu@bloomberg.com,Male,Huanggang
03/29/2023,536,Constantin,Conlon,cconlonev@dion.ne.jp,Male,Nālchiti
03/19/2023,537,Beverlee,Claasen,bclaasenew@zdnet.com,Female,Laimuda
03/15/2023,538,Lanie,Saer,lsaerex@hhs.gov,Male,Lubu
03/06/2023,539,Esme,Goolden,egooldeney@google.cn,Female,Asíni
03/11/2023,540,Chariot,Shoreson,cshoresonez@discuz.net,Male,Narol
03/01/2023,541,Etan,Pourveer,epourveerf0@theglobeandmail.com,Male,Krivodanovka
03/27/2023,542,Humfrey,Klain,hklainf1@discuz.net,Male,Cezi
03/19/2023,543,Jon,Wrigley,jwrigleyf2@live.com,Male,Mercedes
03/20/2023,544,Dunstan,Pedder,dpedderf3@umich.edu,Male,Dassun
03/10/2023,545,Trefor,McGlaud,tmcglaudf4@printfriendly.com,Male,Darmasari
03/24/2023,546,Francisca,Caudray,fcaudrayf5@nationalgeographic.com,Female,Ribeiro
03/04/2023,547,Brander,Cody,bcodyf6@delicious.com,Male,San Jerónimo
03/19/2023,548,Domingo,Begbie,dbegbief7@people.com.cn,Male,Ciudad Bolivia
03/12/2023,549,Krisha,Daen,kdaenf8@cafepress.com,Male,Mirosławiec
03/05/2023,550,Phil,Ridett,pridettf9@sbwire.com,Male,Aozai
03/24/2023,551,Tam,MacKibbon,tmackibbonfa@sbwire.com,Male,Progreso
03/24/2023,552,Griselda,Peterken,gpeterkenfb@hhs.gov,Female,Phetchabun
03/26/2023,553,Christiana,Maliffe,cmaliffefc@ifeng.com,Agender,Geidam
03/11/2023,554,Rutledge,Derle,rderlefd@sciencedaily.com,Male,Hanyū
03/09/2023,555,Carey,Wyldbore,cwyldborefe@geocities.jp,Male,Shouxihu
03/14/2023,556,Todd,Troucher,ttroucherff@example.com,Male,Sokarame
03/05/2023,557,Carny,Bantick,cbantickfg@archive.org,Agender,Lamut
03/26/2023,558,Issiah,Trask,itraskfh@cyberchimps.com,Male,Dengfeng
03/03/2023,559,Bennie,D'Aubney,bdaubneyfi@live.com,Female,Laohekou
03/15/2023,560,Dacia,Neary,dnearyfj@latimes.com,Female,Xinlong
03/21/2023,561,Delora,Pitts,dpittsfk@abc.net.au,Female,Partikan
03/30/2023,562,Missie,Berens,mberensfl@europa.eu,Female,Mesker-Yurt
03/04/2023,563,Maynard,Ivell,mivellfm@qq.com,Male,Zhentian
03/27/2023,564,Fionna,Ralls,frallsfn@studiopress.com,Female,Scarborough
03/09/2023,565,Storm,Cowderay,scowderayfo@oakley.com,Female,Leiden
03/15/2023,566,Reyna,Liverseege,rliverseegefp@purevolume.com,Female,Watubura
03/08/2023,567,Demetrius,Fairpool,dfairpoolfq@arizona.edu,Male,Xiangshan
03/11/2023,568,Fonz,Swatton,fswattonfr@netlog.com,Male,Kåge
03/21/2023,569,Carlye,Wycliffe,cwycliffefs@reverbnation.com,Agender,Chiang Rai
03/24/2023,570,Marion,Fussie,mfussieft@shinystat.com,Female,Tandil
03/10/2023,571,Jeannie,Arrol,jarrolfu@cbc.ca,Female,Taboc
03/12/2023,572,Maressa,Fishwick,mfishwickfv@nymag.com,Female,Si Racha
03/12/2023,573,Mendel,Spino,mspinofw@bigcartel.com,Male,Hengshi
03/02/2023,574,Willette,Jann,wjannfx@purevolume.com,Female,Krayen
03/03/2023,575,Ray,Tyrwhitt,rtyrwhittfy@imgur.com,Female,Novoaleksandrovsk
03/18/2023,576,Nolie,Ledram,nledramfz@de.vu,Female,Alangalang
03/21/2023,577,Camellia,Deans,cdeansg0@php.net,Female,Plataran
03/07/2023,578,Cristobal,Judkins,cjudkinsg1@springer.com,Male,Jiaoshi
03/15/2023,579,Samuel,Ladloe,sladloeg2@vk.com,Male,Kaduluhur
03/18/2023,580,Markos,Temlett,mtemlettg3@globo.com,Male,Qingzhou
03/26/2023,581,Kipper,McGannon,kmcgannong4@nyu.edu,Male,Taraš
03/18/2023,582,Redford,Davidoff,rdavidoffg5@pcworld.com,Male,Jakubów
03/19/2023,583,Jule,Berrow,jberrowg6@epa.gov,Male,Huamachuco
03/01/2023,584,Dieter,Wicks,dwicksg7@hibu.com,Bigender,Carmo do Cajuru
03/28/2023,585,Lissa,Oppery,lopperyg8@admin.ch,Female,Rogowo
03/02/2023,586,Jacquenette,Lepoidevin,jlepoideving9@skype.com,Female,Täby
03/25/2023,587,Gerrard,Hussey,ghusseyga@ft.com,Male,Fès
03/08/2023,588,Betteanne,Scarse,bscarsegb@mac.com,Female,Kamionka
03/23/2023,589,Fan,McMennum,fmcmennumgc@canalblog.com,Female,Solor
03/17/2023,590,Cassius,Strotone,cstrotonegd@github.io,Male,Talca
03/03/2023,591,Clea,Staden,cstadenge@nsw.gov.au,Female,Tangwu
03/27/2023,592,Ninetta,Forseith,nforseithgf@ebay.com,Female,Kaseda-shirakame
03/23/2023,593,Dasie,Jesteco,djestecogg@yandex.ru,Female,Pung-Pang
03/02/2023,594,Avrom,Flippini,aflippinigh@kickstarter.com,Bigender,Galubakul
03/19/2023,595,Delila,Scrigmour,dscrigmourgi@webnode.com,Female,Elefsína
03/01/2023,596,Martyn,Beacom,mbeacomgj@bbb.org,Male,Port Area
03/14/2023,597,Sutherlan,Cowherd,scowherdgk@bloglines.com,Male,Wierzchowo
03/14/2023,598,Lucius,Kibbee,lkibbeegl@google.co.uk,Male,Lubao
03/26/2023,599,Orson,Hintzer,ohintzergm@npr.org,Genderfluid,Shanmei
03/13/2023,600,Sean,Shann,sshanngn@ameblo.jp,Female,Qiankeng
03/12/2023,601,Tish,Cazalet,tcazaletgo@etsy.com,Female,Tuusula
03/21/2023,602,Carlen,Rawsthorn,crawsthorngp@cnn.com,Female,Ponta do Sol
03/05/2023,603,Yoko,Seward,ysewardgq@google.it,Female,Telagasari
03/30/2023,604,Dennison,Absolem,dabsolemgr@ebay.com,Non-binary,Chum Phae
03/02/2023,605,Gerty,Rickards,grickardsgs@ibm.com,Female,Mandráki
03/01/2023,606,Giana,Elvidge,gelvidgegt@umich.edu,Female,Strömstad
03/20/2023,607,Tully,Cabrales,tcabralesgu@google.co.jp,Non-binary,Ystad
03/15/2023,608,Millisent,Friel,mfrielgv@europa.eu,Female,Mopipi
03/19/2023,609,Scotty,Lambswood,slambswoodgw@jiathis.com,Male,Dob
03/13/2023,610,Adair,Pighills,apighillsgx@bluehost.com,Male,Claresholm
03/18/2023,611,Smith,Diver,sdivergy@feedburner.com,Male,Carvalho
03/13/2023,612,Henrietta,Haslock,hhaslockgz@paypal.com,Female,Ostankinskiy
03/21/2023,613,Esmeralda,Gilmour,egilmourh0@toplist.cz,Female,San Jose
03/20/2023,614,Barnett,Mailes,bmailesh1@woothemes.com,Male,Cuogang
03/16/2023,615,Cherie,Margerison,cmargerisonh2@reuters.com,Female,Lawesigalagala Timur
03/30/2023,616,Redford,Styant,rstyanth3@diigo.com,Male,Teno
03/28/2023,617,Care,Casiroli,ccasirolih4@jimdo.com,Male,Trindade
03/08/2023,618,Paulie,Roderighi,proderighih5@wikia.com,Male,Budapest
03/14/2023,619,Nicol,Kitchin,nkitchinh6@independent.co.uk,Male,Karavan
03/11/2023,620,Carlen,Kinnach,ckinnachh7@tiny.cc,Female,Göteborg
03/30/2023,621,Carina,Peaple,cpeapleh8@tripod.com,Female,Fresno
03/03/2023,622,Aretha,Oldrey,aoldreyh9@slashdot.org,Female,Salavat
03/04/2023,623,Geraldine,Grose,ggroseha@istockphoto.com,Female,Gōtsuchō
03/13/2023,624,Bibby,Suart,bsuarthb@wordpress.com,Female,Dalsjöfors
03/09/2023,625,Norbie,Benedite,nbeneditehc@studiopress.com,Male,Lantian
03/04/2023,626,Rhodia,Jatczak,rjatczakhd@topsy.com,Female,København
03/20/2023,627,Tann,Bradnick,tbradnickhe@cyberchimps.com,Male,Tonoshō
03/03/2023,628,Kalil,Franzettoini,kfranzettoinihf@nsw.gov.au,Male,Xindu
03/18/2023,629,Maurise,Phare,mpharehg@ted.com,Female,Shitang
03/20/2023,630,Kyle,Pygott,kpygotthh@taobao.com,Male,Mugan
03/04/2023,631,Guinevere,Rubinsaft,grubinsafthi@ft.com,Female,Derhachi
03/08/2023,632,Cati,Ruller,crullerhj@apache.org,Female,Jinshan
03/10/2023,633,Sonnie,Hadlee,shadleehk@unesco.org,Male,pamas
03/29/2023,634,Tallie,Mallalieu,tmallalieuhl@eventbrite.com,Female,Ekerö
03/29/2023,635,Beth,Brewer,bbrewerhm@ftc.gov,Female,Giesteira
03/14/2023,636,Adelice,Pieche,apiechehn@cbc.ca,Female,Newton
03/11/2023,637,Ortensia,Sutliff,osutliffho@archive.org,Female,Paris 12
03/17/2023,638,Megen,Plant,mplanthp@adobe.com,Agender,Ortega
03/18/2023,639,Keefer,Somerset,ksomersethq@slate.com,Male,Pyra
03/01/2023,640,Marlin,Totaro,mtotarohr@amazon.co.uk,Male,Bangeran
03/04/2023,641,Angie,Noddles,anoddleshs@diigo.com,Genderfluid,Looc
03/30/2023,642,Karrie,Issacoff,kissacoffht@mayoclinic.com,Female,Borovlyany
03/29/2023,643,Hynda,Vasler,hvaslerhu@theguardian.com,Female,Le Raincy
03/13/2023,644,Marin,Boness,mbonesshv@wordpress.org,Female,Bagacay
03/28/2023,645,Raffarty,Vigours,rvigourshw@de.vu,Male,Callao
03/26/2023,646,Rudie,Haswell,rhaswellhx@google.com.br,Male,Bartniczka
03/10/2023,647,Kathie,Olwen,kolwenhy@icq.com,Female,Kalamangog
03/30/2023,648,Shannan,Wibberley,swibberleyhz@networkadvertising.org,Male,Vlissingen
03/16/2023,649,Merna,Collard,mcollardi0@gnu.org,Polygender,Puji
03/05/2023,650,Angie,Causnett,acausnetti1@nationalgeographic.com,Female,Junbu
03/09/2023,651,Granville,Greetland,ggreetlandi2@zdnet.com,Male,Dagang
03/08/2023,652,Jandy,Wapplington,jwapplingtoni3@sciencedaily.com,Female,Weishan
03/09/2023,653,Barbra,Grosier,bgrosieri4@yellowbook.com,Female,Portão
03/06/2023,654,Jilly,Passion,jpassioni5@odnoklassniki.ru,Female,Sundsvall
03/21/2023,655,Porter,Gagg,pgaggi6@biblegateway.com,Male,La Ensenada
03/19/2023,656,Theobald,Fiddian,tfiddiani7@istockphoto.com,Male,Baishuiyang
03/21/2023,657,Berne,Delamere,bdelamerei8@foxnews.com,Male,Koncang
03/20/2023,658,Javier,Ferminger,jfermingeri9@apache.org,Male,Carepa
03/28/2023,659,Mile,Hambling,mhamblingia@themeforest.net,Male,Akkol’
03/21/2023,660,Daffi,Latus,dlatusib@google.it,Female,Reggio Calabria
03/25/2023,661,Chastity,Thorpe,cthorpeic@tripadvisor.com,Female,Denton
03/15/2023,662,Abby,Perigoe,aperigoeid@uol.com.br,Male,Antas
03/04/2023,663,Austen,Renehan,arenehanie@vkontakte.ru,Male,Xindeng
03/22/2023,664,Nilson,Grabert,ngrabertif@theatlantic.com,Male,Mogwase
03/13/2023,665,Malva,Davidovic,mdavidovicig@umich.edu,Female,Livadiya
03/11/2023,666,Sheffy,Kivell,skivellih@tripod.com,Male,Girang
03/29/2023,667,Avril,Briscoe,abriscoeii@cbslocal.com,Female,Hexia
03/17/2023,668,Nanon,Lassetter,nlassetterij@about.com,Female,Calheta de Nesquim
03/12/2023,669,Cloris,Mussared,cmussaredik@narod.ru,Female,Yangping
03/27/2023,670,Rosalinda,Mallalieu,rmallalieuil@altervista.org,Female,Sedinginan
03/23/2023,671,Danila,Perchard,dperchardim@arizona.edu,Female,Hezhai
03/19/2023,672,Horacio,Tuer,htuerin@tumblr.com,Male,Veiga
03/09/2023,673,Skye,Binham,sbinhamio@bloomberg.com,Male,Hechuan
03/24/2023,674,Pammie,Rehor,prehorip@apple.com,Female,Jacaraú
03/13/2023,675,Courtnay,Pyer,cpyeriq@cargocollective.com,Bigender,Las Lajas
03/10/2023,676,Persis,Jakubovski,pjakubovskiir@who.int,Female,Gareba
03/02/2023,677,Claire,Scholling,cschollingis@arizona.edu,Female,Munkfors
03/08/2023,678,Emera,Mabley,emableyit@java.com,Female,Nanhai
03/08/2023,679,Russ,Zambon,rzamboniu@time.com,Male,Caibarién
03/15/2023,680,Maynord,Jorg,mjorgiv@cafepress.com,Male,Garnich
03/17/2023,681,Rolph,Moyer,rmoyeriw@plala.or.jp,Male,Meishan
03/12/2023,682,Doris,Jaxon,djaxonix@163.com,Polygender,Jiamaying
03/14/2023,683,Edythe,Josland,ejoslandiy@globo.com,Female,Tangal
03/12/2023,684,Trula,Hannaby,thannabyiz@bizjournals.com,Female,Doom
03/22/2023,685,Bunnie,Jankowski,bjankowskij0@cocolog-nifty.com,Female,Sfax
03/23/2023,686,Enrika,Bushby,ebushbyj1@gravatar.com,Female,Pisangkemeng
03/14/2023,687,Howie,Scoyles,hscoylesj2@edublogs.org,Male,Shaguotun
03/26/2023,688,Logan,Brafield,lbrafieldj3@hatena.ne.jp,Male,Yafan
03/15/2023,689,Genevieve,Ridolfi,gridolfij4@is.gd,Female,Fullerton
03/13/2023,690,Mort,Waiting,mwaitingj5@yandex.ru,Male,Dongyuan
03/01/2023,691,Cass,Tesche,cteschej6@discovery.com,Female,Baganga
03/27/2023,692,Abbe,Allsep,aallsepj7@alibaba.com,Female,Bayeux
03/15/2023,693,Annice,Kleiner,akleinerj8@cyberchimps.com,Bigender,Lleida
03/02/2023,694,Marie-jeanne,Speers,mspeersj9@studiopress.com,Female,Xiaomenjia
03/26/2023,695,Hannie,Trowsdall,htrowsdallja@google.fr,Female,Marsh Harbour
03/14/2023,696,Rafaello,Zorzetti,rzorzettijb@hubpages.com,Male,Galveias
03/12/2023,697,Johannah,Featherstone,jfeatherstonejc@ask.com,Female,Portelinha
03/06/2023,698,Idette,Janeczek,ijaneczekjd@mac.com,Female,Huallanca
03/02/2023,699,Philomena,Frearson,pfrearsonje@craigslist.org,Female,Koa
03/05/2023,700,Orelee,Robelet,orobeletjf@slashdot.org,Female,Atibaia
03/12/2023,701,Carny,Mundell,cmundelljg@miibeian.gov.cn,Male,Nizhnyaya Tura
03/06/2023,702,Terence,Studholme,tstudholmejh@creativecommons.org,Male,Saguiaran
03/17/2023,703,Reggis,Odam,rodamji@livejournal.com,Male,Estância Velha
03/16/2023,704,Linet,Jaycox,ljaycoxjj@ucoz.com,Female,Guxi
03/10/2023,705,Halley,Challes,hchallesjk@liveinternet.ru,Female,Satovcha
03/29/2023,706,Mitchell,Chaney,mchaneyjl@who.int,Male,Kinloch
03/29/2023,707,Sylas,Khalid,skhalidjm@reuters.com,Male,Kassándreia
03/05/2023,708,Marlo,Cristofano,mcristofanojn@free.fr,Male,Anadia
03/13/2023,709,Willow,Sealove,wsealovejo@washington.edu,Polygender,Lidingö
03/14/2023,710,Chucho,Aggio,caggiojp@nationalgeographic.com,Male,Baligród
03/14/2023,711,Jocko,Neeves,jneevesjq@cornell.edu,Male,Sidomulyo Kulon
03/13/2023,712,Min,Bridal,mbridaljr@multiply.com,Female,Buzuluk
03/18/2023,713,Shani,Bauman,sbaumanjs@sohu.com,Female,Schroeder
03/11/2023,714,Rowan,Iddon,riddonjt@google.co.jp,Male,San Juan
03/05/2023,715,Garald,Holstein,gholsteinju@wp.com,Male,Coroatá
03/07/2023,716,Diarmid,Cosley,dcosleyjv@zimbio.com,Male,Zihu
03/20/2023,717,Kaycee,Ivashkov,kivashkovjw@cbslocal.com,Female,Korczyna
03/01/2023,718,Dorita,Meadowcroft,dmeadowcroftjx@blogspot.com,Genderqueer,Salanegara
03/11/2023,719,Juieta,Youtead,jyouteadjy@dion.ne.jp,Female,Dongxi
03/13/2023,720,Niven,Stocking,nstockingjz@state.tx.us,Male,Monino
03/20/2023,721,Sully,Sissel,ssisselk0@cornell.edu,Male,Reriz
03/28/2023,722,Delphine,Bouldstridge,dbouldstridgek1@usatoday.com,Female,Pining
03/18/2023,723,Sheilakathryn,Merigeau,smerigeauk2@skype.com,Female,Acao
03/03/2023,724,Perren,Wyatt,pwyattk3@sciencedirect.com,Male,Tsaghkadzor
03/24/2023,725,Chico,Swinerd,cswinerdk4@discovery.com,Male,Чучер - Сандево
03/24/2023,726,Giusto,Goulden,ggouldenk5@1688.com,Male,Vrbno pod Pradědem
03/07/2023,727,Lacey,Rikkard,lrikkardk6@yelp.com,Female,Kostomuksha
03/11/2023,728,Talya,Gerritzen,tgerritzenk7@smugmug.com,Polygender,Itabuna
03/21/2023,729,Patrizio,Pullar,ppullark8@cyberchimps.com,Male,Tinampo
03/11/2023,730,Iormina,Wynrahame,iwynrahamek9@infoseek.co.jp,Bigender,Roissy Charles-de-Gaulle
03/15/2023,731,Letizia,Walkingshaw,lwalkingshawka@smugmug.com,Female,Xarrë
03/23/2023,732,Yuma,Ainsby,yainsbykb@wordpress.com,Male,Jardia
03/14/2023,733,Mortimer,Stuck,mstuckkc@php.net,Male,Wumahe
03/28/2023,734,Sigrid,Cowlas,scowlaskd@reddit.com,Female,Albardón
03/08/2023,735,Guenevere,Presslee,gpressleeke@globo.com,Female,Cala
03/13/2023,736,Waylen,Vuitte,wvuittekf@biglobe.ne.jp,Male,Kawanishi
03/21/2023,737,Phil,Bowkett,pbowkettkg@cnet.com,Male,Yaogou
03/12/2023,738,Wandis,Talloe,wtalloekh@bandcamp.com,Female,Pujilí
03/24/2023,739,Putnem,VanBrugh,pvanbrughki@nbcnews.com,Male,Krapyak Kidul
03/23/2023,740,Alma,Billany,abillanykj@forbes.com,Female,Kubangwaru
03/16/2023,741,Inger,Greeno,igreenokk@yandex.ru,Male,Samdrup Jongkhar
03/10/2023,742,Kaila,Pichan,kpichankl@si.edu,Female,Pasrukrajan Satu
03/22/2023,743,Lizette,Dalbey,ldalbeykm@linkedin.com,Female,San Juan Ermita
03/12/2023,744,Hendrika,Yakunchikov,hyakunchikovkn@theatlantic.com,Female,Kävlinge
03/30/2023,745,Reed,Sharp,rsharpko@mayoclinic.com,Male,Sult
03/10/2023,746,Trenton,Belasco,tbelascokp@tmall.com,Male,El Calvario
03/03/2023,747,Moses,Spiers,mspierskq@printfriendly.com,Male,Nanyang
03/28/2023,748,Matthus,Allchin,mallchinkr@mozilla.org,Male,Besançon
03/22/2023,749,Jehu,Robecon,jrobeconks@google.ru,Male,Pandak
03/03/2023,750,Mandel,Firmager,mfirmagerkt@skyrock.com,Male,Nghi Xuân
03/28/2023,751,Chrisse,Denisot,cdenisotku@ft.com,Male,Illéla
03/02/2023,752,Cullin,Lampel,clampelkv@bravesites.com,Male,Ramalhal
03/11/2023,753,Elsinore,Yakutin,eyakutinkw@miitbeian.gov.cn,Female,Gangmei
03/25/2023,754,Conrado,Kidman,ckidmankx@paypal.com,Male,Kungshamn
03/16/2023,755,Donaugh,Pinder,dpinderky@a8.net,Male,Canggetelo
03/02/2023,756,Shaylah,Corzon,scorzonkz@usgs.gov,Female,Haoping
03/16/2023,757,Nil,Castells,ncastellsl0@macromedia.com,Male,Gevgelija
03/11/2023,758,Ross,Gascone,rgasconel1@weibo.com,Male,Calasgasan
03/08/2023,759,Trevar,Mauger,tmaugerl2@columbia.edu,Male,Klau
03/27/2023,760,Emmalee,McIlwraith,emcilwraithl3@blogs.com,Female,Juwana
03/21/2023,761,Judas,Larmor,jlarmorl4@bluehost.com,Male,Slunj
03/12/2023,762,Kara,Clewarth,kclewarthl5@stumbleupon.com,Female,Pocora
03/14/2023,763,Darnall,Bansal,dbansall6@un.org,Male,Bakulong
03/22/2023,764,Hilliard,Yegorchenkov,hyegorchenkovl7@paypal.com,Male,Paranavaí
03/13/2023,765,Modestia,Bushby,mbushbyl8@liveinternet.ru,Female,Dualing
03/18/2023,766,Welby,Pearcehouse,wpearcehousel9@blogger.com,Male,Tostado
03/29/2023,767,Merell,Mawtus,mmawtusla@studiopress.com,Male,Mbala
03/17/2023,768,Delmore,Gullick,dgullicklb@angelfire.com,Male,Ichinohe
03/18/2023,769,Alasdair,Hatfield,ahatfieldlc@phoca.cz,Genderfluid,Claver
03/05/2023,770,Yancy,Burrage,yburrageld@themeforest.net,Genderfluid,Flandes
03/20/2023,771,Albrecht,holmes,aholmesle@chron.com,Male,Adolfo Lopez Mateos
03/29/2023,772,Boothe,Lambotin,blambotinlf@prlog.org,Male,Caraga
03/14/2023,773,Alfredo,Dummer,adummerlg@quantcast.com,Male,San Ramon
03/09/2023,774,Jarib,Chainey,jchaineylh@sciencedirect.com,Genderfluid,Ust’-Uda
03/02/2023,775,Alanah,Halleybone,ahalleyboneli@ocn.ne.jp,Female,Pôrto Barra do Ivinheima
03/29/2023,776,Emogene,Ducker,educkerlj@webeden.co.uk,Female,Nazrēt
03/18/2023,777,Audrie,Stadding,astaddinglk@hc360.com,Genderqueer,Pongkor
03/06/2023,778,Nikolaus,Lickess,nlickessll@google.com.hk,Male,Duobao
03/12/2023,779,Lothaire,Gell,lgelllm@so-net.ne.jp,Male,København
03/03/2023,780,Rivalee,Portal,rportalln@gov.uk,Female,Khuma
03/21/2023,781,Dudley,Marshfield,dmarshfieldlo@ca.gov,Male,Aiquile
03/15/2023,782,Sonnie,Reddan,sreddanlp@myspace.com,Male,Malāyer
03/06/2023,783,Dene,Hassey,dhasseylq@wix.com,Male,Dosso
03/11/2023,784,Biron,Muneely,bmuneelylr@digg.com,Male,Lefkoniko
03/14/2023,785,Corabella,Erasmus,cerasmusls@samsung.com,Female,Djibouti
03/17/2023,786,Ronica,Episcopio,repiscopiolt@archive.org,Female,Duyên Hải
03/22/2023,787,Wendall,Funcheon,wfuncheonlu@cbsnews.com,Male,Volot
03/20/2023,788,Eddy,Kubalek,ekubaleklv@furl.net,Female,Diwopu
03/12/2023,789,Dinny,Tett,dtettlw@slate.com,Female,Likhovskoy
03/26/2023,790,Bernette,Pergens,bpergenslx@telegraph.co.uk,Female,Tân Kỳ
03/13/2023,791,Effie,Stanes,estanesly@reference.com,Female,Kilkenny
03/20/2023,792,Galvin,Boshers,gbosherslz@abc.net.au,Male,Neya
03/24/2023,793,Corella,Umpleby,cumplebym0@eventbrite.com,Female,Wodzierady
03/24/2023,794,Ikey,Knowler,iknowlerm1@google.com,Male,Xiongzhang
03/02/2023,795,Kristin,Maxwale,kmaxwalem2@ted.com,Female,Libušín
03/29/2023,796,Amerigo,Wallicker,awallickerm3@zimbio.com,Male,Pambuhan
03/19/2023,797,Wolfy,Dominetti,wdominettim4@nytimes.com,Male,Franceville
03/17/2023,798,Bob,Caulket,bcaulketm5@indiegogo.com,Male,Utkivka
03/16/2023,799,Richmound,Eisikowitch,reisikowitchm6@webeden.co.uk,Male,Fengjiang
03/03/2023,800,Lacee,Aubrun,laubrunm7@oakley.com,Female,Aengceleng
03/16/2023,801,Fowler,Denisovo,fdenisovom8@youtu.be,Male,Sujiatun
03/15/2023,802,Cindra,Plaistowe,cplaistowem9@opera.com,Female,Longjie
03/21/2023,803,Fidelia,Kirkness,fkirknessma@theatlantic.com,Female,Xinwo
03/27/2023,804,Carmen,Haldane,chaldanemb@dedecms.com,Female,Capas
03/09/2023,805,Marlin,Blaszczak,mblaszczakmc@whitehouse.gov,Male,Dijon
03/21/2023,806,Goddart,Lodford,glodfordmd@wp.com,Male,Sisŏphŏn
03/17/2023,807,Durward,Brettell,dbrettellme@amazon.de,Male,Pantalowice
03/28/2023,808,Skylar,Darkins,sdarkinsmf@comsenz.com,Male,Noupoort
03/12/2023,809,Rory,Gornal,rgornalmg@google.com.au,Female,Thiais
03/25/2023,810,Alejoa,Purple,apurplemh@netscape.com,Male,Guantánamo
03/14/2023,811,Borden,Ladd,bladdmi@freewebs.com,Male,Cicheng
03/21/2023,812,Casandra,Pargent,cpargentmj@godaddy.com,Female,Daraitan
03/11/2023,813,Germain,Bridywater,gbridywatermk@myspace.com,Male,Samir
03/15/2023,814,Ddene,Leyzell,dleyzellml@blogspot.com,Polygender,Shiree
03/22/2023,815,Damiano,Riatt,driattmm@live.com,Male,Tangwāni
03/15/2023,816,Sawyer,Kenwin,skenwinmn@goo.gl,Male,Duas Igrejas
03/19/2023,817,Donaugh,Hubane,dhubanemo@t.co,Male,Tuzhu
03/25/2023,818,Trip,Leuren,tleurenmp@sourceforge.net,Male,Firmat
03/27/2023,819,Sybille,Bradshaw,sbradshawmq@ucoz.ru,Female,Apodi
03/23/2023,820,Tracie,Chatenier,tchateniermr@php.net,Male,Ivanava
03/03/2023,821,Robinia,Igglesden,rigglesdenms@unesco.org,Female,Huazhu
03/16/2023,822,Reggie,Furnival,rfurnivalmt@paypal.com,Bigender,Zhengmo
03/21/2023,823,Sibby,McGilleghole,smcgillegholemu@twitpic.com,Agender,Cabreúva
03/17/2023,824,Mona,Cran,mcranmv@vistaprint.com,Female,Xufeng
03/14/2023,825,Laureen,Lindsell,llindsellmw@nsw.gov.au,Female,La Unión
03/04/2023,826,Gottfried,Scholcroft,gscholcroftmx@ustream.tv,Male,‘Abbāsābād
03/19/2023,827,Kellen,Flucker,kfluckermy@aol.com,Male,Yabuli
03/15/2023,828,Audre,Bould,abouldmz@fc2.com,Polygender,Qasr Abu Hadi
03/24/2023,829,Richard,Mapstone,rmapstonen0@angelfire.com,Male,Tselinnoye
03/16/2023,830,Dwayne,Orchart,dorchartn1@disqus.com,Male,Puksoozero
03/27/2023,831,Allyson,Chazerand,achazerandn2@census.gov,Female,Talldaww
03/04/2023,832,Sunny,Millthorpe,smillthorpen3@nasa.gov,Male,Bashtanka
03/17/2023,833,Maridel,Yatman,myatmann4@cam.ac.uk,Female,Metz
03/08/2023,834,Elke,Elwell,eelwelln5@arizona.edu,Female,Normanton
03/20/2023,835,Ludvig,Brabin,lbrabinn6@webmd.com,Male,Malko Tŭrnovo
03/12/2023,836,Francklyn,Clinch,fclinchn7@goodreads.com,Male,Dąbrowa
03/12/2023,837,Toby,McGaughie,tmcgaughien8@hc360.com,Male,Mananum
03/06/2023,838,Quentin,Novello,qnovellon9@ycombinator.com,Agender,Kawanoechō
03/30/2023,839,Magdalen,Prosh,mproshna@nbcnews.com,Female,Shushary
03/03/2023,840,Loria,Splevin,lsplevinnb@xrea.com,Female,El Puerto
03/11/2023,841,Alane,Sulland,asullandnc@omniture.com,Female,Krajan
03/03/2023,842,Diann,Hamon,dhamonnd@squarespace.com,Female,Jelbuk
03/12/2023,843,Patricia,Deyes,pdeyesne@scribd.com,Female,Ängelholm
03/20/2023,844,Tiler,Almey,talmeynf@odnoklassniki.ru,Male,Louisville
03/16/2023,845,Byran,Adamo,badamong@virginia.edu,Male,Cullhuas
03/30/2023,846,Temple,Edge,tedgenh@eventbrite.com,Male,Guisguis
03/06/2023,847,Arte,Beccles,abecclesni@nytimes.com,Male,Malabugas
03/09/2023,848,Humfrey,Gatteridge,hgatteridgenj@google.co.uk,Male,Békéscsaba
03/26/2023,849,Karoline,Kings,kkingsnk@exblog.jp,Female,Repatriación
03/10/2023,850,Gerry,Natte,gnattenl@gmpg.org,Polygender,Akriní
03/17/2023,851,Maridel,Schoffler,mschofflernm@pcworld.com,Female,Clearwater
03/19/2023,852,Bryce,Wellfare,bwellfarenn@washington.edu,Male,El Limon
03/02/2023,853,Angeline,Cockitt,acockittno@latimes.com,Female,Makiwalo
03/07/2023,854,Calley,Espinoy,cespinoynp@huffingtonpost.com,Female,Mount Darwin
03/15/2023,855,Billye,Latham,blathamnq@utexas.edu,Non-binary,Tagkawayan Sabang
03/26/2023,856,Sibyl,Goodfellow,sgoodfellownr@sun.com,Male,Querocotillo
03/23/2023,857,Jess,Cressar,jcressarns@wiley.com,Female,Tacheng
03/13/2023,858,Lyssa,McGowan,lmcgowannt@twitpic.com,Female,Krajan C Wonorejo
03/11/2023,859,Byram,Ambroisin,bambroisinnu@phpbb.com,Male,Kawakawa
03/13/2023,860,Neddie,Coard,ncoardnv@surveymonkey.com,Male,Rovira
03/02/2023,861,Margaux,Laxson,mlaxsonnw@flickr.com,Female,Jinhai
03/06/2023,862,Nichols,Kenwright,nkenwrightnx@php.net,Male,Jāmpur
03/25/2023,863,Clio,Verheyden,cverheydenny@goodreads.com,Female,Huangmao
03/16/2023,864,Berny,Glover,bglovernz@i2i.jp,Female,Pakusari
03/05/2023,865,Stanislas,Cadany,scadanyo0@webmd.com,Male,Marugame
03/27/2023,866,Prudi,Coenraets,pcoenraetso1@diigo.com,Female,Baishi
03/02/2023,867,Lorin,Revelle,lrevelleo2@paypal.com,Male,Dalan
03/18/2023,868,Brenda,Bontine,bbontineo3@shutterfly.com,Female,Dijon
03/08/2023,869,Claiborne,Cicconetti,ccicconettio4@mac.com,Male,Aktau
03/08/2023,870,Venita,Scrogges,vscroggeso5@businessweek.com,Female,Maple Creek
03/29/2023,871,Kaitlyn,Thomasen,kthomaseno6@wikimedia.org,Female,Hawassa
03/12/2023,872,Geno,Trustrie,gtrustrieo7@cbsnews.com,Male,Tangjin
03/28/2023,873,Ramonda,Oret,roreto8@pen.io,Female,Jeonju
03/20/2023,874,Ruttger,Sperring,rsperringo9@163.com,Male,Kibre Mengist
03/03/2023,875,Ophelie,Fittall,ofittalloa@studiopress.com,Female,Thành Phố Bà Rịa
03/07/2023,876,Norrie,Hlavecek,nhlavecekob@skype.com,Polygender,Kandi
03/02/2023,877,Wake,Riditch,wriditchoc@apple.com,Male,Dallas
03/26/2023,878,Gertrudis,Wickersham,gwickershamod@clickbank.net,Female,Xiangshui
03/04/2023,879,Lorilyn,Rupel,lrupeloe@cpanel.net,Female,Guandu
03/29/2023,880,Barnard,Farnall,bfarnallof@exblog.jp,Male,Legrada
03/19/2023,881,Harmonie,Morecomb,hmorecombog@multiply.com,Female,Arboleda
03/20/2023,882,Evy,Gloucester,egloucesteroh@cisco.com,Female,Tianhe
03/11/2023,883,Jefferey,Hebner,jhebneroi@constantcontact.com,Male,Seremban
03/04/2023,884,Carey,Griffey,cgriffeyoj@last.fm,Female,Orlovskiy
03/29/2023,885,Antone,Morit,amoritok@mozilla.org,Male,Mileb
03/12/2023,886,Connie,Spraging,cspragingol@chicagotribune.com,Male,Lianokládhion
03/13/2023,887,Granville,Arcase,garcaseom@domainmarket.com,Male,Montalvo
03/27/2023,888,Saunders,Whates,swhateson@yale.edu,Male,Santa Maria
03/02/2023,889,Tulley,Archibald,tarchibaldoo@naver.com,Agender,Dalong
03/21/2023,890,Danya,Bachshell,dbachshellop@usatoday.com,Male,Huangqi
03/08/2023,891,Dulcine,Brockbank,dbrockbankoq@yahoo.co.jp,Female,Caculé
03/25/2023,892,Berton,Ullrich,bullrichor@cam.ac.uk,Male,Baoxing
03/29/2023,893,Christel,Asher,casheros@eepurl.com,Female,Chusovoy
03/19/2023,894,Alyss,Spellecy,aspellecyot@xrea.com,Female,Gandong
03/28/2023,895,Prudi,Wickham,pwickhamou@va.gov,Female,Halong
03/01/2023,896,Irvine,Denacamp,idenacampov@nbcnews.com,Male,Konibodom
03/29/2023,897,Umeko,Ourry,uourryow@last.fm,Female,Praingkareha
03/30/2023,898,Jeffy,Froom,jfroomox@51.la,Male,Centenario
03/27/2023,899,Tamas,Blowne,tblowneoy@wix.com,Male,Qinxi
03/07/2023,900,Dina,Elleyne,delleyneoz@cocolog-nifty.com,Agender,Xiangjia
03/12/2023,901,Uri,Barlee,ubarleep0@psu.edu,Male,Dulian
03/12/2023,902,Arvy,Snartt,asnarttp1@bizjournals.com,Male,Fāryāb
03/15/2023,903,Lorry,Fearby,lfearbyp2@fema.gov,Male,Setun’
03/30/2023,904,Grover,Merit,gmeritp3@accuweather.com,Male,Cabinda
03/19/2023,905,Robenia,Bridgnell,rbridgnellp4@hhs.gov,Female,Karajeun
03/21/2023,906,Grantham,Christon,gchristonp5@godaddy.com,Male,Santo Ângelo
03/03/2023,907,Elnar,Adrian,eadrianp6@mayoclinic.com,Male,Houzhai
03/07/2023,908,Lezley,Meaders,lmeadersp7@example.com,Male,Kasimov
03/03/2023,909,Emlen,Habergham,ehaberghamp8@blinklist.com,Bigender,Morfovoúni
03/27/2023,910,Barry,Catterill,bcatterillp9@github.io,Male,Satuek
03/13/2023,911,Ettie,Cookman,ecookmanpa@statcounter.com,Female,Ratchaburi
03/07/2023,912,Johan,Hane,jhanepb@scientificamerican.com,Male,Hengxi
03/14/2023,913,Decca,L' Anglois,dlangloispc@google.es,Male,Icó
03/02/2023,914,Winonah,Mooring,wmooringpd@instagram.com,Female,Esperanza
03/05/2023,915,Rog,Scandrett,rscandrettpe@yelp.com,Male,Olafulihaa
03/15/2023,916,Lenora,Wickardt,lwickardtpf@angelfire.com,Female,Sasayama
03/04/2023,917,Clementia,Yesenin,cyeseninpg@dell.com,Female,Tiepu
03/18/2023,918,Titos,Brettelle,tbrettelleph@sciencedaily.com,Male,Naifalo
03/04/2023,919,Olwen,Mingardo,omingardopi@rediff.com,Female,Austin
03/01/2023,920,Stirling,Chapleo,schapleopj@xing.com,Male,Aguasay
03/25/2023,921,Gilburt,Siman,gsimanpk@cmu.edu,Male,General Conesa
03/14/2023,922,Addie,Bernardoux,abernardouxpl@nba.com,Female,Hwangju-ŭp
03/07/2023,923,Melody,Copozio,mcopoziopm@studiopress.com,Female,San Carlos de Bolívar
03/04/2023,924,Rochester,Trent,rtrentpn@apache.org,Male,Krajan C Wonorejo
03/28/2023,925,Cammy,Driussi,cdriussipo@businessweek.com,Male,Alofi
03/28/2023,926,Rosabelle,Van Hove,rvanhovepp@oaic.gov.au,Genderqueer,Zhougang
03/05/2023,927,Maddi,Yeaman,myeamanpq@dmoz.org,Female,Pavlovka
03/20/2023,928,Quentin,Pitkaithly,qpitkaithlypr@xrea.com,Male,Alemanguan
03/27/2023,929,Karoly,Borman,kbormanps@paginegialle.it,Male,Azua
03/02/2023,930,Rebekah,Skeete,rskeetept@unblog.fr,Female,Paris 11
03/27/2023,931,Reggis,Jordeson,rjordesonpu@slideshare.net,Male,Bahe
03/04/2023,932,Kristen,Lindbergh,klindberghpv@umn.edu,Female,Červené Pečky
03/28/2023,933,Leah,Brou,lbroupw@amazonaws.com,Female,Ma’an
03/19/2023,934,Vitia,Shawyers,vshawyerspx@latimes.com,Female,Chapayevka
03/22/2023,935,Gualterio,Clubbe,gclubbepy@wix.com,Male,Panunggangan
03/08/2023,936,Urban,Satterley,usatterleypz@yellowpages.com,Male,Xinghua
03/29/2023,937,Corie,Mendoza,cmendozaq0@dedecms.com,Female,Maochen
03/28/2023,938,Iago,Sever,iseverq1@free.fr,Male,Buenavista
03/26/2023,939,Karlen,Grazier,kgrazierq2@ifeng.com,Female,Nantang
03/16/2023,940,Torrance,Lemme,tlemmeq3@archive.org,Male,Jianzhatan
03/22/2023,941,Addie,Oleksinski,aoleksinskiq4@csmonitor.com,Male,Libertad
03/20/2023,942,Brenden,Benoey,bbenoeyq5@g.co,Male,Zigong
03/20/2023,943,Thurstan,Scurfield,tscurfieldq6@slate.com,Male,Pangtangis Dajah
03/27/2023,944,Cammy,Papis,cpapisq7@si.edu,Male,Jinsha
03/05/2023,945,Vitia,Daughtery,vdaughteryq8@boston.com,Female,Hepang
03/10/2023,946,Rockey,Tolcher,rtolcherq9@theatlantic.com,Male,Casais
03/12/2023,947,Kathye,Philson,kphilsonqa@auda.org.au,Female,Yumaguzino
03/17/2023,948,Elnar,Blakeway,eblakewayqb@shop-pro.jp,Agender,Philadelphia
03/29/2023,949,Kendall,Gould,kgouldqc@imgur.com,Male,Ciénaga de Oro
03/06/2023,950,Reggie,Bilam,rbilamqd@dell.com,Male,Jinan
03/13/2023,951,Donaugh,Bines,dbinesqe@cbsnews.com,Bigender,Ban Lŭng
03/06/2023,952,Aldon,Samson,asamsonqf@yolasite.com,Male,Cimanggu Girang
03/01/2023,953,Alfie,Tether,atetherqg@zimbio.com,Female,Hongyuan
03/25/2023,954,Star,Stouther,sstoutherqh@printfriendly.com,Female,Walakeri
03/19/2023,955,Sapphira,Fourmy,sfourmyqi@cyberchimps.com,Female,Langtad
03/24/2023,956,Cassius,Midson,cmidsonqj@delicious.com,Male,Dao’er
03/15/2023,957,Malva,Kield,mkieldqk@scribd.com,Genderqueer,Jiuheyuan
03/16/2023,958,Annaliese,Elletson,aelletsonql@livejournal.com,Female,Su-dong
03/11/2023,959,Suzi,Fulbrook,sfulbrookqm@timesonline.co.uk,Female,Neebing
03/30/2023,960,Deborah,Naile,dnaileqn@stanford.edu,Female,Naili
03/06/2023,961,Julita,Robus,jrobusqo@cbsnews.com,Bigender,Skoghall
03/05/2023,962,Thea,Fidele,tfideleqp@squidoo.com,Female,Comendador
03/19/2023,963,Mona,Lacy,mlacyqq@zdnet.com,Female,Baikouquan
03/18/2023,964,Netti,Natwick,nnatwickqr@wp.com,Female,Mendoza
03/23/2023,965,Shelagh,McGennis,smcgennisqs@blogs.com,Polygender,Zhongcun
03/08/2023,966,Hort,Giacomi,hgiacomiqt@bbb.org,Male,Guangping
03/19/2023,967,Bell,Kilmary,bkilmaryqu@liveinternet.ru,Female,Darunban
03/19/2023,968,Mathilde,Tirone,mtironeqv@networkadvertising.org,Female,Spodnja Hajdina
03/26/2023,969,Selina,Lindborg,slindborgqw@parallels.com,Female,Yuzui
03/21/2023,970,Nolana,Cavaney,ncavaneyqx@lulu.com,Female,Illintsi
03/29/2023,971,Crystal,Bugden,cbugdenqy@plala.or.jp,Female,Liuji
03/02/2023,972,Seamus,Tamas,stamasqz@sun.com,Male,Kimry
03/15/2023,973,Christophorus,Hounihan,chounihanr0@hp.com,Male,Filiatrá
03/02/2023,974,Kaia,Flamank,kflamankr1@canalblog.com,Female,Bangbayang
03/15/2023,975,Robby,McCarroll,rmccarrollr2@constantcontact.com,Male,Nueve de Julio
03/25/2023,976,Teddy,Lemmer,tlemmerr3@youtube.com,Male,Zheleznodorozhnyy
03/27/2023,977,Shirleen,Adran,sadranr4@cnn.com,Female,Għaxaq
03/16/2023,978,Fleurette,Page,fpager5@apple.com,Female,Ostashkov
03/08/2023,979,Amby,Chilver,achilverr6@techcrunch.com,Male,Złotoryja
03/21/2023,980,Arni,Betts,abettsr7@weather.com,Male,Murakami
03/25/2023,981,Codi,Antonelli,cantonellir8@sohu.com,Female,Nueva Italia
03/27/2023,982,Jourdain,Buscher,jbuscherr9@wikispaces.com,Male,Trail
03/27/2023,983,Rowland,Kelshaw,rkelshawra@drupal.org,Male,Minas de Marcona
03/13/2023,984,Asa,Sproston,asprostonrb@addtoany.com,Male,Honghai
03/30/2023,985,Fredrick,De Hooge,fdehoogerc@unesco.org,Male,Laleng
03/28/2023,986,Bartlet,Perello,bperellord@cisco.com,Male,Milwaukee
03/05/2023,987,Anny,Broad,abroadre@eepurl.com,Female,Chechen-Aul
03/11/2023,988,Harwilll,Smeeth,hsmeethrf@newsvine.com,Male,Kungsör
03/16/2023,989,Levon,Cullerne,lcullernerg@vimeo.com,Male,Charikar
03/18/2023,990,Kennan,Cheng,kchengrh@npr.org,Polygender,Prizren
03/04/2023,991,Salli,Ekell,sekellri@fda.gov,Female,Madison
03/30/2023,992,Gibbie,Duckett,gduckettrj@mlb.com,Male,Brudzeń Duży
03/03/2023,993,Bartolomeo,Gyngell,bgyngellrk@upenn.edu,Male,Biliran
03/04/2023,994,Veronica,Spohr,vspohrrl@wix.com,Female,Grangwav
03/27/2023,995,Carroll,Forsaith,cforsaithrm@godaddy.com,Non-binary,Chincha Baja
03/20/2023,996,Lambert,McNae,lmcnaern@blogs.com,Male,Bryan
03/05/2023,997,Lorrie,McPhelim,lmcphelimro@latimes.com,Female,Naqadeh
03/30/2023,998,Bernie,Francescuzzi,bfrancescuzzirp@prlog.org,Male,Coronel Martínez
03/22/2023,999,Adriana,Garard,agarardrq@csmonitor.com,Female,Meshcherino
03/25/2023,1000,Dona,Masterson,dmastersonrr@godaddy.com,Female,Dubna
