created,id,first_name,last_name,email,gender,city
04/21/2023,1,Hagen,Di Carlo,hdicarlo0@flickr.com,Male,Oskarshamn
04/05/2023,2,Peirce,Do,pdo1@wufoo.com,Male,Padabeunghar
04/02/2023,3,Simone,Mattocks,smattocks2@cisco.com,Male,Lüjiabao
04/12/2023,4,Cathlene,Farquhar,cfarquhar3@macromedia.com,Agender,Cut-cut Primero
04/10/2023,5,Bertie,Faragher,bfaragher4@myspace.com,Male,Dayr Sāmit
04/25/2023,6,Dorolice,Beamand,dbeamand5@comsenz.com,Female,Paoay
04/21/2023,7,Megen,Kleinplatz,mkleinplatz6@psu.edu,Female,Itoigawa
04/03/2023,8,Miriam,Vigers,mvigers7@boston.com,Female,La Loma
04/13/2023,9,Carol,Squibb,csquibb8@naver.com,Female,Gniezno
04/29/2023,10,Tobit,Barthelmes,tbarthelmes9@washingtonpost.com,Male,San Jerónimo
04/13/2023,11,Ettore,Sussex,esussexa@cbsnews.com,Male,Filipowice
04/26/2023,12,Bard,Seal,bsealb@engadget.com,Male,Łącko
04/10/2023,13,Jase,Heintz,jheintzc@businessweek.com,Male,Saint-Quentin-Fallavier
04/06/2023,14,Zelda,McBain,zmcbaind@sbwire.com,Female,Sing Buri
04/18/2023,15,Dimitri,Pakenham,dpakenhame@businesswire.com,Male,Loudi
04/18/2023,16,Ada,Warr,awarrf@cdc.gov,Female,Stavanger
04/11/2023,17,Stephana,St. John,sstjohng@intel.com,Female,Magsalangi
04/19/2023,18,Delmer,Razoux,drazouxh@mashable.com,Male,Tulsa
04/21/2023,19,Lizette,Farden,lfardeni@privacy.gov.au,Female,Gaoyi
04/23/2023,20,Welby,Bernet,wbernetj@engadget.com,Male,Luxi
04/05/2023,21,Tobe,Howley,thowleyk@zimbio.com,Female,Pālang
04/12/2023,22,Edgardo,Jowett,ejowettl@xinhuanet.com,Male,Bulacan
04/11/2023,23,Wynnie,Coleridge,wcoleridgem@pbs.org,Female,L’vovskiy
04/20/2023,24,Thatcher,Graddon,tgraddonn@spiegel.de,Male,Greenville
04/12/2023,25,Byrann,Eskriet,beskrieto@xrea.com,Male,Sicamous
04/11/2023,26,Marleah,Heims,mheimsp@drupal.org,Female,Seremban
04/23/2023,27,Ellis,Lewsie,elewsieq@google.cn,Male,Dayeuhluhur
04/04/2023,28,Gonzales,Dufaire,gdufairer@angelfire.com,Male,Frankfort
04/21/2023,29,Christan,Nuth,cnuths@flavors.me,Female,Volodarka
04/08/2023,30,Dionne,Christensen,dchristensent@i2i.jp,Non-binary,Gudong
04/01/2023,31,Tristan,Nanelli,tnanelliu@aboutads.info,Male,Toulouse
04/09/2023,32,Nicoline,Cufley,ncufleyv@51.la,Non-binary,Dumingag
04/27/2023,33,Delphinia,Diego,ddiegow@myspace.com,Female,Kallithéa
04/16/2023,34,Bordie,Dancy,bdancyx@jigsy.com,Male,Cachada
04/20/2023,35,Tally,Raymont,traymonty@umn.edu,Male,Bilar
04/19/2023,36,Camille,Allport,callportz@springer.com,Female,Borlänge
04/09/2023,37,Ignacius,Trass,itrass10@moonfruit.com,Male,Tuanshan
04/22/2023,38,Marika,Noice,mnoice11@github.com,Female,Ladário
04/10/2023,39,Ancell,Mayzes,amayzes12@adobe.com,Male,San Francisco
04/23/2023,40,Gerrard,Sporgeon,gsporgeon13@uiuc.edu,Male,Szydłowo
04/23/2023,41,Basia,Erickssen,berickssen14@xing.com,Female,Kaligutan
04/17/2023,42,Candi,Chipp,cchipp15@fc2.com,Female,Khao Wong
04/21/2023,43,Goldina,Klejin,gklejin16@moonfruit.com,Female,Qingquan
04/19/2023,44,Stillman,Gauche,sgauche17@4shared.com,Bigender,Nice
04/04/2023,45,Cherilyn,Pobjoy,cpobjoy18@dailymail.co.uk,Female,Vũng Tàu
04/13/2023,46,Tibold,Mundford,tmundford19@hugedomains.com,Male,Lae
04/06/2023,47,Huntlee,Gullefant,hgullefant1a@adobe.com,Genderfluid,San Basilio
04/03/2023,48,Moss,Renshall,mrenshall1b@yale.edu,Male,Wright
04/03/2023,49,Glynn,Worboy,gworboy1c@w3.org,Male,Tāfuna
04/08/2023,50,Ronda,Wisbey,rwisbey1d@prnewswire.com,Bigender,Batou
04/24/2023,51,Malory,Furmage,mfurmage1e@parallels.com,Female,Varberg
04/28/2023,52,Elbertina,Stennings,estennings1f@squarespace.com,Female,Balete
04/10/2023,53,Anderson,Towers,atowers1g@usda.gov,Male,Sukodono
04/24/2023,54,Darrell,Chattaway,dchattaway1h@google.cn,Male,Lücheng
04/28/2023,55,Laird,Cropp,lcropp1i@ovh.net,Male,Habiganj
04/22/2023,56,Belinda,Piggrem,bpiggrem1j@hibu.com,Female,Doudleby nad Orlicí
04/25/2023,57,Waldon,Kalinsky,wkalinsky1k@unicef.org,Male,Carrigtwohill
04/03/2023,58,Zorine,Purselowe,zpurselowe1l@tinyurl.com,Female,Dayr as Sūdān
04/22/2023,59,Erick,Billo,ebillo1m@apple.com,Male,Dolati
04/16/2023,60,Lyell,Bowditch,lbowditch1n@biblegateway.com,Male,Tungipāra
04/02/2023,61,Lodovico,Armal,larmal1o@umn.edu,Male,Pingle
04/28/2023,62,Agretha,Gullen,agullen1p@amazonaws.com,Female,Tsil’na
04/20/2023,63,Davide,Palatini,dpalatini1q@state.gov,Male,Dangbigih
04/09/2023,64,Rivi,Netherwood,rnetherwood1r@cdbaby.com,Female,Hubei
04/07/2023,65,Kippie,MacRory,kmacrory1s@csmonitor.com,Genderqueer,Cibungur
04/22/2023,66,Vinni,Marlon,vmarlon1t@mapy.cz,Female,Sankwia
04/04/2023,67,Letti,Frewer,lfrewer1u@toplist.cz,Female,Hwaseong-si
04/12/2023,68,Tansy,Kitt,tkitt1v@samsung.com,Female,San Alejandro
04/14/2023,69,Alvin,Brownfield,abrownfield1w@ihg.com,Agender,Matanog
04/04/2023,70,Jaimie,Carswell,jcarswell1x@umn.edu,Bigender,Tungipāra
04/04/2023,71,Caesar,Crimp,ccrimp1y@yolasite.com,Male,Gayam
04/14/2023,72,Cami,Zamorano,czamorano1z@phpbb.com,Female,Ibrā’
04/17/2023,73,Demetris,Pharro,dpharro20@gmpg.org,Male,Lyon
04/18/2023,74,Rolland,Pennetta,rpennetta21@quantcast.com,Male,Buta
04/28/2023,75,Dionis,Stendell,dstendell22@storify.com,Genderfluid,Zhuangbian
04/09/2023,76,Karen,O'Devey,kodevey23@multiply.com,Female,Yamrat
04/05/2023,77,Filide,Laugherane,flaugherane24@pinterest.com,Female,Gémeos
04/29/2023,78,Megan,Mackelworth,mmackelworth25@prnewswire.com,Female,Pohang
04/23/2023,79,Shena,Charke,scharke26@jimdo.com,Female,Ku‘aydinah
04/19/2023,80,Colet,Lauks,clauks27@apple.com,Male,Ainaro
04/06/2023,81,Sheree,Thring,sthring28@globo.com,Female,Lowayu
04/14/2023,82,Tarrance,Ainsby,tainsby29@house.gov,Male,Shtip
04/02/2023,83,Rea,Trelease,rtrelease2a@unc.edu,Female,Västerås
04/12/2023,84,Angelia,Rope,arope2b@livejournal.com,Female,Urasqui
04/29/2023,85,Raimondo,Pohls,rpohls2c@hostgator.com,Genderqueer,Zhuangta
04/11/2023,86,Mignonne,Kirkham,mkirkham2d@patch.com,Female,Santa Elena
04/18/2023,87,Bibby,Andreev,bandreev2e@twitpic.com,Female,Peyima
04/03/2023,88,Phyllida,Hulcoop,phulcoop2f@moonfruit.com,Female,Lianhe
04/18/2023,89,Delinda,Takos,dtakos2g@bluehost.com,Female,Xinghua
04/07/2023,90,Karola,Philip,kphilip2h@npr.org,Female,Dois Portos
04/04/2023,91,Craggy,Reggiani,creggiani2i@storify.com,Polygender,Zheleznogorsk
04/28/2023,92,Marian,Brunning,mbrunning2j@economist.com,Female,Freiburg im Breisgau
04/26/2023,93,Lilas,Gellately,lgellately2k@devhub.com,Female,Książki
04/19/2023,94,Marjorie,Perutto,mperutto2l@utexas.edu,Female,Ddmashen
04/21/2023,95,Ranna,Crossman,rcrossman2m@telegraph.co.uk,Female,Cikarang
04/11/2023,96,Layne,Cuddehy,lcuddehy2n@alibaba.com,Female,Rancasadang
04/25/2023,97,Barron,Pol,bpol2o@jigsy.com,Male,Sparks
04/22/2023,98,Prudence,McCullock,pmccullock2p@miitbeian.gov.cn,Female,Kyperoúnta
04/06/2023,99,Anderson,Luigi,aluigi2q@loc.gov,Male,Chengbei
04/03/2023,100,Rollin,Presman,rpresman2r@webeden.co.uk,Male,Yacimiento Río Turbio
04/26/2023,101,Ernesta,Mattei,emattei2s@phpbb.com,Female,Liqiao
04/22/2023,102,Antons,Riding,ariding2t@wix.com,Male,Nesterovskaya
04/05/2023,103,Clio,Pellingar,cpellingar2u@ox.ac.uk,Female,Mubo
04/13/2023,104,Arnaldo,Wride,awride2v@xrea.com,Male,Weixin
04/03/2023,105,Lyell,Ritelli,lritelli2w@digg.com,Male,Palermo
04/03/2023,106,Tessy,Cow,tcow2x@webeden.co.uk,Female,Ximei
04/06/2023,107,Hermione,Tidmas,htidmas2y@mozilla.com,Female,Pomiechówek
04/07/2023,108,Stephine,Gifkins,sgifkins2z@hud.gov,Female,Bouca
04/13/2023,109,Godwin,Alabone,galabone30@intel.com,Agender,Oskarshamn
04/19/2023,110,Isac,Lambourne,ilambourne31@archive.org,Non-binary,Sosnogorsk
04/23/2023,111,Jammal,Godart,jgodart32@hao123.com,Male,Culubasa
04/16/2023,112,Maribel,Tollady,mtollady33@devhub.com,Female,Maraã
04/21/2023,113,Brenn,Ysson,bysson34@nsw.gov.au,Female,Karlskoga
04/26/2023,114,Zebulon,Muspratt,zmuspratt35@businessweek.com,Male,Laweueng
04/02/2023,115,Madel,Ferri,mferri36@google.cn,Female,Licheng
04/28/2023,116,Tremain,Davidman,tdavidman37@google.fr,Male,Hushi
04/22/2023,117,Samantha,Spennock,sspennock38@howstuffworks.com,Female,Vale de Touros
04/05/2023,118,Francine,Cordeau,fcordeau39@jigsy.com,Female,Guandu
04/04/2023,119,Morgana,Pendell,mpendell3a@bloomberg.com,Female,Hobscheid
04/22/2023,120,Elfie,Weetch,eweetch3b@wufoo.com,Female,Falköping
04/28/2023,121,Babara,Fernier,bfernier3c@over-blog.com,Non-binary,Liurenba
04/20/2023,122,Sapphira,Veltman,sveltman3d@oakley.com,Female,Seydi
04/03/2023,123,Vite,Stronack,vstronack3e@nhs.uk,Male,Mizusawa
04/21/2023,124,Reta,Gudahy,rgudahy3f@devhub.com,Female,Alacaygan
04/22/2023,125,Siouxie,Stanyforth,sstanyforth3g@facebook.com,Female,Banjar Bias
04/22/2023,126,Palmer,Tysack,ptysack3h@businessinsider.com,Male,Middelburg
04/03/2023,127,Teddy,Sandaver,tsandaver3i@webs.com,Male,Malakwal City
04/05/2023,128,Frasquito,Benedict,fbenedict3j@altervista.org,Male,El Pardo
04/05/2023,129,Gabriel,McTurley,gmcturley3k@prlog.org,Male,Tullinge
04/27/2023,130,Beverly,Benettolo,bbenettolo3l@wisc.edu,Genderqueer,Shouzhan
04/28/2023,131,Galina,Jime,gjime3m@netvibes.com,Female,Miaogou
04/12/2023,132,Bea,Legrave,blegrave3n@cpanel.net,Female,Chengqiao
04/13/2023,133,Correna,Poupard,cpoupard3o@sbwire.com,Female,Overyata
04/21/2023,134,Carole,Jeaves,cjeaves3p@dropbox.com,Female,San Pablo
04/05/2023,135,Denys,Galton,dgalton3q@cargocollective.com,Male,Evansville
04/20/2023,136,Sauncho,Craney,scraney3r@devhub.com,Male,Ellös
04/19/2023,137,Cori,Vinten,cvinten3s@examiner.com,Female,Santa Monica
04/26/2023,138,Bo,Inott,binott3t@goo.gl,Male,Bromma
04/16/2023,139,Carol-jean,Stansell,cstansell3u@homestead.com,Female,Orillia
04/11/2023,140,Gannie,Gettings,ggettings3v@stanford.edu,Male,Manoc-Manoc
04/29/2023,141,Raymund,Cramphorn,rcramphorn3w@is.gd,Male,Minuwangoda
04/03/2023,142,Bruno,Frascone,bfrascone3x@symantec.com,Male,Daoxu
04/05/2023,143,Max,Roofe,mroofe3y@earthlink.net,Non-binary,Citeureup
04/11/2023,144,Sauncho,Naptine,snaptine3z@hugedomains.com,Male,Bucheon-si
04/11/2023,145,Torrey,Ciotto,tciotto40@weather.com,Male,Las Mesas
04/25/2023,146,Anastassia,Hampstead,ahampstead41@gravatar.com,Female,Manlucahoc
04/17/2023,147,Hermann,Cawtheray,hcawtheray42@cpanel.net,Male,Stockholm
04/07/2023,148,Duke,Snell,dsnell43@dailymail.co.uk,Genderfluid,Villeneuve-la-Garenne
04/06/2023,149,Donica,Ovenden,dovenden44@newyorker.com,Female,Dongping
04/06/2023,150,Alley,Chisholm,achisholm45@amazon.co.uk,Male,Quitilipi
04/27/2023,151,Frazer,Beneze,fbeneze46@yellowbook.com,Male,Quankou
04/23/2023,152,Claire,Maddox,cmaddox47@dagondesign.com,Female,Pilar
04/18/2023,153,Ailyn,Byrth,abyrth48@last.fm,Female,Bayaguana
04/03/2023,154,Fallon,Hamstead,fhamstead49@i2i.jp,Bigender,Tha Maka
04/03/2023,155,Ashli,Grigorushkin,agrigorushkin4a@biglobe.ne.jp,Female,Lepaterique
04/03/2023,156,Welch,O' Concannon,woconcannon4b@hc360.com,Male,Tampa
04/23/2023,157,Nita,Rohloff,nrohloff4c@about.me,Female,Ölgiy
04/05/2023,158,Sharline,Caslake,scaslake4d@ifeng.com,Female,Rungis
04/19/2023,159,Rollie,Lochran,rlochran4e@mediafire.com,Male,Siding
04/15/2023,160,Benni,Doggart,bdoggart4f@topsy.com,Female,Zhangting
04/12/2023,161,Marin,Brum,mbrum4g@dropbox.com,Female,Varnsdorf
04/01/2023,162,Minnie,Ballinghall,mballinghall4h@51.la,Female,Sindangkerta
04/02/2023,163,Theda,Humbey,thumbey4i@plala.or.jp,Female,Sundumbili
04/12/2023,164,Edita,Waggitt,ewaggitt4j@irs.gov,Female,Lizhai
04/26/2023,165,Barny,Walkden,bwalkden4k@paypal.com,Male,Santiago Nonualco
04/15/2023,166,Lucian,Pontefract,lpontefract4l@wikimedia.org,Male,Siso
04/04/2023,167,Colette,Hankinson,chankinson4m@gmpg.org,Female,Rockford
04/12/2023,168,Ellwood,Barmadier,ebarmadier4n@youtu.be,Male,Ełk
04/17/2023,169,Artemus,Latan,alatan4o@nba.com,Male,Atamanovka
04/01/2023,170,Osborne,McSherry,omcsherry4p@cnn.com,Male,Příšovice
04/24/2023,171,Kyle,Horsell,khorsell4q@forbes.com,Male,Lahishyn
04/12/2023,172,Robyn,Gunthorp,rgunthorp4r@mlb.com,Female,Fucheng
04/17/2023,173,Oralie,Novill,onovill4s@forbes.com,Female,Matai
04/24/2023,174,Mellisent,Overshott,movershott4t@washington.edu,Female,Nenagh
04/06/2023,175,Gaelan,Tearle,gtearle4u@cisco.com,Agender,Netolice
04/13/2023,176,Dorelle,Garlick,dgarlick4v@kickstarter.com,Female,Gubukjero Timuk
04/03/2023,177,Orrin,Leas,oleas4w@usda.gov,Male,Phoenix
04/01/2023,178,Levon,Seatter,lseatter4x@squidoo.com,Agender,San Gil
04/28/2023,179,Henrie,Verny,hverny4y@whitehouse.gov,Female,Outeirô
04/10/2023,180,Allx,Detoc,adetoc4z@privacy.gov.au,Female,Changfeng
04/11/2023,181,Adham,Thunderman,athunderman50@mail.ru,Male,Mosty
04/29/2023,182,Deidre,Maxworthy,dmaxworthy51@shinystat.com,Female,Tinaquillo
04/01/2023,183,Mimi,Newcomb,mnewcomb52@bing.com,Female,Zinder
04/23/2023,184,Thacher,Eckert,teckert53@opensource.org,Genderqueer,Indaial
04/20/2023,185,Yvor,Haglinton,yhaglinton54@dell.com,Male,Fuyong
04/16/2023,186,Shelia,Jimpson,sjimpson55@odnoklassniki.ru,Female,Hongshi
04/10/2023,187,Terrel,Laughtisse,tlaughtisse56@comcast.net,Male,Mała Wieś
04/29/2023,188,Marcela,Skeggs,mskeggs57@mozilla.com,Female,Kenitra
04/20/2023,189,Archie,Roofe,aroofe58@typepad.com,Male,Mgachi
04/18/2023,190,Carlynne,Rabier,crabier59@ehow.com,Female,Chunjiang
04/10/2023,191,Brander,Antonietti,bantonietti5a@va.gov,Male,Melekyne
04/24/2023,192,Claretta,Toward,ctoward5b@topsy.com,Female,Trzebnica
04/29/2023,193,Raul,Nott,rnott5c@redcross.org,Male,Vetlanda
04/12/2023,194,Ferdy,Adamsky,fadamsky5d@gizmodo.com,Male,Great Neck
04/23/2023,195,Ellsworth,Kiddell,ekiddell5e@foxnews.com,Male,Ashchysay
04/05/2023,196,Griffith,Volks,gvolks5f@bbb.org,Male,Río Hondo
04/12/2023,197,Marsh,Stretton,mstretton5g@boston.com,Male,Dhromolaxia
04/05/2023,198,Harrie,Amey,hamey5h@vinaora.com,Female,Kofelē
04/09/2023,199,Agnola,Eardley,aeardley5i@dailymail.co.uk,Female,Ciawitali
04/16/2023,200,Kenton,Bradder,kbradder5j@blogs.com,Male,Tanjungbatu
04/26/2023,201,Arlana,Edden,aedden5k@bloglines.com,Agender,Limín Khersonísou
04/09/2023,202,Moises,Horsey,mhorsey5l@yolasite.com,Male,Addiet Canna
04/04/2023,203,Freddy,Kubik,fkubik5m@cafepress.com,Female,Cibeureum
04/09/2023,204,Alta,Climar,aclimar5n@columbia.edu,Female,Pryyutivka
04/18/2023,205,Manya,McCrie,mmccrie5o@theatlantic.com,Female,Jamaica
04/08/2023,206,Grant,Alexsandrov,galexsandrov5p@yolasite.com,Male,Rio Negrinho
04/27/2023,207,Mandi,Chillistone,mchillistone5q@weibo.com,Female,Port-Vila
04/02/2023,208,Ernestus,Barmby,ebarmby5r@skype.com,Male,Oemofa
04/21/2023,209,Dewitt,Caldeyroux,dcaldeyroux5s@instagram.com,Male,Topchikha
04/08/2023,210,Camella,Copyn,ccopyn5t@mit.edu,Female,Santiaoshi
04/20/2023,211,Carola,Pain,cpain5u@infoseek.co.jp,Female,Belanting
04/15/2023,212,Pedro,Eakin,peakin5v@twitpic.com,Male,Kohila
04/11/2023,213,Mabel,Fearnyough,mfearnyough5w@simplemachines.org,Female,Ulan Us
04/15/2023,214,Estella,Morrow,emorrow5x@xing.com,Female,Nāḩiyat Baḩār
04/28/2023,215,Vicky,Etuck,vetuck5y@e-recht24.de,Female,General Enrique Mosconi
04/23/2023,216,Jaimie,Norrington,jnorrington5z@e-recht24.de,Male,Kalino
04/15/2023,217,Lilian,Dron,ldron60@un.org,Agender,Chuguyevka
04/28/2023,218,Raymund,Armal,rarmal61@fc2.com,Male,Gucheng
04/10/2023,219,Brynne,Staterfield,bstaterfield62@engadget.com,Female,Quinipot
04/01/2023,220,Merrielle,Poag,mpoag63@typepad.com,Female,Karangparwa
04/18/2023,221,Padriac,Shea,pshea64@spotify.com,Male,Añatuya
04/28/2023,222,Corrie,Roney,croney65@seattletimes.com,Male,Tambir
04/22/2023,223,Noella,Thewless,nthewless66@sogou.com,Female,Xiyuan
04/06/2023,224,Fritz,Bygate,fbygate67@illinois.edu,Male,Groningen
04/13/2023,225,Rudolf,Mellor,rmellor68@yale.edu,Male,Iporã
04/16/2023,226,Dorian,Locks,dlocks69@china.com.cn,Male,Aquia
04/20/2023,227,Stan,Hamber,shamber6a@imageshack.us,Male,Siemiatycze
04/12/2023,228,Renaud,Duiguid,rduiguid6b@dailymotion.com,Male,Kamubheka
04/03/2023,229,Parrnell,Kores,pkores6c@japanpost.jp,Male,Gialo
04/22/2023,230,Wallis,Mushett,wmushett6d@businessinsider.com,Female,Mojoagung
04/05/2023,231,Evie,Gabbitas,egabbitas6e@amazonaws.com,Female,Michałowice
04/09/2023,232,Betta,Doudny,bdoudny6f@g.co,Non-binary,Nabire
04/13/2023,233,Jeannette,Wesson,jwesson6g@chron.com,Female,Město Libavá
04/19/2023,234,Guido,Elmhurst,gelmhurst6h@sciencedirect.com,Male,Nanying
04/06/2023,235,Tarah,Whittick,twhittick6i@drupal.org,Female,Mariposa
04/29/2023,236,Jecho,Bricknell,jbricknell6j@eventbrite.com,Male,Juncalito Abajo
04/16/2023,237,Johnnie,Carnihan,jcarnihan6k@nsw.gov.au,Male,Salento
04/09/2023,238,Kleon,Baldack,kbaldack6l@bloglovin.com,Male,Ostroměř
04/18/2023,239,Brit,Scoggin,bscoggin6m@imdb.com,Female,Cereté
04/16/2023,240,Edy,Portress,eportress6n@blogtalkradio.com,Female,San Juan de Colón
04/25/2023,241,Aland,Rimes,arimes6o@imageshack.us,Male,Tân Châu
04/25/2023,242,Ray,Prentice,rprentice6p@ed.gov,Male,Gombe
04/08/2023,243,Christophe,Woodage,cwoodage6q@admin.ch,Male,Longzhouwan
04/11/2023,244,Bernard,Golding,bgolding6r@mail.ru,Male,San Jose
04/27/2023,245,Marlowe,Dillamore,mdillamore6s@histats.com,Male,Patalan
04/05/2023,246,Caye,Winser,cwinser6t@wired.com,Female,Guaymango
04/29/2023,247,Francisca,Doy,fdoy6u@jimdo.com,Female,Banfora
04/13/2023,248,Obed,Bills,obills6v@mlb.com,Male,Hamburg
04/28/2023,249,Lowell,Debling,ldebling6w@gnu.org,Male,Lokea
04/20/2023,250,Emlyn,Delamere,edelamere6x@posterous.com,Male,Mojo
04/04/2023,251,Lorena,Gillooly,lgillooly6y@zimbio.com,Female,Kokembang
04/23/2023,252,Harrison,Storrah,hstorrah6z@webnode.com,Male,Cercal
04/24/2023,253,Sapphire,Fairbank,sfairbank70@domainmarket.com,Female,Fandriana
04/18/2023,254,Ynez,Jeacop,yjeacop71@dagondesign.com,Female,Kraków
04/10/2023,255,Myra,Windibank,mwindibank72@businesswire.com,Female,Piquete
04/13/2023,256,Ashlan,Grabiec,agrabiec73@weebly.com,Female,Budapest
04/09/2023,257,Raymund,O'Lennane,rolennane74@booking.com,Male,Montbéliard
04/01/2023,258,Grata,Catchpole,gcatchpole75@weebly.com,Female,Tangkil
04/19/2023,259,Jarrid,Klimmek,jklimmek76@wiley.com,Male,Ferme-Neuve
04/20/2023,260,Robbi,Rummery,rrummery77@deliciousdays.com,Female,Roudnice nad Labem
04/11/2023,261,Sioux,Nunnerley,snunnerley78@google.ru,Female,Cireundang
04/22/2023,262,Mervin,Reichhardt,mreichhardt79@google.es,Male,Norabats’
04/25/2023,263,Becca,Andover,bandover7a@yahoo.com,Female,Tessaoua
04/03/2023,264,Coletta,Seignior,cseignior7b@dedecms.com,Female,Zhen’an
04/27/2023,265,Jozef,Latliff,jlatliff7c@nydailynews.com,Male,Carpiquet
04/16/2023,266,Elinore,Deinhardt,edeinhardt7d@mail.ru,Female,Puerto Quellón
04/05/2023,267,Jobyna,de Voiels,jdevoiels7e@businessinsider.com,Genderqueer,Qinā
04/01/2023,268,Lazarus,Belt,lbelt7f@independent.co.uk,Male,Cizhu
04/04/2023,269,Annecorinne,Drummond,adrummond7g@dagondesign.com,Female,Jingtou
04/22/2023,270,Dennis,Peaurt,dpeaurt7h@mysql.com,Male,Ban Takhun
04/03/2023,271,Veriee,O'Luby,voluby7i@npr.org,Female,Sukoanyar
04/14/2023,272,Miriam,Wybern,mwybern7j@usgs.gov,Female,Rangmanten
04/19/2023,273,Stevena,Dmtrovic,sdmtrovic7k@cbsnews.com,Female,Trhové Sviny
04/26/2023,274,Lissa,Reeve,lreeve7l@craigslist.org,Agender,Ranong
04/10/2023,275,Kerrie,Espinheira,kespinheira7m@mashable.com,Female,Chrzanów
04/03/2023,276,Rosmunda,Camamile,rcamamile7n@elegantthemes.com,Female,Villeneuve-la-Garenne
04/18/2023,277,Barbie,Dunbabin,bdunbabin7o@home.pl,Female,Soloneshnoye
04/12/2023,278,Raynard,MacFie,rmacfie7p@narod.ru,Male,Bāndarban
04/14/2023,279,Bobby,Pinckney,bpinckney7q@globo.com,Female,Hengdian
04/22/2023,280,Ethe,Smerdon,esmerdon7r@epa.gov,Male,Rodatychi
04/20/2023,281,Galvan,Breckon,gbreckon7s@blogger.com,Genderfluid,Tembongraja
04/28/2023,282,Humfrid,Dowman,hdowman7t@soup.io,Male,Wanurian
04/09/2023,283,Christos,Olyet,colyet7u@blogs.com,Male,Mtimbira
04/12/2023,284,Tamar,Barniss,tbarniss7v@pcworld.com,Female,Falënki
04/13/2023,285,Debbi,Feldharker,dfeldharker7w@irs.gov,Bigender,Lyon
04/25/2023,286,Georgeta,Forsyth,gforsyth7x@stumbleupon.com,Female,La Breita
04/15/2023,287,Clevey,Coop,ccoop7y@posterous.com,Male,Hadyach
04/25/2023,288,Abie,Rizzone,arizzone7z@wiley.com,Male,Troyes
04/29/2023,289,Tuesday,Debell,tdebell80@umn.edu,Bigender,Oslo
04/15/2023,290,Fernando,Kenneford,fkenneford81@sbwire.com,Male,Jardinópolis
04/11/2023,291,Valdemar,Chancellor,vchancellor82@state.gov,Male,Izyaslav
04/26/2023,292,Jonathon,Friedman,jfriedman83@marriott.com,Male,Niños Heroes
04/02/2023,293,Emma,Shopcott,eshopcott84@acquirethisname.com,Female,Nagu
04/05/2023,294,Vivie,Greenset,vgreenset85@dedecms.com,Female,Juwana
04/05/2023,295,Cosmo,Milmore,cmilmore86@macromedia.com,Male,Bộc Bố
04/05/2023,296,Natala,Mellish,nmellish87@odnoklassniki.ru,Female,Jagdaqi
04/16/2023,297,Lorraine,Valasek,lvalasek88@i2i.jp,Agender,Menghe
04/08/2023,298,Arie,Delgua,adelgua89@people.com.cn,Non-binary,Infantas
04/06/2023,299,Arri,Matskevich,amatskevich8a@gravatar.com,Male,Huazhu
04/09/2023,300,Ediva,Mayoral,emayoral8b@xinhuanet.com,Female,Golina
04/06/2023,301,Marguerite,Dowdell,mdowdell8c@globo.com,Female,Alegrete
04/22/2023,302,Ugo,Timewell,utimewell8d@nba.com,Male,Bhimbar
04/14/2023,303,Germain,Summerhayes,gsummerhayes8e@samsung.com,Male,Chur
04/02/2023,304,Mario,MacAree,mmacaree8f@themeforest.net,Male,Mandalt
04/23/2023,305,Domenic,MacKim,dmackim8g@twitter.com,Male,Fengren
04/18/2023,306,Wenonah,Vearncomb,wvearncomb8h@wisc.edu,Female,Bishan
04/04/2023,307,Benton,Kersley,bkersley8i@clickbank.net,Male,Baguim do Monte
04/17/2023,308,Scottie,Prowting,sprowting8j@mlb.com,Male,Courtaboeuf
04/21/2023,309,Carroll,Houtbie,choutbie8k@istockphoto.com,Male,Santa Fe de la Vera Cruz
04/24/2023,310,Olympe,Nuscha,onuscha8l@google.com,Female,Breda
04/23/2023,311,Muffin,O'Lyhane,molyhane8m@mozilla.org,Male,Mundão
04/07/2023,312,Shani,Coling,scoling8n@hibu.com,Female,Sovetskaya Gavan’
04/14/2023,313,Hanny,Goodred,hgoodred8o@fastcompany.com,Female,Dzüünbulag
04/12/2023,314,Dorothee,Johnke,djohnke8p@house.gov,Female,Kaliuda
04/29/2023,315,Eva,Pykerman,epykerman8q@tmall.com,Female,Shchuchin
04/28/2023,316,Turner,Silcock,tsilcock8r@nature.com,Polygender,Bakıxanov
04/05/2023,317,Shayne,Danielovitch,sdanielovitch8s@auda.org.au,Male,Zhenzhushan
04/13/2023,318,Gilli,Caukill,gcaukill8t@google.nl,Female,Baidian
04/10/2023,319,Dalt,Crosland,dcrosland8u@123-reg.co.uk,Male,Raciąż
04/25/2023,320,Ileana,Siggin,isiggin8v@shareasale.com,Female,Padangcermin
04/08/2023,321,Ware,Morshead,wmorshead8w@google.co.uk,Male,Zhuyeping
04/24/2023,322,Marthe,Ornells,mornells8x@taobao.com,Female,Morocelí
04/24/2023,323,Niko,Keers,nkeers8y@ft.com,Male,Songculan
04/10/2023,324,Ruperto,Foort,rfoort8z@eepurl.com,Male,Belfast
04/04/2023,325,Kalvin,Orbine,korbine90@over-blog.com,Genderfluid,Seixo Alvo
04/01/2023,326,Mischa,Bandy,mbandy91@ftc.gov,Male,Custódia
04/04/2023,327,Donelle,Bottomer,dbottomer92@topsy.com,Female,Černá Hora
04/21/2023,328,Randell,Charlick,rcharlick93@clickbank.net,Male,Ţafas
04/29/2023,329,Jilleen,Paxforde,jpaxforde94@elegantthemes.com,Female,Tawen Aobao
04/20/2023,330,Feodor,Mollen,fmollen95@weebly.com,Male,Barrancas
04/24/2023,331,Casandra,Oliphant,coliphant96@oaic.gov.au,Female,Kalangbret
04/09/2023,332,Christye,Noddings,cnoddings97@dailymotion.com,Genderqueer,Oslo
04/10/2023,333,Zandra,Laville,zlaville98@flavors.me,Female,Tuopu
04/27/2023,334,Anson,Bonicelli,abonicelli99@bloglines.com,Male,Ubajami
04/08/2023,335,Bat,Whiff,bwhiff9a@example.com,Male,Khān Neshīn
04/19/2023,336,Lanie,Pancoast,lpancoast9b@cloudflare.com,Male,Sukhinichi
04/09/2023,337,Cicely,Leachman,cleachman9c@jimdo.com,Female,Paraíso
04/15/2023,338,Lexine,Toller,ltoller9d@yahoo.com,Female,Veiros
04/29/2023,339,Somerset,Dulieu,sdulieu9e@tripadvisor.com,Male,Safotulafai
04/16/2023,340,Shaughn,Waltho,swaltho9f@yellowbook.com,Polygender,Ḩammām Damt
04/13/2023,341,Vida,Lantiff,vlantiff9g@about.me,Female,Nangalimang
04/03/2023,342,Reba,MacQuist,rmacquist9h@purevolume.com,Female,Trollhättan
04/04/2023,343,Cathyleen,Lindsey,clindsey9i@dailymotion.com,Female,Jiaoqi
04/22/2023,344,Shamus,Ladloe,sladloe9j@mayoclinic.com,Male,Deba Habe
04/13/2023,345,Kellby,Cleaver,kcleaver9k@ask.com,Male,Gaotang
04/13/2023,346,Patrizio,Needs,pneeds9l@nhs.uk,Male,Rizal
04/10/2023,347,Clemmie,Beldon,cbeldon9m@1688.com,Female,Souillac
04/18/2023,348,Larisa,Lambeth,llambeth9n@apache.org,Female,Almodôvar
04/12/2023,349,Thorstein,Campbell,tcampbell9o@dyndns.org,Non-binary,Dedza
04/08/2023,350,Britt,Boake,bboake9p@webnode.com,Female,Opoczno
04/19/2023,351,Julianna,Lanfare,jlanfare9q@dot.gov,Female,Barengkok
04/27/2023,352,Edeline,Calder,ecalder9r@bloomberg.com,Female,Opoczno
04/26/2023,353,Falito,Pollastro,fpollastro9s@histats.com,Male,Gewanē
04/21/2023,354,Bronny,Rolley,brolley9t@dmoz.org,Male,Argelia
04/10/2023,355,Taddeo,Sagerson,tsagerson9u@51.la,Male,Palanit
04/17/2023,356,Thain,Vauls,tvauls9v@prnewswire.com,Male,Yushikalasu
04/25/2023,357,Bail,Harrema,bharrema9w@craigslist.org,Genderfluid,Lat Yao
04/04/2023,358,Marcel,Huyche,mhuyche9x@ovh.net,Genderqueer,Breda
04/15/2023,359,Trixy,Wimbridge,twimbridge9y@diigo.com,Female,Ibaraki
04/11/2023,360,Ursa,Kembley,ukembley9z@github.com,Female,Juliaca
04/22/2023,361,Lacie,Guess,lguessa0@google.co.uk,Female,Wendengying
04/25/2023,362,Claire,Daid,cdaida1@bloglines.com,Male,Iparia
04/23/2023,363,Whitney,Redolfi,wredolfia2@moonfruit.com,Female,Mogi Mirim
04/02/2023,364,Stevy,Corthes,scorthesa3@youtube.com,Male,Madjeouéni
04/04/2023,365,Leeanne,Cadalleder,lcadalledera4@webs.com,Female,Turirejo
04/27/2023,366,Cami,Greggersen,cgreggersena5@domainmarket.com,Female,Ōnojō
04/17/2023,367,Parke,Killock,pkillocka6@yahoo.co.jp,Male,Mossoró
04/06/2023,368,Denice,Branston,dbranstona7@usda.gov,Female,Kafr ad Dawwār
04/04/2023,369,Lyndel,Penddreth,lpenddretha8@instagram.com,Female,Caidian
04/12/2023,370,Gaspard,Labet,glabeta9@ed.gov,Male,Longmen
04/01/2023,371,Bartolomeo,Moriarty,bmoriartyaa@wix.com,Male,Amboasary
04/18/2023,372,Liuka,Kerley,lkerleyab@dailymotion.com,Female,Giporlos
04/22/2023,373,Raven,Hawick,rhawickac@dedecms.com,Female,Bojongnangka
04/25/2023,374,Terrel,Corpe,tcorpead@yelp.com,Male,Songgui
04/02/2023,375,Frank,O'Dunniom,fodunniomae@newyorker.com,Female,Fangshan
04/09/2023,376,Patric,Lightbown,plightbownaf@ow.ly,Male,Baranowo
04/08/2023,377,Myrah,Chiplen,mchiplenag@yellowbook.com,Female,Mulhouse
04/27/2023,378,Pete,Bjorkan,pbjorkanah@deliciousdays.com,Male,Tabalong
04/24/2023,379,Lindon,Acres,lacresai@samsung.com,Male,Pilpichaca
04/07/2023,380,Philip,Barnes,pbarnesaj@comsenz.com,Male,Богданци
04/16/2023,381,Datha,McCorley,dmccorleyak@ameblo.jp,Female,Gaocheng
04/08/2023,382,Trista,De Beauchamp,tdebeauchampal@dailymotion.com,Agender,Aramayuan
04/06/2023,383,Iormina,Westberg,iwestbergam@t.co,Female,Sepanjang
04/10/2023,384,Angy,Dollar,adollaran@cloudflare.com,Female,Sungaipuntik
04/04/2023,385,Nollie,Ivankovic,nivankovicao@reverbnation.com,Male,Virojoki
04/08/2023,386,Benedick,Imorts,bimortsap@sciencedaily.com,Male,Putrajaya
04/15/2023,387,Ethelin,Mossdale,emossdaleaq@theglobeandmail.com,Female,Caoyan
04/06/2023,388,Thadeus,Geindre,tgeindrear@over-blog.com,Male,Angoulême
04/29/2023,389,Wesley,Murdy,wmurdyas@wp.com,Male,Storvreta
04/08/2023,390,Denney,Glass,dglassat@ebay.co.uk,Male,Zhenhai
04/29/2023,391,Pen,Pauncefort,ppauncefortau@tuttocitta.it,Female,Lokolande
04/03/2023,392,Tonnie,Rastall,trastallav@lycos.com,Male,Puerta de Corral Quemado
04/21/2023,393,Ilyse,Parchment,iparchmentaw@mail.ru,Female,Sovetakan
04/27/2023,394,Dorris,Vink,dvinkax@disqus.com,Bigender,Cigembor
04/26/2023,395,Cristian,Joynt,cjoyntay@prweb.com,Male,Dongtou
04/07/2023,396,Faina,Ruppelin,fruppelinaz@independent.co.uk,Female,Beixinjie
04/18/2023,397,Shell,Papen,spapenb0@ustream.tv,Male,Bolekhiv
04/10/2023,398,Katuscha,Duligal,kduligalb1@wsj.com,Female,Spiczyn
04/27/2023,399,Buddie,Struijs,bstruijsb2@unc.edu,Male,Linan
04/27/2023,400,Ulrick,Breydin,ubreydinb3@state.gov,Male,Kabul
04/06/2023,401,Tammie,Hollerin,thollerinb4@xinhuanet.com,Male,Tejen
04/02/2023,402,Quinn,Dorro,qdorrob5@reference.com,Female,Nagqu
04/20/2023,403,Jeramie,Haslehurst,jhaslehurstb6@t.co,Male,Kajuru
04/10/2023,404,Cedric,Simcox,csimcoxb7@ucsd.edu,Male,Ursynów
04/28/2023,405,Addie,Killingbeck,akillingbeckb8@ebay.com,Female,Kiuteta
04/04/2023,406,Trevor,Blackeby,tblackebyb9@t-online.de,Male,Kastornoye
04/11/2023,407,Arni,Jaslem,ajaslemba@imageshack.us,Male,Mādārīpur
04/19/2023,408,Earle,Wrightson,ewrightsonbb@patch.com,Male,Simbal
04/07/2023,409,Thornton,Emms,temmsbc@shutterfly.com,Male,Macabugos
04/16/2023,410,Germaine,D'Abbot-Doyle,gdabbotdoylebd@google.com.br,Female,Lümeng
04/14/2023,411,Uri,Colten,ucoltenbe@jigsy.com,Male,Caromatan
04/20/2023,412,Joelle,Smout,jsmoutbf@123-reg.co.uk,Female,Shanlian
04/09/2023,413,Ludwig,Parke,lparkebg@lulu.com,Male,Galyugayevskaya
04/28/2023,414,Vincenty,Drivers,vdriversbh@fema.gov,Male,Wādī as Sīr
04/01/2023,415,Manny,Hagger,mhaggerbi@fc2.com,Male,Boneng
04/12/2023,416,Verena,Licquorish,vlicquorishbj@cpanel.net,Female,Banjar Peguyangan
04/13/2023,417,Biron,Hrihorovich,bhrihorovichbk@moonfruit.com,Male,Oeiras
04/09/2023,418,Isac,Hackney,ihackneybl@people.com.cn,Male,Muranovo
04/09/2023,419,Anallese,Jouanny,ajouannybm@timesonline.co.uk,Female,Villa Dolores
04/12/2023,420,Dagmar,Longstreet,dlongstreetbn@theglobeandmail.com,Female,Kirkland Lake
04/07/2023,421,Roderigo,McMillam,rmcmillambo@europa.eu,Male,Samur
04/01/2023,422,Fitzgerald,Polley,fpolleybp@technorati.com,Male,Libertad
04/08/2023,423,Seymour,Dmytryk,sdmytrykbq@printfriendly.com,Male,Jajaway
04/05/2023,424,Chaddie,Ganing,cganingbr@sakura.ne.jp,Male,Peña
04/24/2023,425,Alyosha,Yuryichev,ayuryichevbs@jigsy.com,Male,Weiyuankou
04/05/2023,426,Kirstyn,Gentle,kgentlebt@exblog.jp,Female,Gaborone
04/05/2023,427,Wanids,Barszczewski,wbarszczewskibu@mozilla.com,Genderfluid,Soledade
04/02/2023,428,Benedict,Soeiro,bsoeirobv@youtube.com,Male,Laprida
04/03/2023,429,Brittney,Bake,bbakebw@furl.net,Female,Sukasari
04/29/2023,430,Parker,Parsonage,pparsonagebx@marketwatch.com,Male,Judita
04/11/2023,431,Marven,Zarfat,mzarfatby@list-manage.com,Male,Gwangju
04/17/2023,432,Melicent,Vardey,mvardeybz@friendfeed.com,Female,Río Blanco
04/29/2023,433,Rycca,Cummings,rcummingsc0@paypal.com,Female,Komyshnya
04/09/2023,434,Mickey,Masters,mmastersc1@multiply.com,Male,Goodlands
04/05/2023,435,Gray,Mealing,gmealingc2@canalblog.com,Male,Dębno
04/24/2023,436,Loni,Banstead,lbansteadc3@free.fr,Female,Yunxi
04/28/2023,437,Beale,Dever,bdeverc4@europa.eu,Male,Gadang
04/14/2023,438,Cammy,Muff,cmuffc5@fastcompany.com,Female,Jaguaribe
04/09/2023,439,Bartholemy,Vater,bvaterc6@123-reg.co.uk,Male,Guidong Chengguanzhen
04/06/2023,440,Tiebout,Sollett,tsollettc7@chicagotribune.com,Agender,Pobé
04/12/2023,441,Tobey,Discombe,tdiscombec8@state.tx.us,Female,Dongpu
04/10/2023,442,Shermy,Willoughby,swilloughbyc9@nhs.uk,Male,Tongyuanpu
04/06/2023,443,Ramonda,McBrearty,rmcbreartyca@jigsy.com,Female,Hagi
04/24/2023,444,Berkeley,Benge,bbengecb@sina.com.cn,Male,Hongtang
04/08/2023,445,Muriel,Blackeby,mblackebycc@japanpost.jp,Female,Pedro Juan Caballero
04/26/2023,446,Judon,Mattiessen,jmattiessencd@sakura.ne.jp,Male,Longtou’an
04/05/2023,447,Stirling,Goady,sgoadyce@who.int,Male,Umbultanjung
04/24/2023,448,Darell,Cashmore,dcashmorecf@facebook.com,Female,El Paso
04/21/2023,449,Lise,McHale,lmchalecg@pen.io,Female,Inglewood
04/09/2023,450,Leigha,Felix,lfelixch@addthis.com,Female,Ts’khinvali
04/11/2023,451,Jany,Umbers,jumbersci@odnoklassniki.ru,Female,Changtu
04/19/2023,452,Kore,Huccaby,khuccabycj@bluehost.com,Female,Krotoszyn
04/17/2023,453,Jelene,Perazzo,jperazzock@economist.com,Female,Fengpo
04/20/2023,454,Dollie,Bernardez,dbernardezcl@telegraph.co.uk,Female,Řečany nad Labem
04/25/2023,455,Marcellus,Antunez,mantunezcm@usnews.com,Genderfluid,Xiaheqing
04/26/2023,456,Romy,Diego,rdiegocn@friendfeed.com,Female,Stratónion
04/22/2023,457,Matthieu,Tomkins,mtomkinsco@wix.com,Male,Balogo
04/24/2023,458,Roxana,Guy,rguycp@blinklist.com,Female,Masaran
04/10/2023,459,Codee,Titcom,ctitcomcq@sciencedaily.com,Polygender,Polzela
04/03/2023,460,Xylia,MacPharlain,xmacpharlaincr@boston.com,Female,Volot
04/18/2023,461,Mignon,Nicklen,mnicklencs@wikia.com,Female,Canoinhas
04/19/2023,462,Veriee,Clitsome,vclitsomect@cbsnews.com,Female,Yelyzavethradka
04/21/2023,463,Min,Blackledge,mblackledgecu@ebay.com,Polygender,Fonte
04/25/2023,464,Anet,Shorto,ashortocv@cloudflare.com,Female,Amper
04/02/2023,465,Rodd,Lemme,rlemmecw@elegantthemes.com,Male,Sujji
04/15/2023,466,Marion,Dumigan,mdumigancx@globo.com,Female,Hammam Sousse
04/09/2023,467,Rhiamon,Fee,rfeecy@ovh.net,Female,Hamburg Winterhude
04/05/2023,468,Marven,Hammerstone,mhammerstonecz@ftc.gov,Male,Serrinha
04/27/2023,469,Tani,Erratt,terrattd0@ycombinator.com,Female,Wujian
04/29/2023,470,Bill,Schouthede,bschoutheded1@intel.com,Female,Liujiage
04/12/2023,471,Seward,Slimm,sslimmd2@blogspot.com,Male,Yangjiapo
04/12/2023,472,Cate,Hadingham,chadinghamd3@wikimedia.org,Female,Rāmhormoz
04/01/2023,473,Terri,Schubuser,tschubuserd4@soup.io,Female,Borovskoy
04/21/2023,474,Gratiana,Thaine,gthained5@github.com,Female,Santo Aleixo
04/10/2023,475,Neddy,Wixey,nwixeyd6@alexa.com,Male,Markovo
04/22/2023,476,Darci,Guerrazzi,dguerrazzid7@nih.gov,Female,Deranitan
04/06/2023,477,Freemon,Sibary,fsibaryd8@msu.edu,Male,Mamponteng
04/29/2023,478,Alex,Jerrans,ajerransd9@netscape.com,Female,Águas
04/16/2023,479,Elfreda,Dunthorne,edunthorneda@networksolutions.com,Female,Ibung
04/20/2023,480,Padriac,Yerby,pyerbydb@kickstarter.com,Male,Borzęcin
04/08/2023,481,Harbert,Clacson,hclacsondc@etsy.com,Male,Sơn Tịnh
04/10/2023,482,Dionysus,Yeoman,dyeomandd@skyrock.com,Male,São João Nepomuceno
04/08/2023,483,Lily,Kellart,lkellartde@github.com,Female,Dongsheng
04/10/2023,484,Nora,Harniman,nharnimandf@accuweather.com,Female,Dek’emhāre
04/27/2023,485,Fredi,Muckley,fmuckleydg@phpbb.com,Female,Causwagan
04/03/2023,486,Rhea,Coles,rcolesdh@salon.com,Female,København
04/18/2023,487,Benedick,Ravilious,braviliousdi@elegantthemes.com,Male,Lelystad
04/03/2023,488,Leyla,Gorton,lgortondj@engadget.com,Female,Az Zabadānī
04/04/2023,489,Agretha,Battram,abattramdk@51.la,Female,Aguadulce
04/27/2023,490,Kamilah,Spurret,kspurretdl@gov.uk,Female,Charleston
04/21/2023,491,Leland,McGowing,lmcgowingdm@digg.com,Female,Ploso
04/18/2023,492,Rennie,Bartalin,rbartalindn@goo.gl,Female,Huaqiao
04/01/2023,493,Justine,Judge,jjudgedo@spotify.com,Female,Yishan
04/01/2023,494,Kermy,Reignard,kreignarddp@netlog.com,Male,Buje
04/07/2023,495,Boyce,Hamsson,bhamssondq@homestead.com,Male,Pasir Mas
04/24/2023,496,Dael,Frye,dfryedr@amazon.de,Female,Camindangan
04/29/2023,497,Lucita,Cure,lcureds@phpbb.com,Non-binary,Perpignan
04/04/2023,498,Joana,Trowl,jtrowldt@bluehost.com,Female,Gornyye Klyuchi
04/25/2023,499,Marnia,Camilleri,mcamilleridu@examiner.com,Female,Suodenniemi
04/20/2023,500,Taddeo,Korting,tkortingdv@digg.com,Male,Luboń
04/04/2023,501,Darren,Grenshields,dgrenshieldsdw@virginia.edu,Male,Zhangcheng
04/22/2023,502,Hamish,Slaney,hslaneydx@opensource.org,Male,Guayatá
04/16/2023,503,Mordy,Lumsdale,mlumsdaledy@ted.com,Male,Yangzizhou
04/18/2023,504,Patrica,Marshallsay,pmarshallsaydz@slate.com,Female,Villa María
04/10/2023,505,Ozzie,Roskelley,oroskelleye0@marriott.com,Male,Fushun
04/24/2023,506,Marjory,Gardener,mgardenere1@ask.com,Female,Cachimayo
04/02/2023,507,Etti,Adamowicz,eadamowicze2@paypal.com,Female,Brumado
04/23/2023,508,Aristotle,Killgus,akillguse3@is.gd,Male,Chenyangzhai
04/04/2023,509,Midge,Gregoretti,mgregorettie4@pinterest.com,Female,Santa Nino
04/01/2023,510,Hugibert,Melanaphy,hmelanaphye5@twitter.com,Male,Gelan
04/04/2023,511,Olympie,Goodfellow,ogoodfellowe6@aboutads.info,Non-binary,Maguwon
04/12/2023,512,Tucky,Elster,telstere7@tuttocitta.it,Male,Brejo Santo
04/05/2023,513,Reed,Garric,rgarrice8@qq.com,Male,Sobral
04/06/2023,514,Greg,Curwen,gcurwene9@mashable.com,Male,Paulista
04/20/2023,515,Stoddard,Savary,ssavaryea@deviantart.com,Female,Binzhou
04/19/2023,516,Delbert,Buard,dbuardeb@unesco.org,Male,Göteborg
04/16/2023,517,Cassius,Gainor,cgainorec@360.cn,Male,Talawakele
04/27/2023,518,Jerrine,Barnwall,jbarnwalled@prnewswire.com,Female,El Mirador
04/15/2023,519,Jae,Fritter,jfritteree@mit.edu,Male,Cikijing
04/07/2023,520,Richart,Morot,rmorotef@addthis.com,Male,Erenhot
04/03/2023,521,Tish,Utting,tuttingeg@google.pl,Female,Bantry
04/13/2023,522,Matty,Girodias,mgirodiaseh@vimeo.com,Male,Łąck
04/11/2023,523,Witty,MacAlister,wmacalisterei@cpanel.net,Male,Vaggeryd
04/03/2023,524,Emlynne,Yakubovich,eyakubovichej@chronoengine.com,Female,Sidem
04/19/2023,525,Brandtr,Verdie,bverdieek@noaa.gov,Male,Chicago
04/11/2023,526,Eydie,Cameron,ecameronel@wordpress.com,Female,Tangxi
04/22/2023,527,Merv,Tarver,mtarverem@earthlink.net,Male,Seto
04/10/2023,528,Sheffy,Franceschino,sfranceschinoen@miitbeian.gov.cn,Male,Kaliterus
04/27/2023,529,Ferd,Wealleans,fwealleanseo@so-net.ne.jp,Male,Debrecen
04/06/2023,530,Bryanty,Lugton,blugtonep@intel.com,Male,Íasmos
04/06/2023,531,Lyndsey,Ronci,lroncieq@ed.gov,Female,‘Abs
04/07/2023,532,Gwenneth,Agate,gagateer@hatena.ne.jp,Non-binary,Dagkar
04/23/2023,533,Georges,Halwood,ghalwoodes@sun.com,Male,Birni N Konni
04/29/2023,534,Buckie,Normanvill,bnormanvillet@1und1.de,Male,Port Moody
04/18/2023,535,Heath,Boig,hboigeu@slashdot.org,Male,Gorey
04/29/2023,536,Constancia,Jaume,cjaumeev@ezinearticles.com,Female,Qiaotou
04/19/2023,537,Tabbitha,Misk,tmiskew@digg.com,Female,Tongchuan
04/16/2023,538,Hobart,Birtley,hbirtleyex@weebly.com,Male,Aghajari
04/20/2023,539,Alexandre,Gargett,agargettey@washington.edu,Genderfluid,Kävlinge
04/14/2023,540,Ibrahim,O'Scanlan,ioscanlanez@chicagotribune.com,Male,Taguing
04/11/2023,541,Maxy,BoHlingolsen,mbohlingolsenf0@theatlantic.com,Female,Banyutengah
04/14/2023,542,Orazio,Eastwell,oeastwellf1@smh.com.au,Male,Luopu
04/23/2023,543,Kala,Disbrey,kdisbreyf2@salon.com,Non-binary,Luts’k
04/27/2023,544,Vinny,Tidball,vtidballf3@ning.com,Male,Rebrikha
04/14/2023,545,Ezra,Tribble,etribblef4@dell.com,Male,Kornyn
04/05/2023,546,Antoinette,Kingsland,akingslandf5@oakley.com,Female,Rondonópolis
04/02/2023,547,Jayson,Cumberledge,jcumberledgef6@clickbank.net,Male,Liuhou
04/01/2023,548,Tresa,Jakes,tjakesf7@tripadvisor.com,Female,Jiaoyuan
04/22/2023,549,Ambrosius,Wiggett,awiggettf8@123-reg.co.uk,Male,Mestre
04/19/2023,550,Kelly,Redon,kredonf9@oracle.com,Female,Sulūk
04/10/2023,551,Shawn,Pepis,spepisfa@tinypic.com,Bigender,Verkhnya Syrovatka
04/12/2023,552,Jonell,Camacho,jcamachofb@wix.com,Female,Ljukovo
04/22/2023,553,Wren,Koba,wkobafc@vkontakte.ru,Female,Mungyeong
04/25/2023,554,Agosto,Marmion,amarmionfd@prlog.org,Male,Wan’an
04/12/2023,555,Brooks,Brigg,bbriggfe@reuters.com,Male,Telukpakedai
04/06/2023,556,Marlow,MacKomb,mmackombff@toplist.cz,Male,Mâcon
04/21/2023,557,Ram,Stockman,rstockmanfg@pinterest.com,Male,Ulyanovsk
04/05/2023,558,Korry,Colquit,kcolquitfh@quantcast.com,Female,Mórrope
04/28/2023,559,Gertrudis,Dunton,gduntonfi@purevolume.com,Female,Nabari
04/28/2023,560,Major,Dalmon,mdalmonfj@examiner.com,Male,Changjiang
04/29/2023,561,Melitta,Jickles,mjicklesfk@mac.com,Bigender,Khondāb
04/20/2023,562,Rosaline,Nield,rnieldfl@state.gov,Female,Marki
04/04/2023,563,Jolee,Fayre,jfayrefm@trellian.com,Female,Kalabahi
04/16/2023,564,Joana,Goodings,jgoodingsfn@wsj.com,Female,Stenungsund
04/14/2023,565,Nyssa,Arlt,narltfo@epa.gov,Female,Eshan
04/17/2023,566,Lay,Hinrichsen,lhinrichsenfp@google.co.uk,Male,Jawl al Majma‘
04/02/2023,567,Ellwood,Shearwood,eshearwoodfq@soup.io,Male,Saint-Jean-de-Braye
04/27/2023,568,Gauthier,MacNalley,gmacnalleyfr@wikia.com,Male,Brak
04/16/2023,569,Matty,Steanyng,msteanyngfs@yahoo.co.jp,Male,Itupeva
04/08/2023,570,Atlanta,Fawcitt,afawcittft@posterous.com,Female,Matahuasi
04/26/2023,571,Sherie,Applin,sapplinfu@yahoo.com,Female,Jaboatão
04/18/2023,572,Grete,Govier,ggovierfv@state.tx.us,Female,Umag
04/29/2023,573,Cayla,Wetheril,cwetherilfw@umich.edu,Female,Kalate
04/17/2023,574,Orran,Reeder,oreederfx@ow.ly,Male,Ciangir
04/13/2023,575,Darelle,Feather,dfeatherfy@simplemachines.org,Female,Manzherok
04/25/2023,576,Moss,Josling,mjoslingfz@time.com,Male,Caledon
04/11/2023,577,Constantin,O' Mara,comarag0@telegraph.co.uk,Male,Yeghegnut
04/19/2023,578,Erasmus,Poupard,epoupardg1@oakley.com,Genderfluid,Kesha
04/26/2023,579,Edwin,Dorward,edorwardg2@stanford.edu,Male,Osvaldo Cruz
04/01/2023,580,Ole,MacDougall,omacdougallg3@arizona.edu,Male,Babakankalong
04/03/2023,581,Cirstoforo,Edgecumbe,cedgecumbeg4@technorati.com,Male,Shengshan
04/20/2023,582,Tomasine,Svanetti,tsvanettig5@wordpress.org,Polygender,Tëplaya Gora
04/19/2023,583,Fairleigh,Godsafe,fgodsafeg6@adobe.com,Male,Sagarejo
04/11/2023,584,Romeo,Robelin,rrobeling7@chron.com,Male,Hrušovany u Brna
04/24/2023,585,Lewie,Enderby,lenderbyg8@gravatar.com,Male,Indralayang
04/09/2023,586,Agatha,Tibalt,atibaltg9@europa.eu,Bigender,Inuvik
04/18/2023,587,Rice,Dumphrey,rdumphreyga@list-manage.com,Male,Krasnogorsk
04/04/2023,588,Margie,Cullin,mcullingb@cyberchimps.com,Female,Dvin
04/03/2023,589,Dale,Van Hove,dvanhovegc@craigslist.org,Female,Kemijärvi
04/18/2023,590,Bren,Cammack,bcammackgd@alibaba.com,Female,Caçapava
04/25/2023,591,Grantley,Windrus,gwindrusge@newsvine.com,Male,Kloangrotat
04/12/2023,592,Ricca,Scrimgeour,rscrimgeourgf@java.com,Genderfluid,Capela
04/27/2023,593,Claudell,Nawton,cnawtongg@comsenz.com,Male,Hegarsari
04/13/2023,594,Darice,Popham,dpophamgh@wikimedia.org,Female,Jovellar
04/29/2023,595,Drusy,Potticary,dpotticarygi@house.gov,Female,Washington
04/27/2023,596,Bartolemo,Tebboth,btebbothgj@issuu.com,Male,Niš
04/02/2023,597,Dorisa,Sloam,dsloamgk@list-manage.com,Female,Owase
04/05/2023,598,Arlette,McNamee,amcnameegl@forbes.com,Female,Sigou
04/24/2023,599,Gav,Dorran,gdorrangm@hostgator.com,Male,Sanjian
04/16/2023,600,Silas,Nairns,snairnsgn@flavors.me,Male,Shahrīār
04/14/2023,601,Andrea,Hornbuckle,ahornbucklego@marketwatch.com,Male,El Calafate
04/17/2023,602,Mitch,Mounfield,mmounfieldgp@youtu.be,Male,Miratejo
04/24/2023,603,Kelvin,Segrave,ksegravegq@princeton.edu,Non-binary,Skara
04/04/2023,604,Weber,Abbatini,wabbatinigr@elegantthemes.com,Non-binary,Nagornyy
04/09/2023,605,Grissel,Witherington,gwitheringtongs@paypal.com,Female,Nāgarpur
04/13/2023,606,Beverie,Manford,bmanfordgt@nbcnews.com,Female,Itaperuna
04/02/2023,607,Gabi,Killingback,gkillingbackgu@google.com.hk,Bigender,Masku
04/07/2023,608,Jody,Garfath,jgarfathgv@oaic.gov.au,Male,Eystur
04/23/2023,609,Waldon,Cammack,wcammackgw@dell.com,Bigender,Verkhnyaya Tura
04/19/2023,610,Brandy,Dono,bdonogx@bizjournals.com,Female,Sélibabi
04/01/2023,611,Thorin,Brisset,tbrissetgy@sogou.com,Male,Bajawa
04/16/2023,612,Leta,Trousdale,ltrousdalegz@yale.edu,Female,Shigou
04/01/2023,613,Irwin,Cribbins,icribbinsh0@google.cn,Male,Zhangjiabao
04/27/2023,614,Tiffy,Satch,tsatchh1@google.com.au,Female,Jataí
04/07/2023,615,Daron,Palfrey,dpalfreyh2@csmonitor.com,Genderfluid,Hrodna
04/15/2023,616,Nollie,Osorio,nosorioh3@house.gov,Female,Sheshory
04/14/2023,617,Micaela,McGorman,mmcgormanh4@naver.com,Female,Mahābād
04/17/2023,618,Iona,Marsham,imarshamh5@nyu.edu,Female,Jobabo
04/14/2023,619,Melody,Henrion,mhenrionh6@eepurl.com,Bigender,Gōdo
04/23/2023,620,Emmy,Scoble,escobleh7@cmu.edu,Male,Aldeia da Bela Vista
04/24/2023,621,Barbi,Humberstone,bhumberstoneh8@wikispaces.com,Female,Peicheng
04/23/2023,622,Langsdon,Barnewall,lbarnewallh9@multiply.com,Male,Shun’ga
04/06/2023,623,Giorgi,Woolatt,gwoolattha@dot.gov,Male,Xindu
04/18/2023,624,Abeu,Barstow,abarstowhb@scientificamerican.com,Male,Tena
04/20/2023,625,Christye,De Freyne,cdefreynehc@cloudflare.com,Female,Los Frentones
04/13/2023,626,Granthem,Backler,gbacklerhd@lycos.com,Male,Yeoju
04/29/2023,627,Heida,Fincken,hfinckenhe@tinypic.com,Female,Moyale
04/04/2023,628,Ludovika,Farre,lfarrehf@google.co.uk,Female,Novotitarovskaya
04/11/2023,629,Dacie,Bradden,dbraddenhg@google.ru,Polygender,Sendangagung
04/03/2023,630,Des,Hinken,dhinkenhh@tinypic.com,Male,Sundsvall
04/03/2023,631,Goddard,Harridge,gharridgehi@examiner.com,Male,Harper
04/10/2023,632,Tate,Kightly,tkightlyhj@reference.com,Non-binary,Rodniki
04/11/2023,633,Elysha,Jannequin,ejannequinhk@vk.com,Genderfluid,Masis
04/12/2023,634,Madison,Tregenza,mtregenzahl@arstechnica.com,Male,Ban Dung
04/23/2023,635,Roosevelt,Huston,rhustonhm@dedecms.com,Male,Cortiçóis
04/01/2023,636,Onofredo,Edelheid,oedelheidhn@people.com.cn,Male,Debeljača
04/29/2023,637,Abran,Hurche,ahurcheho@nsw.gov.au,Male,Houping
04/08/2023,638,Grove,Hankinson,ghankinsonhp@examiner.com,Male,Nārang
04/06/2023,639,Gabby,Rohloff,grohloffhq@spiegel.de,Male,Deqing
04/05/2023,640,Darrel,Ragless,draglesshr@dell.com,Male,Cherepovets
04/07/2023,641,Gunther,Mattingly,gmattinglyhs@home.pl,Male,Kiffa
04/04/2023,642,Gwennie,Gliddon,ggliddonht@tumblr.com,Female,Ban Lam Luk Ka
04/25/2023,643,Culley,Rawlinson,crawlinsonhu@acquirethisname.com,Male,Halong
04/12/2023,644,Seka,Boas,sboashv@unesco.org,Bigender,Itatskiy
04/11/2023,645,Celeste,Hamelyn,chamelynhw@studiopress.com,Female,Shangmachang
04/11/2023,646,Lincoln,Darycott,ldarycotthx@dmoz.org,Male,Betio Village
04/10/2023,647,Honoria,Knocker,hknockerhy@wikia.com,Female,Wendo
04/19/2023,648,Shaina,Schout,sschouthz@taobao.com,Female,Douliu
04/14/2023,649,Ham,Evitt,hevitti0@ebay.com,Male,Bacnotan
04/08/2023,650,Bard,Howells,bhowellsi1@berkeley.edu,Male,Ad Dimnah
04/20/2023,651,Lesya,Le Guin,lleguini2@twitpic.com,Female,Dūst Moḩammad Khān
04/23/2023,652,Hayyim,McMurtyr,hmcmurtyri3@bandcamp.com,Bigender,Tacheng
04/28/2023,653,Heinrick,Berrey,hberreyi4@instagram.com,Male,Komsomolsk
04/13/2023,654,Zuzana,Cowsby,zcowsbyi5@nps.gov,Female,Bunigeulis
04/15/2023,655,Hobart,Verrier,hverrieri6@unblog.fr,Male,Nizhnekamsk
04/29/2023,656,Bradan,Masdon,bmasdoni7@bluehost.com,Male,Badong
04/19/2023,657,Lelia,Frazer,lfrazeri8@newyorker.com,Female,Ilesa
04/24/2023,658,Becky,Chamney,bchamneyi9@cbc.ca,Female,Oulad Frej
04/05/2023,659,Florian,Lawday,flawdayia@topsy.com,Male,Yangpu
04/09/2023,660,Fonsie,Brigshaw,fbrigshawib@bloglovin.com,Male,Żabieniec
04/10/2023,661,Kerrill,Pitts,kpittsic@theguardian.com,Female,Wadung
04/02/2023,662,Isahella,Lundberg,ilundbergid@mashable.com,Female,Biên Hòa
04/24/2023,663,Brian,Monson,bmonsonie@mayoclinic.com,Male,Hebeitun
04/19/2023,664,Billy,d' Eye,bdeyeif@blogtalkradio.com,Male,Pietà
04/05/2023,665,Danyelle,Lighterness,dlighternessig@google.nl,Female,Annan
04/28/2023,666,Filberte,Ipgrave,fipgraveih@nifty.com,Male,Yacuíba
04/11/2023,667,Tabbitha,Hardwich,thardwichii@washingtonpost.com,Female,Seda
04/12/2023,668,Raina,Norkutt,rnorkuttij@prlog.org,Female,Sam Roi Yot
04/29/2023,669,Tulley,Gathercoal,tgathercoalik@amazon.co.uk,Male,Kvissleby
04/26/2023,670,Sosanna,Dunckley,sdunckleyil@sakura.ne.jp,Female,Kefang
04/16/2023,671,Oby,Blackie,oblackieim@dion.ne.jp,Male,Vahdat
04/26/2023,672,Candra,McArte,cmcartein@acquirethisname.com,Genderqueer,Pamarayan
04/17/2023,673,Shem,Penhall,spenhallio@youtu.be,Male,Adzopé
04/21/2023,674,Heidie,Archibold,harchiboldip@craigslist.org,Female,Sendang
04/14/2023,675,Faunie,Villaron,fvillaroniq@cnn.com,Female,Valparaíso
04/19/2023,676,Leighton,Just,ljustir@google.com,Male,Tha Ruea
04/17/2023,677,Gena,Hankard,ghankardis@zimbio.com,Female,Kaum Kaler
04/20/2023,678,Constancy,Blinckhorne,cblinckhorneit@sun.com,Polygender,Vylkove
04/09/2023,679,Nicoline,Grigorescu,ngrigorescuiu@360.cn,Genderfluid,Pingtang
04/28/2023,680,Lura,Harpham,lharphamiv@china.com.cn,Female,Cayang
04/26/2023,681,Vern,Crosdill,vcrosdilliw@myspace.com,Male,Domont
04/15/2023,682,Cos,Pindell,cpindellix@cnet.com,Male,Ţawr al Bāḩah
04/22/2023,683,Sebastiano,Creighton,screightoniy@tripadvisor.com,Male,Rāvar
04/06/2023,684,Henderson,Castilla,hcastillaiz@mediafire.com,Male,Raduzhnyy
04/28/2023,685,Verney,Furman,vfurmanj0@washington.edu,Male,Zhongling
04/25/2023,686,Philbert,Hinkins,phinkinsj1@vimeo.com,Male,União dos Palmares
04/01/2023,687,Basil,Tanti,btantij2@dot.gov,Male,Povorino
04/10/2023,688,Jobina,Blaxter,jblaxterj3@yellowpages.com,Female,Wangmo
04/25/2023,689,Karola,Clipson,kclipsonj4@ebay.co.uk,Polygender,Vinhais
04/16/2023,690,Augy,Kelcey,akelceyj5@networkadvertising.org,Male,Qamdo
04/23/2023,691,Mohandis,Phizaclea,mphizacleaj6@nytimes.com,Male,Liangchahe
04/20/2023,692,Evey,Pochet,epochetj7@posterous.com,Female,Bettendorf
04/17/2023,693,Pammi,Disbrey,pdisbreyj8@barnesandnoble.com,Agender,Changqiao
04/16/2023,694,Hervey,Bierling,hbierlingj9@europa.eu,Male,Itanhaém
04/02/2023,695,Wolfy,Pozer,wpozerja@intel.com,Male,Paradyż
04/11/2023,696,Prince,Whittam,pwhittamjb@army.mil,Male,Yumbo
04/17/2023,697,Kelley,Reggiani,kreggianijc@drupal.org,Male,Wiskitki
04/02/2023,698,Kirk,Franz,kfranzjd@addthis.com,Male,Lühua
04/19/2023,699,Hollis,Royans,hroyansje@linkedin.com,Male,Tríkala
04/04/2023,700,Alex,Lassey,alasseyjf@photobucket.com,Female,Tála
04/20/2023,701,Beatriz,Dalzell,bdalzelljg@webs.com,Female,Peresvet
04/25/2023,702,Eilis,Breed,ebreedjh@zdnet.com,Female,Kamionka Strumitowa
04/06/2023,703,Tobin,Libbe,tlibbeji@desdev.cn,Genderqueer,Chicheng
04/28/2023,704,Lexine,Aldrin,laldrinjj@shareasale.com,Female,Tingo María
04/15/2023,705,Karney,Madgett,kmadgettjk@disqus.com,Male,Xianzong
04/17/2023,706,Walliw,Da Costa,wdacostajl@thetimes.co.uk,Female,Iligan City
04/29/2023,707,Tomasina,Virgoe,tvirgoejm@uiuc.edu,Female,Chişinău
04/27/2023,708,Michele,Jarville,mjarvillejn@microsoft.com,Female,Embu
04/03/2023,709,Holt,Hairon,hhaironjo@free.fr,Male,Cachan
04/06/2023,710,Sven,Willisch,swillischjp@statcounter.com,Male,Sotteville-lès-Rouen
04/14/2023,711,Robbi,Braunlein,rbraunleinjq@dedecms.com,Female,Pulorejo
04/07/2023,712,Teodorico,Commucci,tcommuccijr@xrea.com,Male,Xiashihao
04/07/2023,713,Jacklin,Seamer,jseamerjs@domainmarket.com,Female,Perez
04/01/2023,714,Riobard,Tredgold,rtredgoldjt@a8.net,Male,Shouzhan
04/09/2023,715,Kimball,Grange,kgrangeju@ucla.edu,Male,Stockholm
04/24/2023,716,Max,Getcliffe,mgetcliffejv@trellian.com,Male,Klimovsk
04/27/2023,717,Griffy,Comazzo,gcomazzojw@ft.com,Male,Chenzhouzhai
04/22/2023,718,Nigel,Vasin,nvasinjx@phoca.cz,Male,Tuatuka
04/26/2023,719,Gabey,Rosson,grossonjy@telegraph.co.uk,Female,Changkeng
04/19/2023,720,Walt,Quinney,wquinneyjz@thetimes.co.uk,Bigender,Nevel’
04/11/2023,721,Mitchael,O'Fogerty,mofogertyk0@yahoo.com,Male,Benito Juarez
04/23/2023,722,Odilia,Dumberrill,odumberrillk1@aboutads.info,Female,Sanpai
04/04/2023,723,Sephira,Jecks,sjecksk2@myspace.com,Female,Nice
04/01/2023,724,Celeste,Entwhistle,centwhistlek3@wix.com,Female,Dolo
04/07/2023,725,Evered,Tejada,etejadak4@wikia.com,Male,Long Beluah
04/22/2023,726,Zacharias,Jeffels,zjeffelsk5@yahoo.co.jp,Male,Dasht-e Qal‘ah
04/13/2023,727,Ermentrude,Cuttelar,ecuttelark6@discuz.net,Female,Đắk Glei
04/06/2023,728,Orren,Braunter,obraunterk7@gnu.org,Male,Kempele
04/17/2023,729,Field,Starten,fstartenk8@tuttocitta.it,Male,Verkhnya Rozhanka
04/23/2023,730,Andi,Maffucci,amaffuccik9@livejournal.com,Female,Yên Mỹ
04/29/2023,731,Waylon,Siddall,wsiddallka@live.com,Male,Murcia
04/26/2023,732,Carter,Brandes,cbrandeskb@sphinn.com,Male,Naikoten Dua
04/28/2023,733,Artemis,Assante,aassantekc@tumblr.com,Male,Sukadana
04/22/2023,734,Reggie,Boase,rboasekd@goodreads.com,Female,Dinskaya
04/20/2023,735,Conni,Beany,cbeanyke@webmd.com,Female,Awgu
04/26/2023,736,Cicely,Dounbare,cdounbarekf@altervista.org,Non-binary,Salvacion
04/07/2023,737,Isabelita,O'Howbane,iohowbanekg@timesonline.co.uk,Polygender,Mashui
04/05/2023,738,Chuck,Palphreyman,cpalphreymankh@latimes.com,Male,Maria
04/27/2023,739,Blondell,Birtonshaw,bbirtonshawki@nationalgeographic.com,Female,Shiree
04/07/2023,740,Victor,Schmuhl,vschmuhlkj@ocn.ne.jp,Male,Annecy
04/27/2023,741,Cobby,Spendley,cspendleykk@hugedomains.com,Polygender,Boto
04/04/2023,742,Archibald,McEvon,amcevonkl@wsj.com,Male,Zaghouan
04/01/2023,743,Gail,Gibbon,ggibbonkm@dyndns.org,Male,Kenarilang
04/23/2023,744,Yvor,Senussi,ysenussikn@php.net,Male,Vayk’
04/19/2023,745,Mitch,Crose,mcroseko@mtv.com,Male,Umeå
04/18/2023,746,Eden,Tregenna,etregennakp@cloudflare.com,Female,Denton
04/11/2023,747,Devinne,Hallybone,dhallybonekq@ucla.edu,Female,Quimbaya
04/14/2023,748,Heddi,Jockle,hjocklekr@slate.com,Female,Can-Avid
04/08/2023,749,Rock,Schust,rschustks@facebook.com,Male,Colonias Unidas
04/06/2023,750,Pen,Poleye,ppoleyekt@pen.io,Male,Abha
04/14/2023,751,Ardene,Rowcliffe,arowcliffeku@wisc.edu,Female,Fort Beaufort
04/02/2023,752,Caria,Lockhart,clockhartkv@ucoz.ru,Female,Muli
04/27/2023,753,Alfy,Ingliby,ainglibykw@topsy.com,Female,Wąsosz
04/26/2023,754,Niles,Gallyhaock,ngallyhaockkx@time.com,Male,Ajaccio
04/20/2023,755,Brunhilda,Emblow,bemblowky@virginia.edu,Female,Maayong Tubig
04/20/2023,756,Carmelita,Edmons,cedmonskz@123-reg.co.uk,Female,El Potrero
04/10/2023,757,Faina,Bosley,fbosleyl0@ca.gov,Female,Palestina de los Altos
04/29/2023,758,Allayne,Webster,awebsterl1@cnn.com,Male,Nusajaya
04/14/2023,759,Bran,Loins,bloinsl2@globo.com,Male,Le Mans
04/27/2023,760,Elbert,Glabach,eglabachl3@amazon.com,Male,Öldziyt
04/08/2023,761,Carver,Collcott,ccollcottl4@google.cn,Bigender,Donja Dubica
04/24/2023,762,Annie,Bartot,abartotl5@prlog.org,Female,Pesek
04/12/2023,763,Milicent,Deniseau,mdeniseaul6@ucoz.com,Female,Bhadrapur
04/22/2023,764,Sanderson,Barus,sbarusl7@mozilla.org,Male,Pagak Kulon
04/11/2023,765,Gelya,Pattington,gpattingtonl8@amazon.de,Agender,Ochota
04/15/2023,766,Alyosha,Peagram,apeagraml9@networksolutions.com,Male,Shipaidong
04/21/2023,767,Michale,Jiggens,mjiggensla@yahoo.com,Polygender,Grati Satu
04/06/2023,768,Rebeka,Nozzolinii,rnozzoliniilb@wikia.com,Female,Longra
04/08/2023,769,Bernette,Edmundson,bedmundsonlc@macromedia.com,Female,Reshetikha
04/08/2023,770,Jeffrey,Magnar,jmagnarld@sitemeter.com,Male,Sułoszowa
04/18/2023,771,Alessandro,Bonds,abondsle@fastcompany.com,Male,Soritor
04/05/2023,772,Quinn,Cranmore,qcranmorelf@ifeng.com,Female,Cihe
04/19/2023,773,Thalia,Ickovici,tickovicilg@aboutads.info,Female,Saint-Avold
04/16/2023,774,Cariotta,Lazell,clazelllh@phpbb.com,Female,Paradise
04/10/2023,775,Isa,Brookfield,ibrookfieldli@mapy.cz,Male,Dýšina
04/19/2023,776,Dorelle,Valder,dvalderlj@bandcamp.com,Female,Zgurovka
04/29/2023,777,Sheppard,Paynton,spayntonlk@w3.org,Male,Consuelo
04/22/2023,778,Chrisse,Quipp,cquippll@sakura.ne.jp,Male,Hedong
04/16/2023,779,Paloma,Moniker,pmonikerlm@stanford.edu,Female,Jand
04/17/2023,780,Lay,Sheara,lshearaln@1und1.de,Male,Torino
04/23/2023,781,Brande,Blundel,bblundello@reddit.com,Female,Sindangsari
04/06/2023,782,Malinda,Eadmeads,meadmeadslp@addthis.com,Female,Xinfang
04/18/2023,783,Ximenes,Sharp,xsharplq@moonfruit.com,Male,Wangunsari
04/14/2023,784,Brnaby,Haburne,bhaburnelr@csmonitor.com,Male,Xinbu
04/20/2023,785,Shurwood,Arents,sarentsls@odnoklassniki.ru,Male,San Francisco
04/25/2023,786,Merrili,Luquet,mluquetlt@quantcast.com,Female,Ponte
04/13/2023,787,Ayn,Pechold,apecholdlu@narod.ru,Female,Penghu
04/19/2023,788,Mariele,Hawarden,mhawardenlv@sogou.com,Female,Söderhamn
04/05/2023,789,Dexter,Eads,deadslw@umn.edu,Agender,Huangyang
04/09/2023,790,Issi,Duran,iduranlx@t.co,Female,Mahdalynivka
04/17/2023,791,Raff,Camois,rcamoisly@accuweather.com,Male,Lampihung
04/03/2023,792,Lonnard,Hyndman,lhyndmanlz@printfriendly.com,Male,Mahaica Village
04/14/2023,793,Fowler,Chiene,fchienem0@yahoo.com,Male,Palhais
04/21/2023,794,Dante,Bradtke,dbradtkem1@about.com,Male,Sungaigerong
04/27/2023,795,Jocko,Eckh,jeckhm2@cam.ac.uk,Male,Bazhu
04/16/2023,796,Lance,Puttrell,lputtrellm3@mac.com,Male,Krajan
04/29/2023,797,Beatrice,Jerrold,bjerroldm4@ftc.gov,Female,Dawa-Dawa
04/03/2023,798,Lowe,Willavoys,lwillavoysm5@va.gov,Male,Yur’yev-Pol’skiy
04/29/2023,799,Nissy,Okenden,nokendenm6@oracle.com,Female,Koh Kong
04/24/2023,800,Elisabet,Stenhouse,estenhousem7@yahoo.com,Female,Uppsala
04/13/2023,801,Ann-marie,Moffet,amoffetm8@vistaprint.com,Female,Washington
04/27/2023,802,Maurie,Vasilchikov,mvasilchikovm9@weibo.com,Male,Huoshaoping
04/28/2023,803,Louie,Joberne,ljobernema@irs.gov,Male,Jeminay
04/24/2023,804,Colan,Alti,caltimb@furl.net,Male,Caspisapa
04/25/2023,805,Peter,Clayden,pclaydenmc@sciencedirect.com,Male,Masape
04/16/2023,806,Charlotta,Withinshaw,cwithinshawmd@artisteer.com,Female,Voiron
04/20/2023,807,Eberhard,Heinrich,eheinrichme@furl.net,Male,Salfīt
04/18/2023,808,Dave,Yakobovicz,dyakoboviczmf@lulu.com,Male,Fenshui
04/23/2023,809,Alida,Karpenya,akarpenyamg@livejournal.com,Female,Hefei
04/18/2023,810,Janelle,Hawkswood,jhawkswoodmh@theguardian.com,Female,Lidong
04/23/2023,811,Kirstyn,Dinnis,kdinnismi@ed.gov,Female,Verkhnya Syrovatka
04/23/2023,812,Catherin,Penkman,cpenkmanmj@jimdo.com,Genderfluid,Kratié
04/13/2023,813,Arman,Rought,aroughtmk@hao123.com,Male,Nkurenkuru
04/11/2023,814,Paten,Lennox,plennoxml@issuu.com,Male,Oepula
04/06/2023,815,Rustie,Izkovici,rizkovicimm@cbc.ca,Male,Aso
04/01/2023,816,Cosme,Boyat,cboyatmn@phoca.cz,Male,Beringin
04/01/2023,817,Kristan,Bentame,kbentamemo@parallels.com,Female,Wyśmierzyce
04/29/2023,818,Adlai,Annakin,aannakinmp@angelfire.com,Male,Jiulongshan
04/12/2023,819,Gardner,Berrycloth,gberryclothmq@bbb.org,Genderfluid,Yokotemachi
04/02/2023,820,Junie,Rantoull,jrantoullmr@amazon.de,Female,Urengoy
04/10/2023,821,Yankee,Crannage,ycrannagems@free.fr,Male,Xinzhan
04/19/2023,822,Collete,Hubbins,chubbinsmt@hibu.com,Female,Krmelín
04/19/2023,823,Issy,Whacket,iwhacketmu@clickbank.net,Female,Lubochnia
04/03/2023,824,Arlyne,Exroll,aexrollmv@exblog.jp,Female,Sliema
04/16/2023,825,Perceval,Stubbington,pstubbingtonmw@a8.net,Male,Markham
04/28/2023,826,Kathye,Oxe,koxemx@wunderground.com,Female,San Rafael del Sur
04/17/2023,827,Currie,McGilben,cmcgilbenmy@arstechnica.com,Non-binary,Wola Sernicka
04/15/2023,828,Karl,Dressel,kdresselmz@is.gd,Male,Ipoh
04/27/2023,829,Caria,Pettko,cpettkon0@cornell.edu,Female,Zwierzyniec
04/09/2023,830,Jasen,Abdy,jabdyn1@studiopress.com,Male,Lushnjë
04/08/2023,831,Heath,Felce,hfelcen2@nhs.uk,Female,Xinxing
04/15/2023,832,Luis,Dabernott,ldabernottn3@google.ru,Male,Karvia
04/04/2023,833,Hillary,Neild,hneildn4@dion.ne.jp,Female,Casa Nova
04/28/2023,834,Mada,Dacks,mdacksn5@webeden.co.uk,Female,Mianhu
04/12/2023,835,Izzy,Schach,ischachn6@ifeng.com,Male,Varge Mondar
04/22/2023,836,Pernell,Kitchingman,pkitchingmann7@businesswire.com,Male,Xiakouyi
04/09/2023,837,Carleton,Haddleton,chaddletonn8@usda.gov,Male,Fundación
04/26/2023,838,Daloris,Macvey,dmacveyn9@guardian.co.uk,Female,Bouças
04/22/2023,839,Fin,Hartman,fhartmanna@barnesandnoble.com,Male,Tunbao
04/23/2023,840,Harlen,M'Chirrie,hmchirrienb@webs.com,Male,Priiskovyy
04/02/2023,841,Briano,Shorie,bshorienc@mapy.cz,Male,Jelcz
04/16/2023,842,Marmaduke,Readwood,mreadwoodnd@homestead.com,Male,Replot
04/25/2023,843,Ado,Jobke,ajobkene@friendfeed.com,Genderfluid,Baitouli
04/17/2023,844,Lynett,Popworth,lpopworthnf@flickr.com,Female,Rio Grande da Serra
04/26/2023,845,Horton,Renfrew,hrenfrewng@washington.edu,Male,Lampa
04/19/2023,846,Lukas,Hammonds,lhammondsnh@twitter.com,Male,Malšice
04/25/2023,847,Raphaela,Warnes,rwarnesni@bing.com,Female,Itatuba
04/05/2023,848,Abdel,Meece,ameecenj@google.fr,Male,Maardu
04/18/2023,849,Regan,Hulbert,rhulbertnk@scribd.com,Male,Rokytnice
04/03/2023,850,Domingo,Broddle,dbroddlenl@slashdot.org,Male,Banjar Brahmanabukit
04/09/2023,851,Rance,Honniebal,rhonniebalnm@feedburner.com,Male,Omutninsk
04/20/2023,852,Darleen,Ellard,dellardnn@patch.com,Female,Otok
04/20/2023,853,Jaimie,Feldstern,jfeldsternno@dropbox.com,Female,Nguigmi
04/26/2023,854,Teriann,Pehrsson,tpehrssonnp@statcounter.com,Female,Lomintsevskiy
04/09/2023,855,Marylin,Wevell,mwevellnq@bigcartel.com,Female,Vsevolozhsk
04/24/2023,856,Camel,Bramford,cbramfordnr@ed.gov,Female,Ryki
04/10/2023,857,Solomon,Pedden,speddenns@gov.uk,Male,Hengshan
04/12/2023,858,Timoteo,Alecock,talecocknt@usatoday.com,Male,Tartouss
04/05/2023,859,Niel,Raddin,nraddinnu@un.org,Male,Końskowola
04/16/2023,860,Penelope,De Vries,pdevriesnv@geocities.jp,Female,Židlochovice
04/02/2023,861,Alvira,Frangello,afrangellonw@soup.io,Female,Santo Amaro da Imperatriz
04/12/2023,862,Quent,Robun,qrobunnx@dropbox.com,Male,Kizel
04/15/2023,863,Ailina,Zoanetti,azoanettiny@google.com,Female,San Juan de Planes
04/26/2023,864,Biddy,Hannah,bhannahnz@noaa.gov,Female,Belyye Stolby
04/18/2023,865,Sande,Banister,sbanistero0@noaa.gov,Female,Leidschendam
04/12/2023,866,Moria,Constantinou,mconstantinouo1@berkeley.edu,Female,Ḩadīdah
04/17/2023,867,Laverna,Greveson,lgrevesono2@usatoday.com,Female,Noyal-sur-Vilaine
04/23/2023,868,Yard,Ramsted,yramstedo3@ucsd.edu,Male,Sananduva
04/16/2023,869,Dilan,Radki,dradkio4@moonfruit.com,Male,Vinkkilä
04/10/2023,870,Gretchen,Surgen,gsurgeno5@fastcompany.com,Female,Villeurbanne
04/22/2023,871,Venus,Palfree,vpalfreeo6@washingtonpost.com,Female,Paiçandu
04/21/2023,872,Sarena,Laffranconi,slaffranconio7@123-reg.co.uk,Female,Kroonstad
04/03/2023,873,Milena,Brumbie,mbrumbieo8@deliciousdays.com,Female,Mafinga
04/22/2023,874,Datha,Pim,dpimo9@wisc.edu,Female,Sasaguri
04/11/2023,875,Pryce,Galier,pgalieroa@go.com,Non-binary,Merkezköy
04/21/2023,876,Dallas,Polsin,dpolsinob@php.net,Agender,Mangulile
04/16/2023,877,Port,Sinnock,psinnockoc@shop-pro.jp,Male,Quinta de Valadares
04/18/2023,878,Alane,Moberley,amoberleyod@nps.gov,Female,Huangshan
04/21/2023,879,Mortie,MacRanald,mmacranaldoe@usda.gov,Male,Marull
04/28/2023,880,Denna,Epgrave,depgraveof@cisco.com,Female,Tartaro
04/29/2023,881,Hakeem,Bruyntjes,hbruyntjesog@amazon.co.uk,Male,Lápas
04/11/2023,882,Barclay,Balf,bbalfoh@google.fr,Male,Beya
04/03/2023,883,Rosco,McCritchie,rmccritchieoi@purevolume.com,Male,Aş Şafaqayn
04/04/2023,884,Anestassia,Dmisek,admisekoj@studiopress.com,Female,Dikson
04/12/2023,885,Cassi,Dainter,cdainterok@patch.com,Female,Cataguases
04/13/2023,886,Milly,Cropp,mcroppol@slashdot.org,Female,Sulang Tengah
04/23/2023,887,Sheridan,Farens,sfarensom@twitter.com,Male,Paris 17
04/15/2023,888,Lesley,Stangoe,lstangoeon@fotki.com,Male,Nan’ao
04/12/2023,889,Mella,MacNamee,mmacnameeoo@hexun.com,Female,Liubo
04/27/2023,890,Odelia,Luigi,oluigiop@skyrock.com,Female,Monastir
04/11/2023,891,Euell,Snookes,esnookesoq@slideshare.net,Male,La Roche-sur-Yon
04/16/2023,892,Hesther,Ekell,hekellor@e-recht24.de,Female,Vidnoye
04/28/2023,893,Barn,Hourihane,bhourihaneos@kickstarter.com,Male,Thames
04/04/2023,894,Petronella,Postgate,ppostgateot@ft.com,Genderqueer,Daingean
04/05/2023,895,Kelwin,Adair,kadairou@delicious.com,Male,Kalidawe
04/16/2023,896,Elston,Sylvester,esylvesterov@rambler.ru,Male,San Pablo
04/07/2023,897,Drucie,Jobson,djobsonow@ameblo.jp,Female,Gunjur Kuta
04/01/2023,898,Harlin,Gurrado,hgurradoox@independent.co.uk,Male,Agustín Codazzi
04/19/2023,899,Eb,Crozier,ecrozieroy@vinaora.com,Male,Bueng Kum
04/06/2023,900,Kenneth,Buswell,kbuswelloz@indiatimes.com,Bigender,Renhe
04/02/2023,901,Evangelin,Clemo,eclemop0@wikispaces.com,Female,Shuangtang
04/29/2023,902,Buck,Freeman,bfreemanp1@dion.ne.jp,Male,Allen
04/26/2023,903,Dasi,Waplinton,dwaplintonp2@bbc.co.uk,Polygender,Sobral da Abelheira
04/07/2023,904,Selie,Gull,sgullp3@nifty.com,Female,Dobre
04/14/2023,905,Court,Roome,croomep4@sfgate.com,Male,Vera Cruz
04/01/2023,906,Giffard,Chesher,gchesherp5@redcross.org,Genderqueer,Kendari
04/29/2023,907,Guinevere,Haken,ghakenp6@discovery.com,Female,Pagsanahan Norte
04/08/2023,908,Giuditta,Chalcraft,gchalcraftp7@twitpic.com,Female,Fuxing
04/04/2023,909,Patrick,Liles,plilesp8@mozilla.org,Agender,Saint-Paul
04/06/2023,910,Orelie,Corradi,ocorradip9@answers.com,Female,Salinungan Proper
04/22/2023,911,Maisey,Baythorp,mbaythorppa@bloomberg.com,Female,Taihe
04/20/2023,912,Cacilia,Macrae,cmacraepb@ebay.com,Female,Kui Buri
04/05/2023,913,Jordana,Aingel,jaingelpc@nih.gov,Female,Tadou
04/21/2023,914,Katalin,Gooly,kgoolypd@vimeo.com,Female,Dourados
04/11/2023,915,Orville,Sleightholme,osleightholmepe@mashable.com,Male,Tcholliré
04/22/2023,916,Parrnell,Dassindale,pdassindalepf@dot.gov,Male,Levallois-Perret
04/18/2023,917,Hyman,Murphy,hmurphypg@weibo.com,Male,Shifang
04/13/2023,918,Lucille,Simic,lsimicph@yolasite.com,Genderfluid,Táriba
04/10/2023,919,Isacco,Gallego,igallegopi@guardian.co.uk,Male,Balaka
04/23/2023,920,Marsiella,Peete,mpeetepj@com.com,Female,Da’an
04/22/2023,921,Viv,Jeannequin,vjeannequinpk@engadget.com,Female,Zhangshui
04/02/2023,922,Elke,Rossborough,erossboroughpl@chicagotribune.com,Female,Asaka
04/25/2023,923,Kimberly,Brech,kbrechpm@tuttocitta.it,Female,Lututów
04/22/2023,924,Tibold,Woodall,twoodallpn@imdb.com,Male,Baiyin
04/27/2023,925,Charline,Lipsett,clipsettpo@economist.com,Female,Pasolapida
04/23/2023,926,Madge,Shout,mshoutpp@dyndns.org,Female,Itacurubí del Rosario
04/20/2023,927,Agnese,Goublier,agoublierpq@amazon.de,Female,Portland
04/04/2023,928,Yasmin,Overlow,yoverlowpr@google.com.br,Female,Trelleborg
04/14/2023,929,Phillipe,Cardiff,pcardiffps@washingtonpost.com,Male,Jorowaru Daya
04/17/2023,930,Sophronia,Peret,speretpt@sun.com,Female,Ciudad Guayana
04/19/2023,931,Juli,Curee,jcureepu@illinois.edu,Polygender,Liliba
04/14/2023,932,Tiebout,Shipman,tshipmanpv@blogtalkradio.com,Male,Eira Nova
04/11/2023,933,Anderson,Tregona,atregonapw@chicagotribune.com,Genderqueer,Carrizal
04/16/2023,934,Mitchael,Cosely,mcoselypx@state.gov,Male,Rancaranji
04/27/2023,935,Selia,Olohan,solohanpy@chron.com,Non-binary,Xiaogang
04/02/2023,936,Chev,Gerlts,cgerltspz@walmart.com,Male,Tugusirna
04/03/2023,937,Carlye,Tettley,ctettleyq0@blog.com,Female,Quintela
04/18/2023,938,Hilliary,Sans,hsansq1@quantcast.com,Bigender,Barbacoas
04/23/2023,939,Garnet,Egar,gegarq2@ca.gov,Female,Alfeizerão
04/04/2023,940,Hamish,Echallie,hechallieq3@earthlink.net,Male,Jorf
04/19/2023,941,Karry,Giacovazzo,kgiacovazzoq4@biblegateway.com,Genderqueer,Ngadri
04/20/2023,942,Reinald,Matura,rmaturaq5@shop-pro.jp,Male,Pathum Rat
04/15/2023,943,Uta,Putton,uputtonq6@yellowpages.com,Female,Saint-Étienne
04/26/2023,944,Vale,Zanetello,vzanetelloq7@sciencedirect.com,Female,Menanga
04/20/2023,945,Dale,McCurlye,dmccurlyeq8@shinystat.com,Male,Marfino
04/06/2023,946,Jay,Glader,jgladerq9@kickstarter.com,Male,Yarang
04/10/2023,947,Caryl,Challis,cchallisqa@engadget.com,Male,Kaca
04/13/2023,948,Morie,Divver,mdivverqb@multiply.com,Male,Krzyżanów
04/17/2023,949,Hazel,Robottham,hrobotthamqc@netvibes.com,Male,Tongyangdao
04/29/2023,950,Harri,Prott,hprottqd@usnews.com,Female,Ban Fang
04/25/2023,951,Matilde,Cossans,mcossansqe@guardian.co.uk,Female,Turi
04/24/2023,952,Wynny,Larmuth,wlarmuthqf@blogtalkradio.com,Female,Porkhov
04/20/2023,953,Ansell,Charrett,acharrettqg@wordpress.com,Male,Kampungsusah
04/05/2023,954,Dall,Jahnisch,djahnischqh@wired.com,Male,Dniprodzerzhyns’k
04/25/2023,955,Micah,Tomaini,mtomainiqi@xing.com,Male,San Agustin
04/20/2023,956,Lodovico,Claremont,lclaremontqj@google.de,Male,Madīnat Lab‘ūs
04/18/2023,957,Retha,Keoghan,rkeoghanqk@godaddy.com,Female,Brudzew
04/03/2023,958,Ancell,Dunnion,adunnionql@homestead.com,Male,Gò Quao
04/24/2023,959,Carlin,Musker,cmuskerqm@rakuten.co.jp,Female,Sirte
04/03/2023,960,Patty,Joutapaitis,pjoutapaitisqn@qq.com,Female,Seattle
04/03/2023,961,Marius,Palfreeman,mpalfreemanqo@shop-pro.jp,Male,Kuala Lumpur
04/12/2023,962,Stevie,Smedley,ssmedleyqp@goodreads.com,Male,Zhangjiaji
04/13/2023,963,Carmen,Crookshank,ccrookshankqq@php.net,Female,Toronto
04/20/2023,964,Nev,Kalf,nkalfqr@tumblr.com,Male,Miaoqian
04/05/2023,965,Carri,Orts,cortsqs@sina.com.cn,Female,Shaguotun
04/10/2023,966,Maritsa,Grigorian,mgrigorianqt@state.tx.us,Female,Papelón
04/24/2023,967,Gilly,Stampfer,gstampferqu@scientificamerican.com,Female,Molinos
04/21/2023,968,Revkah,Iorio,riorioqv@irs.gov,Female,Yiwa
04/18/2023,969,Allx,Kean,akeanqw@java.com,Female,La Ronge
04/22/2023,970,Ondrea,Keighley,okeighleyqx@lycos.com,Female,Pesochnoye
04/11/2023,971,Franklyn,Seeborne,fseeborneqy@toplist.cz,Male,Verkhniye Achaluki
04/07/2023,972,Shandy,Rudledge,srudledgeqz@geocities.com,Female,Till
04/15/2023,973,Pepi,Dodgshun,pdodgshunr0@qq.com,Female,Pataias
04/23/2023,974,Tate,Bazely,tbazelyr1@bbb.org,Male,Usol’ye
04/21/2023,975,Bee,Pikett,bpikettr2@facebook.com,Female,Lusaka
04/19/2023,976,Gilbertina,Bryning,gbryningr3@tinypic.com,Female,San Francisco
04/05/2023,977,Lynette,Ferby,lferbyr4@toplist.cz,Female,Ekerö
04/24/2023,978,Alberto,Eunson,aeunsonr5@sitemeter.com,Male,Chaguaní
04/18/2023,979,Deidre,McFade,dmcfader6@privacy.gov.au,Female,Caieiras
04/15/2023,980,Louisa,Ferrillo,lferrillor7@seesaa.net,Female,Örebro
04/18/2023,981,Salome,Pinock,spinockr8@yandex.ru,Female,Neftobod
04/04/2023,982,Angy,Vardy,avardyr9@cnbc.com,Female,Metchosin
04/24/2023,983,Marijo,Caughan,mcaughanra@ox.ac.uk,Female,Don Mueang
04/17/2023,984,Jana,Glasser,jglasserrb@omniture.com,Female,Zaozerne
04/13/2023,985,Sayre,Burness,sburnessrc@sogou.com,Male,Bigaan
04/13/2023,986,Ly,Breens,lbreensrd@tinyurl.com,Male,Kashihara
04/27/2023,987,Deane,Cannell,dcannellre@comcast.net,Male,Itapé
04/21/2023,988,Kyla,Trendle,ktrendlerf@cloudflare.com,Female,Santa Fe
04/05/2023,989,Antonina,Tetther,atettherrg@last.fm,Female,Beishan
04/27/2023,990,Guinevere,McAlarney,gmcalarneyrh@yahoo.co.jp,Female,Hyesan-dong
04/14/2023,991,Cello,Sapey,csapeyri@mozilla.org,Male,Oni
04/28/2023,992,Raymond,Sawley,rsawleyrj@sitemeter.com,Male,Kresna
04/04/2023,993,Cyrille,Shatford,cshatfordrk@howstuffworks.com,Male,Fengping
04/22/2023,994,Elvina,Docharty,edochartyrl@opera.com,Female,Xiaoyangqi
04/04/2023,995,Adele,Woollard,awoollardrm@mediafire.com,Female,Nyzhni Petrivtsi
04/07/2023,996,Gusta,Daniaud,gdaniaudrn@goo.ne.jp,Female,Tangwu
04/01/2023,997,Ramona,Kieff,rkieffro@google.com.au,Female,Gostagayevskaya
04/14/2023,998,Lazaro,McAsgill,lmcasgillrp@biblegateway.com,Male,Kananya
04/29/2023,999,Yancy,O'Beirne,yobeirnerq@samsung.com,Male,Kukichūō
04/24/2023,1000,Colette,Edwicke,cedwickerr@tinyurl.com,Female,Shchastya
