created,id,first_name,last_name,email,gender,city
01/16/2023,1,Antonio,Lintot,alintot0@yahoo.com,Male,Dauriya
01/10/2023,2,Gayla,Yousef,gyousef1@fotki.com,Genderfluid,Batang
01/29/2023,3,Jermaine,Gert,jgert2@lycos.com,Female,Sogcho
01/27/2023,4,Eirena,Nunns,enunns3@chronoengine.com,Female,Bernay
01/27/2023,5,Zack,Paddeley,zpaddeley4@netvibes.com,Male,Mhlambanyatsi
01/02/2023,6,Lowell,MacGray,lmacgray5@vinaora.com,Male,Čortanovci
01/10/2023,7,Aurie,Gherardesci,agherardesci6@yellowpages.com,Non-binary,Yangzi
01/16/2023,8,Gillan,Wank,gwank7@dropbox.com,Female,Baracatan
01/15/2023,9,Georges,Tolcharde,gtolcharde8@toplist.cz,Male,Västerhaninge
01/30/2023,10,Amandi,Kintish,akintish9@lulu.com,Female,Teodoro Sampaio
01/06/2023,11,Lowe,Jeggo,ljeggoa@plala.or.jp,Male,Boavista
01/29/2023,12,Maurie,Schimon,mschimonb@theatlantic.com,Non-binary,Ipala
01/16/2023,13,Myrtie,Bescoby,mbescobyc@wix.com,Female,Cigeulis
01/27/2023,14,Eula,Rolph,erolphd@yahoo.com,Female,Arvayheer
01/18/2023,15,Demetri,Francescozzi,dfrancescozzie@reference.com,Male,Stepove
01/11/2023,16,Birk,Masdon,bmasdonf@163.com,Male,Xiayang
01/30/2023,17,Charita,Meale,cmealeg@blog.com,Female,New York City
01/16/2023,18,Pascal,Tyght,ptyghth@imageshack.us,Male,Metsamor
01/03/2023,19,Gillie,Kingman,gkingmani@cbc.ca,Female,Sapataria
01/12/2023,20,Jeremy,Grishin,jgrishinj@ocn.ne.jp,Male,Payaman
01/18/2023,21,Cassaundra,Hutchinges,chutchingesk@hp.com,Female,Orleans
01/25/2023,22,Rosette,Royste,rroystel@cornell.edu,Female,Timiryazevo
01/29/2023,23,Marketa,Brackley,mbrackleym@hostgator.com,Female,Bogovinje
01/16/2023,24,Aldric,Fawloe,afawloen@yahoo.com,Genderqueer,Luzhou
01/03/2023,25,Winonah,Zettoi,wzettoio@epa.gov,Female,Wenceslao Escalante
01/22/2023,26,Rogers,Allenson,rallensonp@nature.com,Male,Casal
01/16/2023,27,Gerri,Marchelli,gmarchelliq@digg.com,Female,Xiangfeng
01/18/2023,28,Morganne,Maxworthy,mmaxworthyr@seesaa.net,Bigender,Mrzeżyno
01/14/2023,29,Joelly,Bourgaize,jbourgaizes@mashable.com,Female,Majur
01/16/2023,30,Susanna,Tournie,stourniet@nationalgeographic.com,Female,Zhelin
01/22/2023,31,Madelle,Imesen,mimesenu@google.it,Female,Goma
01/17/2023,32,Codi,Olivari,colivariv@about.com,Male,Cotabato
01/27/2023,33,Elbertina,Cleugher,ecleugherw@pagesperso-orange.fr,Female,Citarik
01/18/2023,34,Win,Ugo,wugox@columbia.edu,Male,Tampakan
01/10/2023,35,Flin,Alaway,falawayy@technorati.com,Male,Waalwijk
01/29/2023,36,Amalee,Chasteney,achasteneyz@ed.gov,Female,Araçatuba
01/30/2023,37,Sigismund,Cockshot,scockshot10@yellowpages.com,Male,Vigan
01/24/2023,38,Deena,Dowrey,ddowrey11@creativecommons.org,Female,Fier
01/05/2023,39,Clyde,Syres,csyres12@prweb.com,Male,Chemodanovka
01/18/2023,40,Taddeusz,Heibel,theibel13@reference.com,Male,Aginskoye
01/09/2023,41,Vikki,Dominico,vdominico14@deliciousdays.com,Female,Shināş
01/01/2023,42,Shandee,Parradye,sparradye15@4shared.com,Female,Liuzu
01/27/2023,43,Ericha,Cubbini,ecubbini16@accuweather.com,Non-binary,Oss
01/03/2023,44,Bondie,Dalgarnocht,bdalgarnocht17@altervista.org,Male,Maythalūn
01/30/2023,45,Jermaine,Tropman,jtropman18@a8.net,Female,El Bolsón
01/07/2023,46,Aundrea,Milleton,amilleton19@ed.gov,Agender,Preston
01/15/2023,47,Henryetta,Longworth,hlongworth1a@xing.com,Female,Ban Na
01/25/2023,48,Carmita,Nano,cnano1b@guardian.co.uk,Female,Kalawit
01/02/2023,49,Sebastiano,Larmour,slarmour1c@jiathis.com,Male,Lunas
01/18/2023,50,Carrol,Phipard-Shears,cphipardshears1d@blogspot.com,Male,Avallon
01/12/2023,51,Lamont,Crookston,lcrookston1e@dailymotion.com,Male,Macaé
01/01/2023,52,Joeann,Jeans,jjeans1f@cornell.edu,Female,Cilaja
01/20/2023,53,Caryl,Ledur,cledur1g@posterous.com,Male,Bharatpur
01/14/2023,54,Griselda,O'Duggan,goduggan1h@live.com,Female,Bendilwungu Lor
01/03/2023,55,Rikki,Stratiff,rstratiff1i@photobucket.com,Non-binary,Čoka
01/11/2023,56,Eveline,Ponceford,eponceford1j@comcast.net,Female,Daşoguz
01/21/2023,57,Jaquenetta,France,jfrance1k@mediafire.com,Female,Karpushikha
01/11/2023,58,Leodora,Maginot,lmaginot1l@weather.com,Female,Aībak
01/18/2023,59,Kevon,Thame,kthame1m@infoseek.co.jp,Male,Xikou
01/21/2023,60,Timmie,McCurtin,tmccurtin1n@sun.com,Female,Huolongping
01/11/2023,61,Winfred,Wakenshaw,wwakenshaw1o@narod.ru,Male,Tucupido
01/05/2023,62,Editha,Flaws,eflaws1p@adobe.com,Female,Jian’ou
01/28/2023,63,Danica,Burford,dburford1q@ustream.tv,Female,Riangbaring
01/27/2023,64,Cesare,Simak,csimak1r@newyorker.com,Non-binary,Büzmeýin
01/12/2023,65,Tildy,Aldus,taldus1s@cmu.edu,Female,Paarl
01/14/2023,66,Alvina,Werrit,awerrit1t@privacy.gov.au,Female,Romilly-sur-Seine
01/11/2023,67,Michael,Stollsteiner,mstollsteiner1u@uol.com.br,Male,Chishui
01/07/2023,68,Waring,Pickburn,wpickburn1v@dropbox.com,Male,Qīr Moāv
01/22/2023,69,Reginald,Milstead,rmilstead1w@google.ca,Male,Almargem do Bispo
01/17/2023,70,Querida,Bilsland,qbilsland1x@stanford.edu,Female,Trompsburg
01/29/2023,71,Alecia,Paszek,apaszek1y@illinois.edu,Female,Dobryanka
01/09/2023,72,Kaitlynn,Lattimer,klattimer1z@examiner.com,Female,Dadap
01/23/2023,73,Lorenzo,Creegan,lcreegan20@biblegateway.com,Male,Beitan
01/29/2023,74,Tedra,Dener,tdener21@yandex.ru,Female,Emiliano Zapata
01/02/2023,75,Kylen,MacCracken,kmaccracken22@multiply.com,Female,Picton
01/15/2023,76,Gal,Danielian,gdanielian23@umich.edu,Male,Mońki
01/02/2023,77,Patricia,Elam,pelam24@linkedin.com,Female,New Brunswick
01/29/2023,78,Prue,Tsarovic,ptsarovic25@prlog.org,Female,Longyearbyen
01/05/2023,79,Fairleigh,Ruoff,fruoff26@vistaprint.com,Male,Maguyam
01/05/2023,80,Madalyn,Bannard,mbannard27@webnode.com,Female,‘Arab ar Rashāydah
01/02/2023,81,Richie,Staner,rstaner28@businesswire.com,Male,Zhize
01/07/2023,82,Olly,Dufaire,odufaire29@discuz.net,Female,Lluchubamba
01/13/2023,83,Rebecka,Shave,rshave2a@domainmarket.com,Female,Arroyo Salado
01/14/2023,84,Bobby,Steers,bsteers2b@ustream.tv,Male,Matiao
01/27/2023,85,Cathy,Frenchum,cfrenchum2c@vk.com,Female,Nahariya
01/26/2023,86,Ransom,Levi,rlevi2d@hugedomains.com,Male,Pingzhuang
01/08/2023,87,Ondrea,Gunby,ogunby2e@huffingtonpost.com,Female,Raas
01/16/2023,88,Cornelle,Yeomans,cyeomans2f@foxnews.com,Female,Zhouyuan
01/18/2023,89,Adrea,Lucia,alucia2g@house.gov,Polygender,Lumijoki
01/30/2023,90,Griselda,Bains,gbains2h@posterous.com,Female,Arroio do Meio
01/08/2023,91,Klara,Arent,karent2i@1und1.de,Bigender,Ujazd
01/01/2023,92,Town,Pimer,tpimer2j@pbs.org,Male,Opařany
01/18/2023,93,Morse,Ousby,mousby2k@simplemachines.org,Male,Swift Current
01/09/2023,94,Darsie,Cockren,dcockren2l@blog.com,Female,Promyshlennovskiy
01/09/2023,95,Merell,Alp,malp2m@icio.us,Male,Wotsogo
01/17/2023,96,Christal,Barense,cbarense2n@mysql.com,Agender,Kigoma
01/17/2023,97,Elvis,Dixcee,edixcee2o@usgs.gov,Male,Lunéville
01/16/2023,98,Mirella,Tunn,mtunn2p@moonfruit.com,Female,Nkongsamba
01/13/2023,99,Arne,Mitford,amitford2q@si.edu,Male,Shiqiao
01/18/2023,100,Inesita,Van Castele,ivancastele2r@macromedia.com,Female,Kayar
01/20/2023,101,Benedetto,Banane,bbanane2s@marketwatch.com,Male,Ljupina
01/23/2023,102,Davita,Ives,dives2t@soup.io,Female,San Juan
01/05/2023,103,Madel,Aylmer,maylmer2u@discuz.net,Female,Baziqiao
01/04/2023,104,Bryan,McGloin,bmcgloin2v@theguardian.com,Male,Fenais da Luz
01/30/2023,105,Marge,Dawdry,mdawdry2w@mapy.cz,Female,Xinji
01/22/2023,106,Orlan,Drewe,odrewe2x@t-online.de,Male,Shchelkovo
01/08/2023,107,Kerianne,Jewkes,kjewkes2y@vinaora.com,Female,Huangqiao
01/25/2023,108,Sandra,Muckart,smuckart2z@pcworld.com,Female,Ciherang
01/09/2023,109,Laetitia,Tomasutti,ltomasutti30@census.gov,Female,Portarlington
01/24/2023,110,Moshe,Guerreru,mguerreru31@cam.ac.uk,Male,Ḩadādah
01/03/2023,111,Wesley,Paute,wpaute32@webmd.com,Male,Espérance Trébuchet
01/03/2023,112,Kelsi,Donahue,kdonahue33@furl.net,Female,Gondanglegi Wetan
01/10/2023,113,Jerrilyn,Watting,jwatting34@diigo.com,Female,Karangagung Timur
01/19/2023,114,Tedman,Dedman,tdedman35@cbslocal.com,Male,Jardín
01/19/2023,115,Kristina,Brecher,kbrecher36@businessinsider.com,Female,Meïganga
01/02/2023,116,Madelle,McGuigan,mmcguigan37@senate.gov,Female,Pau
01/13/2023,117,Chrystal,Maddy,cmaddy38@vkontakte.ru,Bigender,Ust’-Katav
01/27/2023,118,Gweneth,Mellish,gmellish39@reference.com,Female,Tiznit
01/27/2023,119,Udall,Cropton,ucropton3a@patch.com,Male,Legen
01/26/2023,120,Eolanda,Caine,ecaine3b@nyu.edu,Female,København
01/04/2023,121,Belicia,O'Hickey,bohickey3c@phoca.cz,Female,Bulan
01/30/2023,122,Dorree,Diver,ddiver3d@archive.org,Female,Linhares
01/05/2023,123,Bekki,Hallam,bhallam3e@spotify.com,Female,Sekolan
01/30/2023,124,Sonya,Casarili,scasarili3f@businessinsider.com,Female,Shaxi
01/10/2023,125,Ky,Shoppee,kshoppee3g@google.fr,Male,Castelo
01/21/2023,126,Savina,Quipp,squipp3h@mysql.com,Genderqueer,San Isidro
01/21/2023,127,Tull,Denecamp,tdenecamp3i@behance.net,Male,Koten
01/22/2023,128,Thorndike,Ingarfill,tingarfill3j@fema.gov,Male,Bordeaux
01/18/2023,129,Harrison,Patinkin,hpatinkin3k@rediff.com,Male,Xilong
01/21/2023,130,Ancell,Kimbly,akimbly3l@census.gov,Male,Pankovka
01/26/2023,131,Cordell,Schwant,cschwant3m@behance.net,Male,Ichinomiya
01/07/2023,132,Hebert,Simonelli,hsimonelli3n@free.fr,Bigender,Vidago
01/18/2023,133,Colly,Gwinnell,cgwinnell3o@hao123.com,Female,Mokopane
01/26/2023,134,Gwyn,Gresswell,ggresswell3p@telegraph.co.uk,Female,Huanshan
01/08/2023,135,Horten,Ritchman,hritchman3q@ehow.com,Male,Ohafia-Ifigh
01/18/2023,136,Giff,Beetles,gbeetles3r@unc.edu,Male,Kobylanka
01/03/2023,137,Betteann,Dauber,bdauber3s@wsj.com,Female,Waihibar
01/29/2023,138,Yale,Scarsbrook,yscarsbrook3t@paginegialle.it,Male,Acas
01/07/2023,139,Esma,Tinniswood,etinniswood3u@omniture.com,Female,Ojo de Agua
01/05/2023,140,Stillmann,Orrom,sorrom3v@epa.gov,Male,Kampokpok
01/22/2023,141,Walt,Abbatucci,wabbatucci3w@stumbleupon.com,Male,Viana
01/28/2023,142,Blake,Shubotham,bshubotham3x@latimes.com,Female,Kvänum
01/17/2023,143,Elisabeth,Whitlock,ewhitlock3y@howstuffworks.com,Female,Kuala Terengganu
01/24/2023,144,Krissy,Mattioni,kmattioni3z@chron.com,Female,Oslo
01/05/2023,145,Gayler,Baden,gbaden40@stanford.edu,Male,Kotabaru
01/08/2023,146,Shandie,Stockhill,sstockhill41@yandex.ru,Female,Shuinanxu
01/07/2023,147,Silvie,Nanson,snanson42@tripod.com,Female,Lusaka
01/22/2023,148,Omar,Tolussi,otolussi43@illinois.edu,Male,Sambuluan
01/24/2023,149,Ramsay,Berzin,rberzin44@vk.com,Male,Shawnee Mission
01/07/2023,150,Padraic,MacAlroy,pmacalroy45@apple.com,Male,Studená
01/04/2023,151,Thea,Thirsk,tthirsk46@phpbb.com,Bigender,Jiaxian Chengguanzhen
01/01/2023,152,Whitby,Letteresse,wletteresse47@ycombinator.com,Male,Puyan
01/16/2023,153,Meridel,Elloway,melloway48@bbc.co.uk,Female,Jiang’an
01/23/2023,154,Sheilakathryn,Matthius,smatthius49@woothemes.com,Female,Mungging
01/29/2023,155,Alexandre,Baughn,abaughn4a@netscape.com,Male,Diên Khánh
01/08/2023,156,Son,Franzke,sfranzke4b@buzzfeed.com,Male,Udobnaya
01/10/2023,157,Hetti,McCafferty,hmccafferty4c@discovery.com,Polygender,Ampatuan
01/14/2023,158,Mord,O'Driscole,modriscole4d@msu.edu,Male,Sukawening
01/12/2023,159,Jareb,McKennan,jmckennan4e@shop-pro.jp,Bigender,Santa Catarina
01/03/2023,160,Fons,Guitel,fguitel4f@livejournal.com,Male,Tatarka
01/14/2023,161,Urbanus,McEvon,umcevon4g@examiner.com,Male,La Serena
01/20/2023,162,Lianna,Crother,lcrother4h@miitbeian.gov.cn,Female,Xinheng
01/06/2023,163,Emmery,Calbaithe,ecalbaithe4i@google.es,Male,Buenaventura
01/01/2023,164,Reggie,Brymner,rbrymner4j@trellian.com,Male,Kasugai
01/02/2023,165,Christian,Halfhide,chalfhide4k@nsw.gov.au,Agender,Antes
01/12/2023,166,Bernete,Tills,btills4l@hao123.com,Female,Kapenguria
01/29/2023,167,Andrej,McLugish,amclugish4m@about.me,Male,Spring
01/14/2023,168,Kenna,Brightey,kbrightey4n@springer.com,Female,Pak Phayun
01/07/2023,169,Selig,Maceur,smaceur4o@nih.gov,Agender,Yëlkino
01/23/2023,170,Neille,Merton,nmerton4p@addtoany.com,Female,Bordeaux
01/20/2023,171,Molli,Drance,mdrance4q@drupal.org,Female,Bārah
01/25/2023,172,Say,Gajownik,sgajownik4r@dailymotion.com,Male,Santo Tomas
01/20/2023,173,Ingrim,Mayer,imayer4s@live.com,Male,Alingsås
01/10/2023,174,Wain,Rosson,wrosson4t@ycombinator.com,Male,Hukou
01/29/2023,175,Christel,Lackey,clackey4u@soup.io,Female,Addis Ababa
01/15/2023,176,Griswold,MacIan,gmacian4v@ebay.co.uk,Male,Juiz de Fora
01/02/2023,177,Garrek,Bicknell,gbicknell4w@mtv.com,Male,Yingtou
01/11/2023,178,Sandor,Gillimgham,sgillimgham4x@buzzfeed.com,Bigender,Mae Ramat
01/04/2023,179,Mike,Manifould,mmanifould4y@wisc.edu,Male,Eskilstuna
01/20/2023,180,Larissa,Coyte,lcoyte4z@dailymail.co.uk,Female,Mikhaylovsk
01/22/2023,181,Marlowe,Alaway,malaway50@ask.com,Male,Bambali
01/22/2023,182,Kipper,Lampen,klampen51@chron.com,Male,Castro Daire
01/24/2023,183,Milly,Postin,mpostin52@bloglovin.com,Female,Gŭlŭbovo
01/16/2023,184,Stewart,Wrixon,swrixon53@earthlink.net,Male,Aragarças
01/10/2023,185,Rollin,Cloutt,rcloutt54@ustream.tv,Male,Ar Riqqah
01/10/2023,186,Cordy,Harcase,charcase55@amazon.co.uk,Male,La Asunción
01/14/2023,187,Gabriella,Matteris,gmatteris56@theguardian.com,Female,Trảng Bàng
01/11/2023,188,Nahum,Diloway,ndiloway57@xing.com,Male,Sukamulya
01/23/2023,189,Carlynn,MacEllen,cmacellen58@booking.com,Female,Vailoa
01/02/2023,190,Carmen,Shillabear,cshillabear59@mlb.com,Female,Lapa
01/07/2023,191,Mersey,Flannery,mflannery5a@google.pl,Female,Birmingham
01/14/2023,192,Shandee,Ciccottio,sciccottio5b@shop-pro.jp,Female,Cornwall
01/14/2023,193,Delmor,Yusupov,dyusupov5c@prweb.com,Polygender,Piątnica
01/21/2023,194,Kinna,Bridgen,kbridgen5d@blogger.com,Female,Wangping
01/17/2023,195,Ingrid,Pragnell,ipragnell5e@technorati.com,Female,San Vicente
01/21/2023,196,Alleen,Tibb,atibb5f@instagram.com,Female,San Vicente
01/06/2023,197,Kathrine,Tohill,ktohill5g@cbsnews.com,Female,Ratoath
01/14/2023,198,Clyve,Cheeke,ccheeke5h@1und1.de,Male,Banyutengah
01/01/2023,199,Garrot,Escudier,gescudier5i@hhs.gov,Genderqueer,Albi
01/09/2023,200,Weber,Creffeild,wcreffeild5j@princeton.edu,Male,Khokhryaki
01/18/2023,201,Carolin,Benitti,cbenitti5k@desdev.cn,Female,Akoupé
01/12/2023,202,Marcelle,Veart,mveart5l@pcworld.com,Female,Istaravshan
01/21/2023,203,Jordana,Pheby,jpheby5m@smugmug.com,Female,Aoufous
01/13/2023,204,Kay,Worsall,kworsall5n@odnoklassniki.ru,Female,Citangtu Kaler
01/11/2023,205,Tony,Wagen,twagen5o@edublogs.org,Male,La Ravoire
01/25/2023,206,Virgina,Krause,vkrause5p@list-manage.com,Female,Kunčina
01/28/2023,207,Kellyann,Grinnov,kgrinnov5q@newsvine.com,Female,Juan L. Lacaze
01/13/2023,208,Budd,Foan,bfoan5r@ucla.edu,Male,New Leyte
01/16/2023,209,Astra,Duckett,aduckett5s@hud.gov,Female,Tokyo
01/18/2023,210,Elden,Wilkennson,ewilkennson5t@smugmug.com,Male,San Juan
01/07/2023,211,Morgana,Jecock,mjecock5u@drupal.org,Female,Tuopu Luke
01/14/2023,212,Chanda,Rivard,crivard5v@slideshare.net,Female,Potrerillos
01/02/2023,213,Jesselyn,Risborough,jrisborough5w@taobao.com,Female,Pingyi
01/07/2023,214,Karalee,Jacquemet,kjacquemet5x@ucla.edu,Female,Sudikampir
01/27/2023,215,Granger,Varvara,gvarvara5y@webs.com,Male,Lào Cai
01/04/2023,216,Goober,Mabbe,gmabbe5z@independent.co.uk,Male,Sedati
01/03/2023,217,Saw,Pikett,spikett60@pbs.org,Male,Kauditan
01/28/2023,218,Cathyleen,Hebburn,chebburn61@wsj.com,Female,Magersari
01/27/2023,219,Gilbertina,Murrey,gmurrey62@shutterfly.com,Female,Verkhovyna
01/11/2023,220,Mikael,Scadding,mscadding63@wix.com,Male,Tanahwangko
01/04/2023,221,Conn,Standring,cstandring64@techcrunch.com,Male,Chabany
01/23/2023,222,Carce,Loach,cloach65@infoseek.co.jp,Male,Ratoath
01/23/2023,223,Antons,Finan,afinan66@usda.gov,Male,Mossoró
01/02/2023,224,Jeremy,Birch,jbirch67@webeden.co.uk,Male,Anton
01/02/2023,225,Eugenio,Bushe,ebushe68@github.io,Agender,Gaplek
01/28/2023,226,Amelita,Passie,apassie69@wikimedia.org,Female,Pelileo
01/10/2023,227,Shannon,Breitler,sbreitler6a@usnews.com,Male,Kitango
01/30/2023,228,Tiertza,Luna,tluna6b@nature.com,Female,Jinchang
01/26/2023,229,Tobye,Kagan,tkagan6c@cornell.edu,Female,Sidenreng
01/30/2023,230,Brigit,McFadden,bmcfadden6d@diigo.com,Female,Bergen
01/26/2023,231,Cara,Fabbro,cfabbro6e@behance.net,Female,Labruge
01/15/2023,232,Phip,Shackesby,pshackesby6f@delicious.com,Non-binary,Rocky Mountain House
01/02/2023,233,Rodolfo,Drains,rdrains6g@techcrunch.com,Male,Horta
01/13/2023,234,Wendye,Provis,wprovis6h@prweb.com,Female,Gorichevo
01/02/2023,235,Hillary,Mordon,hmordon6i@sciencedaily.com,Female,Samborondón
01/02/2023,236,Yuri,Rogan,yrogan6j@tumblr.com,Male,Épernay
01/19/2023,237,Pierrette,Roscher,proscher6k@ifeng.com,Female,Xike
01/04/2023,238,Cam,Glanville,cglanville6l@columbia.edu,Genderfluid,Niedrzwica Duża
01/02/2023,239,Hersh,Lindenstrauss,hlindenstrauss6m@instagram.com,Male,Queimados
01/28/2023,240,Gaylor,Minerdo,gminerdo6n@blog.com,Male,Ujar
01/02/2023,241,Charlot,Wheatland,cwheatland6o@berkeley.edu,Female,Angers
01/17/2023,242,Alane,Langan,alangan6p@msn.com,Female,Dalakovo
01/03/2023,243,Clayson,Gabel,cgabel6q@hao123.com,Male,Tielou
01/13/2023,244,Debby,Graffin,dgraffin6r@youku.com,Genderfluid,Hanjiashu
01/06/2023,245,Erskine,Persence,epersence6s@1688.com,Genderfluid,Candon
01/01/2023,246,Danell,Dedham,ddedham6t@upenn.edu,Female,Guadalupe Victoria
01/08/2023,247,Joana,Sesons,jsesons6u@baidu.com,Female,Thionville
01/09/2023,248,Constancy,Gammack,cgammack6v@paypal.com,Genderfluid,Martakert
01/03/2023,249,Toby,Daft,tdaft6w@cpanel.net,Male,Rinang
01/13/2023,250,Ezequiel,Cornfoot,ecornfoot6x@sfgate.com,Male,Novozavidovskiy
01/19/2023,251,Mia,Kernes,mkernes6y@gnu.org,Female,Posse
01/29/2023,252,Horace,Burland,hburland6z@about.me,Male,Longbei
01/23/2023,253,Hi,Basham,hbasham70@t-online.de,Male,Charras
01/04/2023,254,Maia,Fairpool,mfairpool71@stumbleupon.com,Female,Tamnag
01/23/2023,255,Inesita,Bunting,ibunting72@home.pl,Female,Miastków Kościelny
01/29/2023,256,Brooks,Helian,bhelian73@github.io,Female,Kradinan
01/13/2023,257,Zackariah,Mirfield,zmirfield74@acquirethisname.com,Male,Voskhod
01/23/2023,258,Ulberto,Toun,utoun75@live.com,Male,Curug
01/14/2023,259,Betti,Curuclis,bcuruclis76@g.co,Female,Łobodno
01/28/2023,260,Brennan,Hugonin,bhugonin77@wordpress.com,Male,Além do Rio
01/12/2023,261,Connor,Gecks,cgecks78@opera.com,Agender,Semiluki
01/02/2023,262,Deck,Tudgay,dtudgay79@mayoclinic.com,Male,El Paisnal
01/24/2023,263,Stan,Hukins,shukins7a@domainmarket.com,Agender,L’govskiy
01/17/2023,264,Gar,Sergison,gsergison7b@paypal.com,Male,Gjegjan
01/23/2023,265,Gae,Deakes,gdeakes7c@merriam-webster.com,Female,Watodei
01/18/2023,266,Bayard,Scarrisbrick,bscarrisbrick7d@vk.com,Male,Orizari
01/06/2023,267,Johnathon,Adam,jadam7e@un.org,Male,Varnsdorf
01/30/2023,268,Irwin,Warlowe,iwarlowe7f@ucoz.com,Non-binary,Kašperské Hory
01/18/2023,269,Caleb,Bowen,cbowen7g@dion.ne.jp,Male,Gafanha da Encarnação
01/15/2023,270,Dara,Cronin,dcronin7h@naver.com,Female,Limeil-Brévannes
01/17/2023,271,Shaylynn,Landreth,slandreth7i@amazonaws.com,Female,Valinhos
01/06/2023,272,Alikee,Poxon,apoxon7j@wsj.com,Female,Markaz-e Woluswalī-ye Āchīn
01/09/2023,273,Tuck,Beams,tbeams7k@linkedin.com,Male,Cubará
01/19/2023,274,Marcia,Arnley,marnley7l@free.fr,Female,Toguchin
01/01/2023,275,Morris,Blacktin,mblacktin7m@cdbaby.com,Male,Leiyang
01/16/2023,276,Berkley,Bratley,bbratley7n@ebay.co.uk,Male,Gainesville
01/03/2023,277,Gwennie,Doman,gdoman7o@wunderground.com,Female,Ituzaingó
01/23/2023,278,Niles,Clitheroe,nclitheroe7p@etsy.com,Male,Bailu
01/20/2023,279,Staford,Stoppard,sstoppard7q@linkedin.com,Male,Xijiao
01/07/2023,280,Merell,Sifflett,msifflett7r@imgur.com,Male,Chezhan
01/07/2023,281,Anatollo,Geffcock,ageffcock7s@merriam-webster.com,Male,Upton
01/02/2023,282,Barbey,Pellington,bpellington7t@wunderground.com,Female,Pāshmūl
01/02/2023,283,Ruddie,Clues,rclues7u@skyrock.com,Male,Kiten
01/21/2023,284,Warden,Micallef,wmicallef7v@youtube.com,Male,Pantalowice
01/23/2023,285,Yasmin,Tudor,ytudor7w@amazonaws.com,Female,Prestea
01/14/2023,286,Emelen,Metzel,emetzel7x@plala.or.jp,Male,Krajandadapmulyo
01/11/2023,287,Brenna,Raymont,braymont7y@thetimes.co.uk,Female,Ivry-sur-Seine
01/02/2023,288,Sky,Roze,sroze7z@umn.edu,Male,Espanola
01/05/2023,289,Darby,Laurencot,dlaurencot80@cam.ac.uk,Male,Abbeville
01/24/2023,290,Sullivan,Daw,sdaw81@comsenz.com,Male,Kuala Lumpur
01/24/2023,291,Nelson,Geipel,ngeipel82@cloudflare.com,Male,Huaikan
01/25/2023,292,Debby,Waldock,dwaldock83@tripod.com,Female,Banjaranyar
01/14/2023,293,Wandis,Mc-Kerley,wmckerley84@microsoft.com,Female,Sicheng
01/21/2023,294,Findlay,Paling,fpaling85@google.com.br,Male,Shi’ao
01/16/2023,295,Ora,Hellwing,ohellwing86@google.it,Female,Jelat
01/08/2023,296,Inigo,Abbiss,iabbiss87@istockphoto.com,Male,Sausa
01/06/2023,297,Codi,Veeler,cveeler88@g.co,Female,Lianpeng
01/12/2023,298,Fedora,Dossit,fdossit89@icio.us,Female,Solntsevo
01/26/2023,299,Carlie,Medina,cmedina8a@artisteer.com,Female,Mílos
01/14/2023,300,Elena,Auden,eauden8b@comcast.net,Female,Pudasjärvi
01/26/2023,301,Sumner,Tedstone,stedstone8c@mashable.com,Male,Duisburg
01/18/2023,302,Geraldine,Dumphy,gdumphy8d@ox.ac.uk,Female,Jianshe
01/13/2023,303,Dalt,Ollerhead,dollerhead8e@jimdo.com,Male,Inda Silasē
01/04/2023,304,Rad,Hollyman,rhollyman8f@npr.org,Male,Guyang
01/29/2023,305,Rickard,Tree,rtree8g@chron.com,Male,Karanganyar
01/05/2023,306,Nerita,Tebboth,ntebboth8h@lulu.com,Non-binary,Pimentel
01/16/2023,307,Pavia,Sambeck,psambeck8i@google.com.br,Agender,Medalem
01/12/2023,308,Jada,Gerrad,jgerrad8j@twitpic.com,Female,Villa Santa Rosa
01/12/2023,309,Fionna,Tenaunt,ftenaunt8k@intel.com,Female,Tintina
01/19/2023,310,Andres,Martel,amartel8l@oaic.gov.au,Male,Clodomira
01/22/2023,311,Doti,Maunder,dmaunder8m@hc360.com,Female,Älvsbyn
01/24/2023,312,Riccardo,Sarath,rsarath8n@cloudflare.com,Male,Xinba
01/25/2023,313,Quinta,Stuer,qstuer8o@google.it,Female,Camiling
01/08/2023,314,Georgeta,Marking,gmarking8p@cornell.edu,Female,Dubovka
01/05/2023,315,Cole,Christofor,cchristofor8q@shutterfly.com,Male,Saint-Péray
01/30/2023,316,Donal,Fleury,dfleury8r@state.tx.us,Male,Dukuhsia
01/18/2023,317,Filmer,Gallahar,fgallahar8s@cdbaby.com,Male,Paraguarí
01/24/2023,318,Ariela,Beagrie,abeagrie8t@theatlantic.com,Female,Dzerzhinsk
01/25/2023,319,Marketa,Shaylor,mshaylor8u@slate.com,Agender,Shimen
01/09/2023,320,Nickey,Roycroft,nroycroft8v@unc.edu,Male,Perepravnaya
01/27/2023,321,Gustave,Dondon,gdondon8w@discovery.com,Male,Lenešice
01/29/2023,322,Leona,McGiffie,lmcgiffie8x@1688.com,Female,Quisao
01/24/2023,323,Nessie,Wadesworth,nwadesworth8y@1688.com,Female,Afikpo
01/13/2023,324,Tedmund,Walisiak,twalisiak8z@yellowpages.com,Polygender,Yeri
01/01/2023,325,Toddy,Crawshaw,tcrawshaw90@hp.com,Male,Burbank
01/18/2023,326,Freemon,Lowen,flowen91@printfriendly.com,Male,Dasol
01/18/2023,327,Marion,Cave,mcave92@ucoz.ru,Female,Leramatang
01/09/2023,328,Kali,Nordass,knordass93@mail.ru,Female,Osieck
01/20/2023,329,Johann,Blethin,jblethin94@google.ca,Male,Liliba
01/18/2023,330,Perceval,Rangeley,prangeley95@ft.com,Male,Yushanpu
01/22/2023,331,Betteann,Healings,bhealings96@dion.ne.jp,Female,Panyindangan
01/22/2023,332,Dyanna,Paull,dpaull97@shareasale.com,Female,Yangping
01/07/2023,333,Rosalynd,Acedo,racedo98@irs.gov,Female,Al Jamālīyah
01/27/2023,334,Tristam,Warbys,twarbys99@google.com,Male,Vashkivtsi
01/03/2023,335,Nikita,Compfort,ncompfort9a@dropbox.com,Male,Gibgos
01/05/2023,336,Erie,Oxborrow,eoxborrow9b@sciencedirect.com,Male,Huacrachuco
01/20/2023,337,Mommy,Haggett,mhaggett9c@ezinearticles.com,Female,Zambujeira
01/04/2023,338,Brade,MacAlees,bmacalees9d@epa.gov,Male,Ấp Tân Ngãi
01/05/2023,339,Panchito,Harbach,pharbach9e@forbes.com,Male,Stenungsund
01/30/2023,340,Mickey,Bamblett,mbamblett9f@wisc.edu,Male,Piranshahr
01/24/2023,341,Tony,Toynbee,ttoynbee9g@army.mil,Male,Sātkhira
01/27/2023,342,Arman,Overlow,aoverlow9h@gizmodo.com,Male,La Coipa
01/01/2023,343,Udale,Hatfield,uhatfield9i@reference.com,Male,Huancheng
01/20/2023,344,Paten,Heigl,pheigl9j@samsung.com,Male,Kedungdoro
01/18/2023,345,Tracey,Gascard,tgascard9k@weather.com,Male,Menampukrajan
01/01/2023,346,Dickie,McNeish,dmcneish9l@tinypic.com,Male,Isiro
01/30/2023,347,Diarmid,Fursland,dfursland9m@etsy.com,Male,Khulo
01/17/2023,348,Yolanthe,Gettone,ygettone9n@alibaba.com,Female,Quận Tân Phú
01/20/2023,349,Dagmar,Lyttle,dlyttle9o@wired.com,Female,Yartsevo
01/24/2023,350,Naomi,Hartegan,nhartegan9p@disqus.com,Female,Ciudad Bolívar
01/16/2023,351,Amory,Meldon,ameldon9q@upenn.edu,Male,Pokrov
01/17/2023,352,Roldan,Edwicker,redwicker9r@ycombinator.com,Male,Boleiros
01/09/2023,353,Elsbeth,Beller,ebeller9s@answers.com,Female,Grebnevo
01/13/2023,354,Whitney,Dumbellow,wdumbellow9t@etsy.com,Male,Smārde
01/11/2023,355,Malynda,Humbee,mhumbee9u@g.co,Non-binary,Cortes
01/27/2023,356,Flint,Skillanders,fskillanders9v@springer.com,Male,Zaozerne
01/25/2023,357,Izaak,Nevett,inevett9w@1688.com,Male,Paterson
01/13/2023,358,Morse,Chaffen,mchaffen9x@blogger.com,Male,Saparbay
01/10/2023,359,Rollie,Letten,rletten9y@jimdo.com,Male,Boston
01/17/2023,360,Katherine,Whiffen,kwhiffen9z@ft.com,Polygender,Pigcawayan
01/19/2023,361,Gard,Sedman,gsedmana0@sciencedaily.com,Polygender,Vendas de Galizes
01/28/2023,362,Ladonna,Bernli,lbernlia1@deviantart.com,Female,San-Pédro
01/16/2023,363,Micki,Elger,melgera2@sun.com,Female,Suocheng
01/25/2023,364,Gertrudis,MacGaughie,gmacgaughiea3@stanford.edu,Female,Seleuš
01/22/2023,365,Pernell,Huett,phuetta4@admin.ch,Male,Yashao
01/16/2023,366,Ric,de Tocqueville,rdetocquevillea5@sphinn.com,Male,Zhujiachang
01/27/2023,367,Reade,Klees,rkleesa6@stanford.edu,Male,Bang Krathum
01/16/2023,368,Isabeau,Mercik,imercika7@wikispaces.com,Female,João Monlevade
01/09/2023,369,Doug,Summerson,dsummersona8@phpbb.com,Male,Nancy
01/23/2023,370,Aggie,Faucherand,afaucheranda9@1688.com,Female,Huancaray
01/12/2023,371,Katherina,Mennithorp,kmennithorpaa@wp.com,Female,Liangwa
01/17/2023,372,Clay,Konertz,ckonertzab@tinypic.com,Male,Xhafzotaj
01/28/2023,373,Berne,Jest,bjestac@tamu.edu,Agender,Goyty
01/24/2023,374,Eleanor,Castello,ecastelload@1und1.de,Female,Đông Thành
01/27/2023,375,Vernor,Rimer,vrimerae@facebook.com,Male,Dostoyevka
01/30/2023,376,Derby,Bowsher,dbowsheraf@hp.com,Non-binary,Bondoukou
01/11/2023,377,Joceline,Eddington,jeddingtonag@google.com.hk,Female,Pytalovo
01/30/2023,378,Ardelia,Dongate,adongateah@state.tx.us,Female,Nogent-sur-Marne
01/23/2023,379,Bendicty,Worters,bwortersai@bbc.co.uk,Male,Dal’nerechensk
01/18/2023,380,Sandye,Freebury,sfreeburyaj@seattletimes.com,Female,Bajingzi
01/09/2023,381,Maxie,Yggo,myggoak@opera.com,Female,Wanfang
01/04/2023,382,Emlyn,Andrejs,eandrejsal@rakuten.co.jp,Male,Binubusan
01/11/2023,383,Zeb,Danielsson,zdanielssonam@globo.com,Male,Limbi
01/09/2023,384,Zonnya,Awcock,zawcockan@netscape.com,Bigender,Nailong
01/09/2023,385,Bryna,McGreary,bmcgrearyao@prlog.org,Female,Hobscheid
01/11/2023,386,Ag,Dunthorn,adunthornap@kickstarter.com,Female,Poljčane
01/04/2023,387,Max,Wilcher,mwilcheraq@amazonaws.com,Male,Khlong Hat
01/16/2023,388,Bennie,Bysh,bbyshar@un.org,Female,Cikadu
01/03/2023,389,Sauveur,Lemary,slemaryas@nbcnews.com,Male,Tyresö
01/10/2023,390,Erhart,Laming,elamingat@washington.edu,Male,Český Těšín
01/07/2023,391,Isadore,Motion,imotionau@multiply.com,Non-binary,Rouen
01/02/2023,392,Wainwright,Rollings,wrollingsav@auda.org.au,Male,Bestala
01/17/2023,393,Sherye,Core,scoreaw@opera.com,Female,Wangcheng
01/07/2023,394,Edee,Ludvigsen,eludvigsenax@princeton.edu,Polygender,Longshan
01/23/2023,395,Burton,Craze,bcrazeay@merriam-webster.com,Male,Harembo
01/25/2023,396,Wilhelmina,Troth,wtrothaz@joomla.org,Female,Granard
01/03/2023,397,Tamarra,Ridgewell,tridgewellb0@google.it,Female,Newark
01/04/2023,398,Brandi,Melloi,bmelloib1@cafepress.com,Female,Pasirjaya
01/29/2023,399,Val,Moors,vmoorsb2@posterous.com,Male,Punākha
01/03/2023,400,Merrile,Teas,mteasb3@hexun.com,Non-binary,Gaoqiao
01/25/2023,401,Manuel,Kinastan,mkinastanb4@163.com,Male,Radzyń Chełmiński
01/29/2023,402,Corissa,Ezzy,cezzyb5@alibaba.com,Female,Kesheng
01/28/2023,403,Carson,Teers,cteersb6@disqus.com,Male,Wolometang
01/29/2023,404,Gunther,Domel,gdomelb7@github.com,Male,Itapira
01/30/2023,405,Rutger,Lyven,rlyvenb8@thetimes.co.uk,Male,Wuma
01/02/2023,406,Ody,Janway,ojanwayb9@home.pl,Male,Alikalia
01/02/2023,407,Gwyn,Farreil,gfarreilba@mtv.com,Female,Tiechanggou
01/09/2023,408,Cortie,Goulston,cgoulstonbb@topsy.com,Male,Yilan
01/27/2023,409,Frederique,Coleborn,fcolebornbc@webmd.com,Female,Prata
01/04/2023,410,Marie,Label,mlabelbd@comsenz.com,Female,Stavanger
01/19/2023,411,Karen,Kenelin,kkenelinbe@geocities.jp,Female,Mānānwāla
01/25/2023,412,Nadine,Manske,nmanskebf@wordpress.com,Female,Njeru
01/03/2023,413,Fletch,Orton,fortonbg@eventbrite.com,Male,Verkhnyachka
01/08/2023,414,Waldo,Edser,wedserbh@skype.com,Male,Genova
01/17/2023,415,Luther,Caston,lcastonbi@ycombinator.com,Male,Namikupa
01/06/2023,416,Jenny,Szubert,jszubertbj@g.co,Female,Młynary
01/07/2023,417,Leda,Tilston,ltilstonbk@answers.com,Female,Huangchuan
01/09/2023,418,Cahra,Mountney,cmountneybl@ucoz.com,Female,Quintela
01/05/2023,419,Nicolas,Labuschagne,nlabuschagnebm@elegantthemes.com,Male,Santo Antônio da Platina
01/22/2023,420,Robinette,Lebarree,rlebarreebn@go.com,Female,Pandansari
01/30/2023,421,Brok,MacLure,bmaclurebo@msn.com,Male,Na Wa
01/07/2023,422,Hilary,Roxbrough,hroxbroughbp@google.cn,Female,Châteaudun
01/21/2023,423,Ruth,Payle,rpaylebq@earthlink.net,Female,Tianjin
01/29/2023,424,Beret,Blueman,bbluemanbr@newsvine.com,Female,Ţalkhā
01/27/2023,425,Rabi,Rymmer,rrymmerbs@google.ru,Male,General Emilio Aguinaldo
01/11/2023,426,Noah,Payfoot,npayfootbt@hibu.com,Male,Taimaman
01/20/2023,427,Alice,Pearsey,apearseybu@liveinternet.ru,Female,Yuktae-dong
01/09/2023,428,Delmar,Saltmarsh,dsaltmarshbv@upenn.edu,Male,Gérakas
01/06/2023,429,Madelena,Seaton,mseatonbw@yolasite.com,Female,Tužno
01/25/2023,430,Mal,Manners,mmannersbx@ow.ly,Male,Mahébourg
01/06/2023,431,Malina,Chasteau,mchasteauby@abc.net.au,Female,Feicheng
01/03/2023,432,Grantley,Haistwell,ghaistwellbz@printfriendly.com,Male,Besançon
01/17/2023,433,Marna,Scrane,mscranec0@indiatimes.com,Female,Vilémov
01/29/2023,434,Bibby,Jacquet,bjacquetc1@cam.ac.uk,Female,Maubasa
01/05/2023,435,Sula,Kubas,skubasc2@altervista.org,Female,Chignayhua
01/27/2023,436,William,Tomisch,wtomischc3@blogs.com,Male,Las Breñas
01/06/2023,437,Tabatha,Bredee,tbredeec4@geocities.com,Female,Mtsensk
01/10/2023,438,Ugo,Slewcock,uslewcockc5@opensource.org,Male,Mounlapamôk
01/11/2023,439,Willa,Caldero,wcalderoc6@de.vu,Female,Buurhakaba
01/02/2023,440,Rosalinda,Bahde,rbahdec7@nsw.gov.au,Female,Zhujiaqiao
01/26/2023,441,Barth,Braun,bbraunc8@desdev.cn,Male,Picungbera
01/07/2023,442,Adiana,Regardsoe,aregardsoec9@reverbnation.com,Agender,Ermida
01/22/2023,443,Mariette,Manwaring,mmanwaringca@themeforest.net,Female,Sopla
01/02/2023,444,Daryn,Maskrey,dmaskreycb@elegantthemes.com,Female,Petrijevci
01/09/2023,445,Cindra,MacTrustrie,cmactrustriecc@yale.edu,Female,Cambrai
01/15/2023,446,Parsifal,Abrahmer,pabrahmercd@eventbrite.com,Male,Uji
01/07/2023,447,Carlina,Thorndycraft,cthorndycraftce@yandex.ru,Female,Miyang
01/11/2023,448,Elayne,Lansdale,elansdalecf@google.com.hk,Female,Panikihan
01/13/2023,449,Shellysheldon,Gantley,sgantleycg@exblog.jp,Male,Zhuhe
01/28/2023,450,Briny,Rummins,brumminsch@twitter.com,Female,Mamuša
01/19/2023,451,Roley,Cunde,rcundeci@qq.com,Male,Quiriquire
01/12/2023,452,Annette,Shayler,ashaylercj@photobucket.com,Female,Căuşeni
01/23/2023,453,Natalya,Haxley,nhaxleyck@yahoo.co.jp,Female,Fenghuang
01/04/2023,454,Nettle,Schermick,nschermickcl@soundcloud.com,Female,Lyski
01/13/2023,455,Rasia,Drewett,rdrewettcm@google.co.uk,Female,Quaraí
01/07/2023,456,Lenora,Glazer,lglazercn@google.de,Female,Lipin Bor
01/02/2023,457,Conrad,Scaysbrook,cscaysbrookco@list-manage.com,Male,Nizhnedevitsk
01/14/2023,458,Pamelina,Feye,pfeyecp@vkontakte.ru,Female,Araulí
01/02/2023,459,Terrie,Cosgrive,tcosgrivecq@msu.edu,Female,Dongbei
01/15/2023,460,Isiahi,Corderoy,icorderoycr@home.pl,Male,Sanxi
01/05/2023,461,Fanny,Petheridge,fpetheridgecs@smh.com.au,Female,Dobrošte
01/16/2023,462,Annmaria,Flude,afludect@cornell.edu,Female,Mafeng
01/26/2023,463,Malachi,Szepe,mszepecu@barnesandnoble.com,Male,Aripuanã
01/30/2023,464,Ryley,Torresi,rtorresicv@npr.org,Male,Voskresensk
01/07/2023,465,Eugine,Grafton,egraftoncw@t-online.de,Female,Kutum
01/13/2023,466,Harvey,Roome,hroomecx@redcross.org,Male,San Agustín
01/27/2023,467,Isaac,Jephson,ijephsoncy@yahoo.co.jp,Polygender,Omuthiya
01/04/2023,468,Lorine,Moppett,lmoppettcz@harvard.edu,Female,Niort
01/02/2023,469,Valentine,Dewi,vdewid0@imdb.com,Male,Uchkulan
01/15/2023,470,Josey,Wreford,jwrefordd1@stanford.edu,Female,Višňové
01/30/2023,471,Raimundo,MacPeice,rmacpeiced2@example.com,Male,Pau
01/16/2023,472,Crista,Bream,cbreamd3@tinyurl.com,Female,Mabay
01/03/2023,473,Ted,Bartolomivis,tbartolomivisd4@cargocollective.com,Female,Leigongmiao
01/26/2023,474,Devon,Kruschov,dkruschovd5@cisco.com,Female,Kulotino
01/19/2023,475,Enrica,Stolle,estolled6@usa.gov,Female,Turenki
01/11/2023,476,Buckie,Scirman,bscirmand7@apache.org,Male,Dong’an
01/11/2023,477,Chic,Wasmer,cwasmerd8@ifeng.com,Male,Jinli
01/03/2023,478,Yurik,Lantuffe,ylantuffed9@quantcast.com,Male,Zhangjiawo
01/07/2023,479,Don,Mayze,dmayzeda@eepurl.com,Male,Pucyura
01/19/2023,480,Vinita,Mallam,vmallamdb@goo.gl,Female,Dukuh
01/07/2023,481,Franz,Hegg,fheggdc@cnet.com,Male,Cabalaoangan
01/05/2023,482,Rozele,Fairfoull,rfairfoulldd@1und1.de,Female,Ganpu
01/29/2023,483,Melamie,Matussow,mmatussowde@google.es,Female,Imsida
01/09/2023,484,Binnie,McTerrelly,bmcterrellydf@apple.com,Agender,Kasaoka
01/14/2023,485,Terrie,Meth,tmethdg@vkontakte.ru,Female,Ciodeng
01/28/2023,486,Link,Atto,lattodh@ebay.co.uk,Male,Nerópolis
01/04/2023,487,Seumas,MacNeilly,smacneillydi@fastcompany.com,Male,Qinggang
01/25/2023,488,Haroun,Ditts,hdittsdj@vinaora.com,Male,Rio Meão
01/13/2023,489,Leroi,Douglass,ldouglassdk@mysql.com,Male,Nirji
01/10/2023,490,Janey,Debney,jdebneydl@paginegialle.it,Female,Glubokiy
01/30/2023,491,Neala,Wellstead,nwellsteaddm@microsoft.com,Female,Korets’
01/20/2023,492,Mallissa,Bourgour,mbourgourdn@nbcnews.com,Female,Dongshangen
01/11/2023,493,Dominica,Jordon,djordondo@livejournal.com,Bigender,Donduşeni
01/19/2023,494,Baxy,Impett,bimpettdp@ovh.net,Male,Capim Grosso
01/08/2023,495,Faunie,Smees,fsmeesdq@sohu.com,Female,Pueblo Nuevo
01/23/2023,496,Ailey,Rodge,arodgedr@merriam-webster.com,Female,Rama
01/28/2023,497,Nikita,Spurret,nspurretds@java.com,Male,Aguelmous
01/02/2023,498,Maurits,Dicte,mdictedt@blogspot.com,Male,Paraíso de Chabasquén
01/09/2023,499,Lian,Mercik,lmercikdu@cloudflare.com,Female,Pukou
01/16/2023,500,Doe,Allett,dallettdv@wikimedia.org,Female,Il’inskiy Pogost
01/06/2023,501,Red,Ewells,rewellsdw@e-recht24.de,Male,Otjiwarongo
01/28/2023,502,Benjamen,Mahood,bmahooddx@wunderground.com,Male,Dongpu
01/26/2023,503,Sigismund,Gorusso,sgorussody@blog.com,Male,Darwin
01/13/2023,504,Dorita,Paye,dpayedz@blogger.com,Non-binary,Huari
01/26/2023,505,Irma,Sagg,isagge0@accuweather.com,Female,Stockholm
01/20/2023,506,Elayne,Louedey,elouedeye1@zimbio.com,Polygender,Caromatan
01/18/2023,507,Fax,Geddis,fgeddise2@wsj.com,Agender,Phultala
01/14/2023,508,Clarie,Jedrasik,cjedrasike3@ucoz.com,Female,Terong
01/08/2023,509,Hort,Dryburgh,hdryburghe4@blogspot.com,Male,Pokój
01/24/2023,510,Morrie,Coffee,mcoffeee5@skyrock.com,Male,Venustiano Carranza
01/21/2023,511,Artemus,Bygrave,abygravee6@sun.com,Male,Buraen
01/21/2023,512,Ryley,Dussy,rdussye7@howstuffworks.com,Male,Yanyang
01/17/2023,513,Chance,Gagan,cgagane8@ocn.ne.jp,Male,Dikson
01/01/2023,514,Carolee,Ramirez,cramireze9@dagondesign.com,Female,Custóias
01/16/2023,515,Evelyn,Renals,erenalsea@lulu.com,Female,San Isidro
01/18/2023,516,Piotr,Catlette,pcatletteeb@sfgate.com,Male,Bŭstonqal’a
01/26/2023,517,Forster,Heighton,fheightonec@netlog.com,Male,Haquira
01/27/2023,518,Zaccaria,Shorton,zshortoned@home.pl,Male,Zhaobei
01/10/2023,519,Aundrea,Childrens,achildrensee@studiopress.com,Female,Grenoble
01/20/2023,520,Georgianne,Angerstein,gangersteinef@ca.gov,Female,Krajan Pocangan
01/09/2023,521,Roscoe,Windham,rwindhameg@lulu.com,Male,Fuming
01/02/2023,522,Augusto,Sigars,asigarseh@nature.com,Male,Zhouzai
01/01/2023,523,Naoma,Fairlaw,nfairlawei@japanpost.jp,Female,Kamen’-na-Obi
01/20/2023,524,Mellisa,Mulrenan,mmulrenanej@feedburner.com,Female,Jishan
01/23/2023,525,Putnem,Beetlestone,pbeetlestoneek@tripadvisor.com,Male,Fengren
01/01/2023,526,Obadias,Dominetti,odominettiel@ihg.com,Male,Raša
01/30/2023,527,Florrie,Aynscombe,faynscombeem@statcounter.com,Female,Gândara de Aquém
01/29/2023,528,Frankie,Knox,fknoxen@symantec.com,Male,Qilin
01/05/2023,529,Cathryn,McVane,cmcvaneeo@newsvine.com,Female,Xinji
01/20/2023,530,Salomone,Crumpton,scrumptonep@instagram.com,Male,Bolobo
01/13/2023,531,Celinka,Larvor,clarvoreq@huffingtonpost.com,Female,San Isidro
01/06/2023,532,Eamon,Carbett,ecarbetter@jiathis.com,Male,Quinchía
01/03/2023,533,Celestyna,Collens,ccollenses@ebay.com,Genderfluid,Sade
01/19/2023,534,Maryann,McNiven,mmcnivenet@amazon.co.jp,Female,Youyun
01/29/2023,535,Aundrea,Smeuin,asmeuineu@wunderground.com,Female,Burao
01/13/2023,536,Gertrud,Peiro,gpeiroev@examiner.com,Female,Radzanów
01/20/2023,537,Zitella,Nolda,znoldaew@plala.or.jp,Female,Oklahoma City
01/16/2023,538,Misha,Nunnerley,mnunnerleyex@godaddy.com,Female,Sokolov
01/12/2023,539,Estrella,Duggon,eduggoney@hibu.com,Female,Kham Sakae Saeng
01/24/2023,540,Oates,Aspey,oaspeyez@xrea.com,Male,At-Bashi
01/08/2023,541,Jenni,Dog,jdogf0@auda.org.au,Female,Ranua
01/24/2023,542,Nicol,Coghill,ncoghillf1@drupal.org,Female,Yessentukskaya
01/05/2023,543,Chlo,Hickin,chickinf2@cafepress.com,Polygender,Springfield
01/11/2023,544,Dinny,Ledster,dledsterf3@4shared.com,Female,Magtangol
01/30/2023,545,Emogene,Akhurst,eakhurstf4@samsung.com,Female,Ribas do Rio Pardo
01/16/2023,546,Lian,Raynton,lrayntonf5@amazon.de,Female,Shalinskoye
01/10/2023,547,Inga,Bonifazio,ibonifaziof6@aboutads.info,Female,Lugo
01/16/2023,548,Keri,Beamond,kbeamondf7@people.com.cn,Agender,Darungan
01/20/2023,549,Wilhelmine,Albers,walbersf8@163.com,Female,Hořice
01/23/2023,550,Hillard,Doudney,hdoudneyf9@slideshare.net,Male,Budapest
01/06/2023,551,Courtenay,Jessop,cjessopfa@noaa.gov,Female,Krajan Tengah
01/14/2023,552,Em,Kettlestringes,ekettlestringesfb@miibeian.gov.cn,Male,Jakobstad
01/04/2023,553,Bentlee,Trusler,btruslerfc@si.edu,Male,Lobuk
01/27/2023,554,Bogey,Pavyer,bpavyerfd@irs.gov,Male,Yuanbao
01/16/2023,555,Skip,Labell,slabellfe@bigcartel.com,Male,Parikkala
01/01/2023,556,Marita,Cancellario,mcancellarioff@google.de,Female,Slobodskoy
01/26/2023,557,Sunny,Sirl,ssirlfg@qq.com,Female,Kilingi-Nõmme
01/16/2023,558,Hildagard,Gadman,hgadmanfh@instagram.com,Female,Ortega
01/29/2023,559,Dall,Wookey,dwookeyfi@huffingtonpost.com,Male,Maria
01/26/2023,560,Farra,Sanz,fsanzfj@telegraph.co.uk,Female,Barwałd Górny
01/03/2023,561,Conan,Spinnace,cspinnacefk@dell.com,Male,Nový Knín
01/06/2023,562,Asia,Mazzey,amazzeyfl@google.nl,Female,Versailles
01/13/2023,563,Ole,Caso,ocasofm@addtoany.com,Male,Kefang
01/22/2023,564,Katinka,Bagguley,kbagguleyfn@constantcontact.com,Female,Miaoxi
01/21/2023,565,Brennen,Gilham,bgilhamfo@earthlink.net,Male,Alvega
01/21/2023,566,Tiffany,Kissack,tkissackfp@aol.com,Female,Cikeusal
01/11/2023,567,Ike,Barling,ibarlingfq@reference.com,Male,San Fernando de Atabapo
01/23/2023,568,Sammy,Larkkem,slarkkemfr@dmoz.org,Bigender,Sarband
01/16/2023,569,Clementia,Bergstrand,cbergstrandfs@chicagotribune.com,Genderfluid,Boafeo
01/30/2023,570,Fey,Chesnut,fchesnutft@liveinternet.ru,Female,Cannes
01/07/2023,571,Cyril,Dawidsohn,cdawidsohnfu@eepurl.com,Male,Klang
01/14/2023,572,Brynne,Bennedsen,bbennedsenfv@timesonline.co.uk,Female,Almendra
01/03/2023,573,Danice,Wellsman,dwellsmanfw@examiner.com,Genderqueer,Nuquí
01/21/2023,574,Phaedra,Ioannidis,pioannidisfx@sohu.com,Female,Haitang
01/14/2023,575,Jaime,Milham,jmilhamfy@pbs.org,Female,Zdiby
01/16/2023,576,Simon,Laughtisse,slaughtissefz@hostgator.com,Male,Ljubovija
01/04/2023,577,Gardener,McLucky,gmcluckyg0@examiner.com,Male,Naru
01/27/2023,578,Kimberli,Craiker,kcraikerg1@hugedomains.com,Female,Paris 13
01/13/2023,579,Gordie,Limer,glimerg2@unc.edu,Male,Avon
01/29/2023,580,Sileas,Seamer,sseamerg3@squidoo.com,Female,Serh
01/25/2023,581,Christean,Crich,ccrichg4@cloudflare.com,Female,Bunisari
01/03/2023,582,Halsey,Tarbox,htarboxg5@360.cn,Male,Chicheng
01/21/2023,583,Sutton,Jouhandeau,sjouhandeaug6@howstuffworks.com,Male,Jiaxian Chengguanzhen
01/01/2023,584,Cullen,Loosmore,cloosmoreg7@telegraph.co.uk,Male,Cipanas
01/02/2023,585,Johnath,Manneville,jmannevilleg8@behance.net,Polygender,Arcachon
01/06/2023,586,Inessa,Lammenga,ilammengag9@earthlink.net,Female,Mujiangping
01/18/2023,587,Meridith,Wharby,mwharbyga@accuweather.com,Female,Denyshi
01/12/2023,588,Foss,Gravells,fgravellsgb@slashdot.org,Male,San Luis
01/07/2023,589,Amandy,Yackiminie,ayackiminiegc@blogger.com,Genderqueer,Shangma
01/25/2023,590,Alistair,D'Hooge,adhoogegd@java.com,Male,Oemofa
01/25/2023,591,Dall,Rekes,drekesge@nhs.uk,Genderqueer,Kalajoki
01/23/2023,592,Husain,Harby,hharbygf@fastcompany.com,Male,Bulnes
01/20/2023,593,Valentin,Fairfoot,vfairfootgg@dedecms.com,Non-binary,Ōnojō
01/26/2023,594,Willow,O'Keaveny,wokeavenygh@arstechnica.com,Female,La Victoria
01/10/2023,595,Parry,Le Blanc,pleblancgi@va.gov,Male,Itaboraí
01/15/2023,596,Timmie,Hackly,thacklygj@squidoo.com,Male,Jargalant
01/21/2023,597,Boyd,Beake,bbeakegk@netscape.com,Male,Yanqul
01/30/2023,598,Regan,Bootyman,rbootymangl@umich.edu,Male,Tanshi
01/03/2023,599,Cirillo,Ragsdale,cragsdalegm@slashdot.org,Male,Ankazobe
01/21/2023,600,Yulma,Hekkert,yhekkertgn@businessinsider.com,Male,Libertad
01/15/2023,601,Lucilia,Harriskine,lharriskinego@whitehouse.gov,Female,Al Başrah
01/09/2023,602,Carl,Townes,ctownesgp@vkontakte.ru,Male,Kawaguchi
01/19/2023,603,Osbourn,Keeri,okeerigq@chron.com,Bigender,Stettler
01/13/2023,604,Carmine,Mackstead,cmacksteadgr@mozilla.com,Female,La Rochelle
01/10/2023,605,Saunders,Magowan,smagowangs@nsw.gov.au,Male,Santa Clara
01/17/2023,606,Evered,Hubball,ehubballgt@washington.edu,Male,Shibganj
01/29/2023,607,Elmer,McDell,emcdellgu@hostgator.com,Male,Khashuri
01/26/2023,608,Tiler,Boissier,tboissiergv@bloglines.com,Male,Zhuangta
01/22/2023,609,Hallsy,Kinvig,hkinviggw@chronoengine.com,Male,Bayt Ūlā
01/02/2023,610,Karleen,Luckie,kluckiegx@apple.com,Female,Khorlovo
01/27/2023,611,Rudd,Grinov,rgrinovgy@macromedia.com,Male,Oeri’u
01/03/2023,612,Hyacinthie,Yandell,hyandellgz@ft.com,Female,Venlo
01/23/2023,613,Irvine,Neate,ineateh0@cpanel.net,Male,Karangparwa
01/13/2023,614,Roberta,Grahame,rgrahameh1@buzzfeed.com,Female,Diofior
01/27/2023,615,Kendell,Guitton,kguittonh2@marketwatch.com,Male,Trá Mhór
01/13/2023,616,Lou,Brigman,lbrigmanh3@ocn.ne.jp,Female,Jiuxian
01/13/2023,617,Allard,Keyho,akeyhoh4@auda.org.au,Male,Nybro
01/28/2023,618,Babs,Bland,bblandh5@php.net,Female,Pabean
01/08/2023,619,Thain,Pogson,tpogsonh6@apple.com,Male,Sidaurip
01/14/2023,620,Susana,Hadwin,shadwinh7@webmd.com,Female,Cungapmimbo
01/07/2023,621,Mady,Little,mlittleh8@booking.com,Female,Wailebe
01/08/2023,622,Elysia,Saladino,esaladinoh9@google.pl,Female,Dallas
01/26/2023,623,Kellen,Gripton,kgriptonha@redcross.org,Female,Korisós
01/12/2023,624,Beryle,Ruscoe,bruscoehb@joomla.org,Female,Fort Wayne
01/01/2023,625,Saul,Marti,smartihc@yellowpages.com,Non-binary,Heshi
01/09/2023,626,Markos,Balchen,mbalchenhd@deliciousdays.com,Male,Forshaga
01/07/2023,627,Sharl,Craney,scraneyhe@umn.edu,Female,Xinwan
01/22/2023,628,Rosco,Yeude,ryeudehf@hud.gov,Male,Pavlysh
01/11/2023,629,Aliza,Strank,astrankhg@123-reg.co.uk,Female,Benito Juarez
01/02/2023,630,Marie,Verduin,mverduinhh@soup.io,Female,Pingqiao
01/18/2023,631,Yuri,Lloyd,ylloydhi@auda.org.au,Male,Belomorsk
01/26/2023,632,Bartholomeus,Janaszewski,bjanaszewskihj@answers.com,Male,Sumberkenanga
01/12/2023,633,Elmer,Parslow,eparslowhk@cargocollective.com,Male,Syntul
01/17/2023,634,Brendin,Zannetti,bzannettihl@ed.gov,Male,Puerres
01/06/2023,635,Cornelle,Menilove,cmenilovehm@wikia.com,Female,Salem
01/23/2023,636,Dell,Bould,dbouldhn@com.com,Female,Málaga
01/09/2023,637,Valene,Frangione,vfrangioneho@weebly.com,Non-binary,Burgkirchen
01/06/2023,638,Esme,Tilley,etilleyhp@ebay.com,Male,Gualmatán
01/05/2023,639,Marylin,Ruggieri,mruggierihq@furl.net,Female,Raminho
01/16/2023,640,Olympe,Iddens,oiddenshr@youtube.com,Female,Merton
01/18/2023,641,Prudence,Ritchie,pritchiehs@dailymotion.com,Female,Gualeguay
01/18/2023,642,Karlik,Swinfon,kswinfonht@biblegateway.com,Male,Nowy Dwór Mazowiecki
01/22/2023,643,Viviana,Danjoie,vdanjoiehu@yelp.com,Female,Bouna
01/14/2023,644,Lowe,McCrachen,lmccrachenhv@mashable.com,Male,Domoni
01/23/2023,645,Torrin,Robben,trobbenhw@odnoklassniki.ru,Male,Bršadin
01/10/2023,646,Hilary,Payle,hpaylehx@alibaba.com,Female,Trhové Sviny
01/13/2023,647,Dulcia,Litzmann,dlitzmannhy@google.co.jp,Female,Sumberbakti
01/04/2023,648,Trumann,Wharby,twharbyhz@devhub.com,Male,Mohelnice
01/21/2023,649,Mitchell,Karlsen,mkarlseni0@sakura.ne.jp,Male,New Pandanon
01/08/2023,650,Alano,Eakens,aeakensi1@geocities.jp,Male,Yisuhe
01/17/2023,651,Hanson,Haliburton,hhaliburtoni2@freewebs.com,Male,Qinghua
01/30/2023,652,Samaria,Nazer,snazeri3@cnn.com,Female,Sukadana
01/04/2023,653,Junie,Muffen,jmuffeni4@va.gov,Female,Kilkís
01/09/2023,654,Brewer,Lascell,blascelli5@blogspot.com,Male,Prince Albert
01/05/2023,655,Benedikt,De Miranda,bdemirandai6@themeforest.net,Male,Dayou
01/11/2023,656,Verney,Peacham,vpeachami7@nationalgeographic.com,Male,Gaoxing
01/29/2023,657,Chrissie,Demelt,cdemelti8@jalbum.net,Female,Grimstad
01/15/2023,658,Artie,Dockery,adockeryi9@theglobeandmail.com,Male,Libon
01/20/2023,659,Llewellyn,McDonnell,lmcdonnellia@hibu.com,Genderfluid,Tomsk
01/07/2023,660,Dominique,Gouthier,dgouthierib@timesonline.co.uk,Female,Tanguiéta
01/16/2023,661,Tonya,Mauditt,tmaudittic@domainmarket.com,Female,San Rafael Arriba
01/26/2023,662,Melissa,Mangam,mmangamid@youku.com,Female,Ongabelen
01/23/2023,663,Jeremie,Kille,jkilleie@soup.io,Male,Hyesan-dong
01/28/2023,664,Haven,Vinden,hvindenif@prweb.com,Male,Pocsi
01/11/2023,665,Natalie,Elsey,nelseyig@phoca.cz,Polygender,Rouen
01/22/2023,666,Joannes,Blyth,jblythih@loc.gov,Female,Sośnicowice
01/14/2023,667,Perkin,Kleinhandler,pkleinhandlerii@oaic.gov.au,Male,Jiangjing
01/16/2023,668,Lacee,Matherson,lmathersonij@hud.gov,Female,Des Moines
01/04/2023,669,Cathlene,Colaco,ccolacoik@zimbio.com,Female,Darband
01/11/2023,670,Johnnie,MacRory,jmacroryil@nbcnews.com,Male,Thị Trấn Mường Khến
01/14/2023,671,Arlan,Michie,amichieim@home.pl,Male,Aldeias de Cima
01/07/2023,672,Robbin,Caesman,rcaesmanin@rambler.ru,Female,Busungbiu
01/21/2023,673,Bancroft,Metzing,bmetzingio@moonfruit.com,Male,Ad Dilam
01/30/2023,674,Shurwood,Metzel,smetzelip@reverbnation.com,Male,Ballivor
01/11/2023,675,Sam,Mallan,smallaniq@scientificamerican.com,Male,Kyurdarmir
01/28/2023,676,Elsie,Dumbreck,edumbreckir@fda.gov,Female,Jindayris
01/15/2023,677,Ryun,Dart,rdartis@weather.com,Male,Pinega
01/08/2023,678,Rosalyn,Parks,rparksit@ezinearticles.com,Female,Guimarei
01/28/2023,679,Jens,Franciskiewicz,jfranciskiewicziu@mtv.com,Male,Barda
01/11/2023,680,Aguistin,Petters,apettersiv@mapquest.com,Male,Kedatuan
01/19/2023,681,Evangeline,Bendin,ebendiniw@vinaora.com,Female,Liboro
01/17/2023,682,Irv,Matthiesen,imatthiesenix@google.ru,Male,Rizal
01/29/2023,683,Sherwood,Sarney,ssarneyiy@barnesandnoble.com,Male,Camangcamang
01/16/2023,684,Cece,Bourgourd,cbourgourdiz@google.com,Male,Huating
01/05/2023,685,Ruddie,Jickles,rjicklesj0@stanford.edu,Genderqueer,Yongning
01/03/2023,686,Viviene,Chaddock,vchaddockj1@google.com,Female,Sudo
01/29/2023,687,Miles,Corbyn,mcorbynj2@phpbb.com,Male,Tangzhai
01/10/2023,688,Donal,Scoggins,dscogginsj3@twitter.com,Male,Changshan
01/26/2023,689,Cristobal,Signore,csignorej4@cam.ac.uk,Male,Querobamba
01/09/2023,690,Therese,Le Floch,tleflochj5@symantec.com,Female,Boguszów-Gorce
01/02/2023,691,Berkie,Haskur,bhaskurj6@dailymotion.com,Male,Psychikó
01/06/2023,692,Willis,Wigelsworth,wwigelsworthj7@last.fm,Male,Bitung
01/18/2023,693,Kristen,Pettis,kpettisj8@last.fm,Female,Błonie
01/15/2023,694,Tatiana,Paik,tpaikj9@ox.ac.uk,Female,Cilangkap
01/10/2023,695,Carlyle,Reddoch,creddochja@behance.net,Male,San Juan Nepomuceno
01/28/2023,696,Sherwood,Eubank,seubankjb@yelp.com,Male,Vilhena
01/25/2023,697,Meara,Paladini,mpaladinijc@google.fr,Female,Lancheng
01/27/2023,698,Sean,Thurlbeck,sthurlbeckjd@ihg.com,Female,Roshal’
01/04/2023,699,Cathleen,McCollum,cmccollumje@geocities.jp,Female,São Mateus
01/01/2023,700,Lynde,Worms,lwormsjf@meetup.com,Female,Krông Kmar
01/27/2023,701,Rutger,Brewerton,rbrewertonjg@angelfire.com,Male,Fort Lauderdale
01/16/2023,702,Paulie,Tunno,ptunnojh@foxnews.com,Male,Shentang
01/19/2023,703,Wynny,Olifaunt,wolifauntji@lycos.com,Female,Xiaozhi
01/10/2023,704,Anabel,Ceschi,aceschijj@a8.net,Female,Tsul-Ulaan
01/22/2023,705,Zuzana,Spiers,zspiersjk@answers.com,Female,Aparecida do Taboado
01/15/2023,706,Valentia,Gater,vgaterjl@goodreads.com,Female,Faeanak Dua
01/29/2023,707,Cammie,Fay,cfayjm@alibaba.com,Female,Atalaia
01/18/2023,708,Robena,Cumpton,rcumptonjn@guardian.co.uk,Female,Ariguaní
01/06/2023,709,Bradley,Copeland,bcopelandjo@unesco.org,Male,Álimos
01/25/2023,710,Lyndsie,Joel,ljoeljp@rakuten.co.jp,Female,Pallasovka
01/01/2023,711,Edwina,Franklen,efranklenjq@is.gd,Female,El Fahs
01/30/2023,712,Gertrud,Dearnly,gdearnlyjr@utexas.edu,Female,Sofiyivka
01/01/2023,713,Devondra,Soffe,dsoffejs@microsoft.com,Female,Xuebu
01/11/2023,714,Terrance,Popland,tpoplandjt@infoseek.co.jp,Male,Great Neck
01/22/2023,715,Cristina,Peploe,cpeploeju@blinklist.com,Non-binary,Villa La Angostura
01/17/2023,716,Jemimah,Mackness,jmacknessjv@wordpress.com,Female,Longsheng
01/18/2023,717,Minnaminnie,Dosdill,mdosdilljw@chronoengine.com,Female,Valbonë
01/01/2023,718,Wye,Cathie,wcathiejx@apple.com,Male,Visby
01/23/2023,719,Lilla,Antczak,lantczakjy@aol.com,Female,Thành Phố Bà Rịa
01/09/2023,720,Thorvald,Dignam,tdignamjz@whitehouse.gov,Male,Mbongawani
01/30/2023,721,Devin,Cartmer,dcartmerk0@1und1.de,Female,Acarigua
01/02/2023,722,Roselin,Studdeard,rstuddeardk1@google.de,Female,Al Jumaylīyah
01/12/2023,723,Leilah,O'Reilly,loreillyk2@amazon.com,Female,Bang Rakam
01/09/2023,724,Chloris,Leavesley,cleavesleyk3@hibu.com,Female,Songculan
01/20/2023,725,Jules,Wink,jwinkk4@virginia.edu,Male,Fangshan
01/11/2023,726,Vivie,MacGahey,vmacgaheyk5@twitpic.com,Female,Prómachoi
01/13/2023,727,Alvin,Gerrets,agerretsk6@cornell.edu,Male,Североморск-3
01/26/2023,728,Margaretta,Housaman,mhousamank7@mapquest.com,Female,Cihaur
01/27/2023,729,Duky,Hellyar,dhellyark8@wix.com,Polygender,Tigpalay
01/21/2023,730,Glory,Chellam,gchellamk9@independent.co.uk,Female,Guyancourt
01/29/2023,731,Christopher,Stiger,cstigerka@photobucket.com,Male,Montreuil
01/21/2023,732,Yvette,Bogies,ybogieskb@cafepress.com,Female,Tracal
01/18/2023,733,Abner,Offord,aoffordkc@nyu.edu,Male,La Romana
01/18/2023,734,Caprice,Ingliby,cinglibykd@webs.com,Female,Huangguan
01/13/2023,735,Patrizius,Jenkin,pjenkinke@wordpress.org,Male,Layog
01/16/2023,736,Muffin,Sheeran,msheerankf@clickbank.net,Female,Lido
01/07/2023,737,Bentlee,Smallthwaite,bsmallthwaitekg@samsung.com,Male,Muhoroni
01/14/2023,738,Brewer,Tames,btameskh@linkedin.com,Male,Barkly East
01/13/2023,739,Lucilia,Martusov,lmartusovki@cam.ac.uk,Female,Gondanglegi Wetan
01/29/2023,740,Lockwood,Sissons,lsissonskj@chicagotribune.com,Male,Sanxi
01/20/2023,741,Caleb,Pigny,cpignykk@blog.com,Male,Arcueil
01/02/2023,742,Shalne,Lanyon,slanyonkl@adobe.com,Female,Carlsbad
01/01/2023,743,Putnam,Bernardi,pbernardikm@amazonaws.com,Agender,Thành Phố Ninh Bình
01/27/2023,744,Ivan,Issitt,iissittkn@themeforest.net,Male,Goba
01/14/2023,745,Idette,Challoner,ichallonerko@hc360.com,Female,Mantes-la-Jolie
01/07/2023,746,Francyne,Trehearne,ftrehearnekp@economist.com,Female,Một Ngàn
01/18/2023,747,Alanah,Ferrai,aferraikq@taobao.com,Non-binary,Antas
01/14/2023,748,Leah,Pechell,lpechellkr@imgur.com,Female,Ash Shuhadā’
01/24/2023,749,Ivan,Motto,imottoks@over-blog.com,Male,Oslo
01/21/2023,750,Dorice,Thurlborn,dthurlbornkt@storify.com,Female,Ban Khlong Bang Sao Thong
01/25/2023,751,Kirsten,Falconer,kfalconerku@moonfruit.com,Female,Banjarmasin
01/20/2023,752,Yettie,Hellis,yhelliskv@scribd.com,Female,Stavyshche
01/13/2023,753,Gayleen,Shotboulte,gshotboultekw@youtube.com,Female,Eido
01/06/2023,754,Towny,Cockle,tcocklekx@craigslist.org,Genderqueer,Zhulan
01/15/2023,755,Vanny,Tustin,vtustinky@netlog.com,Bigender,Krajan Tanjungrejo
01/30/2023,756,Trace,Gayforth,tgayforthkz@imdb.com,Male,Thetford-Mines
01/03/2023,757,Lorant,Grief,lgriefl0@dion.ne.jp,Male,Hisings Kärra
01/23/2023,758,Kristina,Dary,kdaryl1@eepurl.com,Female,Chicago
01/09/2023,759,Debora,Kleinplatz,dkleinplatzl2@oaic.gov.au,Female,Fort McMurray
01/21/2023,760,Tabbatha,Eichmann,teichmannl3@ibm.com,Female,Si Bun Rueang
01/30/2023,761,Umberto,Thirst,uthirstl4@fotki.com,Polygender,Battaramulla South
01/04/2023,762,Glennis,Hiddsley,ghiddsleyl5@xinhuanet.com,Female,Ibirama
01/11/2023,763,Tyrone,Dawes,tdawesl6@example.com,Male,Gaoyan
01/19/2023,764,Ailsun,Seamarke,aseamarkel7@spiegel.de,Bigender,Pajapita
01/08/2023,765,Scotti,Reddecliffe,sreddecliffel8@youtube.com,Male,Ungheni
01/16/2023,766,Alisander,Fudger,afudgerl9@wsj.com,Male,Bharatpur
01/28/2023,767,Jackie,Babidge,jbabidgela@altervista.org,Female,Lingbei
01/23/2023,768,Marsiella,Sambedge,msambedgelb@ustream.tv,Female,Évreux
01/25/2023,769,Silvano,Spyby,sspybylc@e-recht24.de,Male,Klimovsk
01/12/2023,770,Caitrin,Rohlfs,crohlfsld@bandcamp.com,Female,Xixiang
01/10/2023,771,Jephthah,Lifton,jliftonle@bravesites.com,Male,Binangun
01/09/2023,772,Gwenni,Gaylord,ggaylordlf@printfriendly.com,Female,Stony Plain
01/22/2023,773,Kingsly,Snoxell,ksnoxelllg@paypal.com,Non-binary,Yantal’
01/09/2023,774,Benson,Cromleholme,bcromleholmelh@army.mil,Male,Seixas
01/01/2023,775,Dinnie,Cotterel,dcotterelli@usa.gov,Female,Minneapolis
01/19/2023,776,Binnie,McFeat,bmcfeatlj@drupal.org,Female,Yanjiang
01/19/2023,777,Blake,McGooch,bmcgoochlk@rediff.com,Female,Yingcui
01/29/2023,778,Nicolette,Sterricker,nsterrickerll@furl.net,Female,Yong’an
01/19/2023,779,Brynn,Simao,bsimaolm@ibm.com,Non-binary,Cernik
01/30/2023,780,Myrtie,Cufley,mcufleyln@amazonaws.com,Female,San Nicolás de los Arroyos
01/11/2023,781,Kati,Trathan,ktrathanlo@multiply.com,Female,Casa Nova
01/02/2023,782,Kristal,Alpes,kalpeslp@ocn.ne.jp,Female,Santa Cruz das Flores
01/28/2023,783,Noemi,Twist,ntwistlq@mozilla.com,Female,Haikou
01/21/2023,784,Doloritas,O'Cuddie,docuddielr@europa.eu,Genderqueer,Thala
01/18/2023,785,Cash,Kennelly,ckennellyls@bloomberg.com,Male,Manacapuru
01/07/2023,786,Ranna,Everly,reverlylt@nsw.gov.au,Female,Talok
01/29/2023,787,Uriel,Sholl,usholllu@jigsy.com,Male,Khosta
01/25/2023,788,Franky,Crawshay,fcrawshaylv@weibo.com,Female,Miribanteng
01/20/2023,789,Floyd,Licari,flicarilw@cloudflare.com,Male,Tengah
01/19/2023,790,Coralie,Kidney,ckidneylx@sciencedaily.com,Female,Dearborn
01/10/2023,791,Alonso,Stubbs,astubbsly@newsvine.com,Male,Chuntai
01/01/2023,792,Templeton,Bediss,tbedisslz@house.gov,Male,Moguqi
01/01/2023,793,Dorrie,Braysher,dbraysherm0@discovery.com,Female,Bokani
01/09/2023,794,Nealy,Dalgety,ndalgetym1@goo.gl,Male,Zbýšov
01/16/2023,795,Merwyn,Gollop,mgollopm2@mail.ru,Agender,Lobito
01/07/2023,796,Brett,Scallon,bscallonm3@nasa.gov,Male,Ancona
01/29/2023,797,Garold,Swanton,gswantonm4@xing.com,Male,Murillo
01/30/2023,798,Reggi,Durward,rdurwardm5@livejournal.com,Female,San Francisco
01/07/2023,799,Jaimie,Cereceres,jcereceresm6@berkeley.edu,Male,Kharabali
01/15/2023,800,Manda,Trayes,mtrayesm7@etsy.com,Female,Luchegorsk
01/04/2023,801,Tynan,Licciardello,tlicciardellom8@joomla.org,Male,Puzi
01/19/2023,802,Krispin,Berns,kbernsm9@amazon.co.uk,Male,Mahdishahr
01/27/2023,803,Corbie,Humfrey,chumfreyma@paypal.com,Male,Tonantins
01/09/2023,804,Evangelina,Ever,eevermb@tinyurl.com,Female,Trollhättan
01/06/2023,805,Ranee,Anfossi,ranfossimc@dropbox.com,Female,Bulan
01/11/2023,806,Hall,Bailles,hbaillesmd@slashdot.org,Male,Xiaosong
01/02/2023,807,Solomon,Tefft,stefftme@delicious.com,Male,Haoba
01/19/2023,808,Nicole,Wingar,nwingarmf@symantec.com,Female,Venëv
01/19/2023,809,Jarib,Willox,jwilloxmg@jigsy.com,Male,Pingle
01/21/2023,810,Jermain,Baltrushaitis,jbaltrushaitismh@yandex.ru,Male,Nanlang
01/09/2023,811,Man,Davidovitz,mdavidovitzmi@wufoo.com,Male,El Realejo
01/15/2023,812,Denis,Stoggles,dstogglesmj@gmpg.org,Genderfluid,Buenavista
01/19/2023,813,Derby,Dymock,ddymockmk@cocolog-nifty.com,Male,Chengzhong
01/04/2023,814,Wilfred,Gascoine,wgascoineml@addtoany.com,Male,Baturinggit Kaja
01/01/2023,815,Dian,Moors,dmoorsmm@npr.org,Polygender,Binangun
01/07/2023,816,Fifine,Regglar,fregglarmn@scribd.com,Female,Thị Trấn Nga Sơn
01/22/2023,817,Raphaela,Pickerin,rpickerinmo@wired.com,Female,Wang Chan
01/03/2023,818,Sibella,D'Orsay,sdorsaymp@salon.com,Genderfluid,Rtishchevo
01/01/2023,819,Mora,Workman,mworkmanmq@ameblo.jp,Female,Ningyuan
01/10/2023,820,Lorenzo,Lautie,llautiemr@ucoz.ru,Male,Jalal-Abad
01/20/2023,821,Elana,Dreakin,edreakinms@aboutads.info,Female,Pasto
01/23/2023,822,Tomasine,Baudouin,tbaudouinmt@google.nl,Female,Qincheng
01/14/2023,823,Napoleon,Willford,nwillfordmu@washington.edu,Male,Pukou
01/20/2023,824,Mile,Makin,mmakinmv@scientificamerican.com,Male,Nanshao
01/01/2023,825,Hermina,Goady,hgoadymw@uol.com.br,Female,Dajing
01/24/2023,826,Shepherd,Eite,seitemx@jalbum.net,Male,Bogdanovich
01/04/2023,827,Vic,Bownd,vbowndmy@woothemes.com,Male,Turbiv
01/04/2023,828,Kristos,Weedenburg,kweedenburgmz@unblog.fr,Agender,Abadou
01/30/2023,829,Merridie,Collinette,mcollinetten0@unicef.org,Female,Jiangqiao
01/24/2023,830,Pembroke,Seawright,pseawrightn1@loc.gov,Male,Suwalan
01/15/2023,831,Olga,Shiers,oshiersn2@dyndns.org,Female,Motala
01/16/2023,832,Myca,Pohlke,mpohlken3@newyorker.com,Male,Chicago
01/07/2023,833,Ezra,Lindeberg,elindebergn4@wikispaces.com,Male,Sangallaya
01/27/2023,834,Loreen,Wallsworth,lwallsworthn5@twitpic.com,Bigender,Västerås
01/08/2023,835,Lindsay,Lawles,llawlesn6@bbc.co.uk,Male,Longtanping
01/26/2023,836,Elka,Bretton,ebrettonn7@webnode.com,Female,Luleå
01/12/2023,837,Falkner,Ludlam,fludlamn8@jiathis.com,Male,Dongguang
01/19/2023,838,Beverlee,Moughtin,bmoughtinn9@japanpost.jp,Female,Francos
01/28/2023,839,Kenyon,Praton,kpratonna@cnbc.com,Male,Roriz
01/27/2023,840,Reagen,Gillyatt,rgillyattnb@goodreads.com,Male,Ḩabūr
01/22/2023,841,Gar,Kehoe,gkehoenc@devhub.com,Male,Lakateng
01/17/2023,842,Myrlene,Mattecot,mmattecotnd@topsy.com,Female,Babakanbungur
01/07/2023,843,Hermy,Schuck,hschuckne@jigsy.com,Male,Manhumirim
01/06/2023,844,Rickert,Dohms,rdohmsnf@npr.org,Male,Aytos
01/01/2023,845,Zaria,Scamel,zscamelng@dell.com,Agender,Muarabuliti
01/28/2023,846,Marielle,Jedraszek,mjedraszeknh@ow.ly,Female,Shiye
01/01/2023,847,Rodrigo,Triplett,rtriplettni@zimbio.com,Male,Yong’an
01/13/2023,848,Othilie,Fosdyke,ofosdykenj@upenn.edu,Female,Gjinoc
01/30/2023,849,Kitty,Diggens,kdiggensnk@ustream.tv,Female,Soavinandriana
01/27/2023,850,Barton,Ivatts,bivattsnl@earthlink.net,Male,København
01/24/2023,851,Matt,Benham,mbenhamnm@tinypic.com,Male,Duqiao
01/01/2023,852,Melisande,Condie,mcondienn@woothemes.com,Female,Kunyang
01/16/2023,853,Kerstin,Piscopiello,kpiscopiellono@independent.co.uk,Female,Krasnogorsk
01/29/2023,854,Royal,Doutch,rdoutchnp@dedecms.com,Male,Tandag
01/06/2023,855,Jobyna,MacFadzan,jmacfadzannq@ifeng.com,Female,Chiguayante
01/02/2023,856,Tatiania,Doale,tdoalenr@nifty.com,Female,Camajuaní
01/27/2023,857,Stephanus,Blore,sblorens@1und1.de,Male,Canalete
01/13/2023,858,Natalee,Smooth,nsmoothnt@mail.ru,Female,Volosovo
01/05/2023,859,Thorn,Bosanko,tbosankonu@baidu.com,Male,Al Qiţena
01/27/2023,860,Seth,Haitlie,shaitlienv@about.me,Male,Gesing
01/12/2023,861,Gavin,Dzenisenka,gdzenisenkanw@sina.com.cn,Male,Cikadongdong
01/27/2023,862,Forster,McCloy,fmccloynx@pcworld.com,Male,Sixi
01/04/2023,863,Charil,Semor,csemorny@theglobeandmail.com,Female,Ciudad Guayana
01/28/2023,864,Janetta,Burleton,jburletonnz@mapquest.com,Female,Zamora
01/20/2023,865,Ruby,Gourley,rgourleyo0@ycombinator.com,Female,Tapilon
01/20/2023,866,Talyah,Cardenas,tcardenaso1@fotki.com,Female,Gudja
01/12/2023,867,Elden,Vondrach,evondracho2@newsvine.com,Male,Duwe
01/17/2023,868,Shaun,Mitkcov,smitkcovo3@mozilla.org,Male,Yafran
01/12/2023,869,Cece,Viggars,cviggarso4@amazon.co.uk,Male,Kalibuntu
01/24/2023,870,Bryan,Litchfield,blitchfieldo5@nifty.com,Male,Faisalābād
01/19/2023,871,Jay,Alexander,jalexandero6@jugem.jp,Male,Clogherhead
01/24/2023,872,Adam,Catherall,acatherallo7@rakuten.co.jp,Male,Luofang
01/06/2023,873,Wallace,Soppett,wsoppetto8@simplemachines.org,Male,Logon
01/25/2023,874,Felicio,Dory,fdoryo9@princeton.edu,Male,Västerås
01/26/2023,875,Kerrill,Earl,kearloa@prweb.com,Female,Gandusari
01/28/2023,876,Aloisia,Dursley,adursleyob@umich.edu,Female,Dalsjöfors
01/03/2023,877,Garvy,Whittet,gwhittetoc@bbb.org,Male,Charlottenberg
01/06/2023,878,Gaile,Cometson,gcometsonod@wikipedia.org,Male,Izazi
01/11/2023,879,Tristan,Stuckow,tstuckowoe@comcast.net,Male,Ozerki
01/30/2023,880,Phil,Attreed,pattreedof@hugedomains.com,Male,Toba
01/22/2023,881,Elna,Campione,ecampioneog@telegraph.co.uk,Agender,Kampungraja
01/28/2023,882,Claresta,Hebburn,chebburnoh@merriam-webster.com,Female,Ndofane
01/09/2023,883,Delaney,Koschek,dkoschekoi@free.fr,Male,Loučovice
01/04/2023,884,Octavius,Ferdinand,oferdinandoj@liveinternet.ru,Male,Pont Cassé
01/20/2023,885,Ileane,Goodburn,igoodburnok@stanford.edu,Female,Panalanoy
01/23/2023,886,Darcee,Farlow,dfarlowol@last.fm,Female,San Agustin
01/11/2023,887,Hersch,Sedge,hsedgeom@umn.edu,Male,Cibeureum
01/16/2023,888,Rooney,Delmonti,rdelmontion@howstuffworks.com,Male,Velké Hoštice
01/25/2023,889,Tremaine,Daintree,tdaintreeoo@ezinearticles.com,Male,Kabo
01/27/2023,890,Hagan,Saynor,hsaynorop@thetimes.co.uk,Male,Kalloní
01/24/2023,891,Mildred,Trenbay,mtrenbayoq@dedecms.com,Female,Joconal
01/12/2023,892,Naoma,Goggey,ngoggeyor@artisteer.com,Female,As Saffānīyah
01/26/2023,893,Tiler,Rollinshaw,trollinshawos@independent.co.uk,Male,Västerås
01/29/2023,894,Honey,Leney,hleneyot@surveymonkey.com,Female,Fantan
01/24/2023,895,Bernarr,Gypps,bgyppsou@businessinsider.com,Male,Uruobo-Okija
01/28/2023,896,Colman,Wickersley,cwickersleyov@desdev.cn,Male,Calape
01/09/2023,897,Jaye,Laybourn,jlaybournow@ehow.com,Male,Ungus-Ungus
01/20/2023,898,Bennie,Manson,bmansonox@cargocollective.com,Male,San Jerónimo
01/24/2023,899,Lothaire,Ellard,lellardoy@squidoo.com,Male,Yajiang
01/11/2023,900,Barbara,Culpin,bculpinoz@canalblog.com,Female,San Angelo
01/20/2023,901,Brandyn,Morstatt,bmorstattp0@freewebs.com,Non-binary,Karis
01/19/2023,902,Gwenny,Samwaye,gsamwayep1@elpais.com,Female,Aygestan
01/16/2023,903,Pennie,Gauvin,pgauvinp2@free.fr,Male,Novi Slankamen
01/18/2023,904,Mariya,Priddy,mpriddyp3@i2i.jp,Female,Jindu
01/29/2023,905,Costanza,Polle,cpollep4@eventbrite.com,Female,Khairpur
01/14/2023,906,Moselle,Mariolle,mmariollep5@gmpg.org,Polygender,Aldeia da Piedade
01/25/2023,907,Dorella,McAree,dmcareep6@goodreads.com,Genderqueer,Kittilä
01/28/2023,908,Ferd,Marrian,fmarrianp7@latimes.com,Male,Koszarawa
01/27/2023,909,Urson,Pattington,upattingtonp8@slate.com,Male,Jalaud
01/28/2023,910,Chick,Grice,cgricep9@sitemeter.com,Male,Ban Phai
01/07/2023,911,Hunter,Hawkwood,hhawkwoodpa@sourceforge.net,Polygender,Picos
01/21/2023,912,Erminie,Clunan,eclunanpb@bbc.co.uk,Female,Muting
01/30/2023,913,Urson,Topling,utoplingpc@tuttocitta.it,Bigender,Rey
01/08/2023,914,Laurene,Hattam,lhattampd@thetimes.co.uk,Female,Oleksandriya
01/12/2023,915,Toddy,Dorkens,tdorkenspe@wiley.com,Male,Nakatsugawa
01/11/2023,916,Blondy,Larmor,blarmorpf@histats.com,Female,Rochester
01/10/2023,917,Keelby,Mattersley,kmattersleypg@vimeo.com,Agender,Ts’khinvali
01/19/2023,918,Lynsey,Aarons,laaronsph@godaddy.com,Female,Potolo
01/27/2023,919,Chelsea,Buessen,cbuessenpi@sfgate.com,Female,Kaji
01/01/2023,920,Joachim,Galilee,jgalileepj@amazon.de,Male,Huayuan
01/23/2023,921,Etty,Standall,estandallpk@fema.gov,Female,Machida
01/14/2023,922,Wilbert,Hamblyn,whamblynpl@google.co.jp,Male,Ust-Kamenogorsk
01/28/2023,923,Karil,Greschik,kgreschikpm@yellowpages.com,Bigender,Roudnice nad Labem
01/02/2023,924,Pearce,Dearl,pdearlpn@clickbank.net,Male,Senada
01/05/2023,925,Guss,Courtois,gcourtoispo@ask.com,Male,Hevlín
01/02/2023,926,Sigvard,Cryer,scryerpp@ucoz.com,Male,Abucayan
01/26/2023,927,Chrissie,Larkby,clarkbypq@so-net.ne.jp,Bigender,Hînceşti
01/01/2023,928,Stephana,Gounot,sgounotpr@theatlantic.com,Female,Przyborów
01/07/2023,929,Ajay,Wanderschek,awanderschekps@nifty.com,Female,Bayshint
01/02/2023,930,Claudie,Janiszewski,cjaniszewskipt@flickr.com,Female,Mpraeso
01/01/2023,931,Calv,Burnhard,cburnhardpu@ed.gov,Male,Kongolo
01/22/2023,932,Shell,Wisniowski,swisniowskipv@jimdo.com,Male,Głogów Małopolski
01/24/2023,933,Ludwig,Dawidowitz,ldawidowitzpw@paypal.com,Male,Hutang
01/08/2023,934,Amery,Kissell,akissellpx@ucla.edu,Male,Padova
01/04/2023,935,Florella,Clausen-Thue,fclausenthuepy@mtv.com,Female,Qo’ng’irot Shahri
01/12/2023,936,Edgardo,Messingham,emessinghampz@salon.com,Male,Evansville
01/05/2023,937,Jenelle,Tulleth,jtullethq0@netscape.com,Female,Aketi
01/30/2023,938,Gregoire,Cortes,gcortesq1@studiopress.com,Male,Baiyashi
01/29/2023,939,Garreth,Madge,gmadgeq2@indiatimes.com,Male,Jāsim
01/25/2023,940,Reggy,Huriche,rhuricheq3@symantec.com,Male,Krasnokuts’k
01/30/2023,941,Rhett,Lacheze,rlachezeq4@omniture.com,Male,Hostěradice
01/01/2023,942,Benedicto,Abbison,babbisonq5@miitbeian.gov.cn,Male,Monte
01/28/2023,943,Cliff,Claypole,cclaypoleq6@theguardian.com,Male,Huazangsi
01/27/2023,944,Gayelord,Aughtie,gaughtieq7@apple.com,Male,Liminka
01/03/2023,945,Frankie,Karpeev,fkarpeevq8@pcworld.com,Agender,Trzebinia
01/12/2023,946,Imojean,Wilcox,iwilcoxq9@cocolog-nifty.com,Female,Duncan
01/06/2023,947,Onfroi,Mcall,omcallqa@tripadvisor.com,Male,Belanting
01/25/2023,948,Marja,Benedick,mbenedickqb@blog.com,Genderqueer,Halteu
01/03/2023,949,Angelina,Struys,astruysqc@blogs.com,Female,Shah Alam
01/25/2023,950,Hamel,O'Finan,hofinanqd@tumblr.com,Male,Buyuan
01/03/2023,951,Byron,Schultz,bschultzqe@sfgate.com,Male,Muhos
01/29/2023,952,Tad,Longrigg,tlongriggqf@dagondesign.com,Male,Zhayang
01/27/2023,953,Hammad,Buddles,hbuddlesqg@oaic.gov.au,Male,Verkhniy Mamon
01/01/2023,954,Cary,Foddy,cfoddyqh@tinypic.com,Male,Brumado
01/24/2023,955,Jedediah,Cavanagh,jcavanaghqi@studiopress.com,Male,Yeniugou
01/09/2023,956,Gorden,Mulqueen,gmulqueenqj@gravatar.com,Genderqueer,Santa Lucia
01/25/2023,957,Ginnifer,Frodsham,gfrodshamqk@jalbum.net,Female,Qingu
01/16/2023,958,Burtie,Shave,bshaveql@cam.ac.uk,Male,Razumnoye
01/29/2023,959,Meredeth,Guslon,mguslonqm@posterous.com,Male,Amieira do Tejo
01/13/2023,960,Randy,Giffard,rgiffardqn@apple.com,Male,Cill Airne
01/26/2023,961,Erik,Credland,ecredlandqo@bbb.org,Male,Brandýs nad Labem-Stará Boleslav
01/16/2023,962,Kyla,Senogles,ksenoglesqp@ocn.ne.jp,Female,Aţ Ţawīlah
01/01/2023,963,Alisun,Fautly,afautlyqq@google.es,Female,Ōno-hara
01/10/2023,964,Pinchas,Grigoryov,pgrigoryovqr@cisco.com,Male,Hihyā
01/24/2023,965,Sydelle,Habens,shabensqs@yahoo.co.jp,Female,Zoumi
01/05/2023,966,Jessica,Lightwing,jlightwingqt@epa.gov,Female,Moñitos
01/14/2023,967,Dorey,Hunt,dhuntqu@abc.net.au,Male,Cagayan
01/25/2023,968,Bruno,Sinott,bsinottqv@ask.com,Male,Rušanj
01/13/2023,969,Dulci,Elesander,delesanderqw@livejournal.com,Female,Sydney
01/10/2023,970,Melessa,Jimpson,mjimpsonqx@ehow.com,Female,Dodol
01/22/2023,971,Celisse,Greenwell,cgreenwellqy@oracle.com,Female,Huangqiao
01/27/2023,972,Zorina,Le Sarr,zlesarrqz@fema.gov,Female,Sarpang
01/17/2023,973,Perle,Willoughley,pwilloughleyr0@wired.com,Female,Viljandi
01/07/2023,974,Morgen,Dingwall,mdingwallr1@ameblo.jp,Female,Fakaifou Village
01/27/2023,975,Yehudi,Covil,ycovilr2@msn.com,Male,Dlemer
01/01/2023,976,Torey,Sallan,tsallanr3@naver.com,Male,Włoszakowice
01/10/2023,977,Giordano,Swaile,gswailer4@ocn.ne.jp,Male,Dandu
01/16/2023,978,Crissy,Oxlade,coxlader5@fc2.com,Female,Porkhov
01/17/2023,979,Elke,Oty,eotyr6@miitbeian.gov.cn,Female,Ereira
01/06/2023,980,Waldemar,Eathorne,weathorner7@clickbank.net,Male,Danilov
01/03/2023,981,Bunni,Markey,bmarkeyr8@usda.gov,Female,Dvůr Králové nad Labem
01/27/2023,982,Kristy,Brooke,kbrooker9@mail.ru,Agender,Manquiring
01/08/2023,983,Munroe,Maffioletti,mmaffiolettira@cmu.edu,Male,Pirapora do Bom Jesus
01/30/2023,984,Nataniel,Gue,nguerb@usgs.gov,Genderfluid,Dongbei
01/21/2023,985,Burt,Shercliff,bshercliffrc@behance.net,Agender,Mekkaw
01/07/2023,986,Jemie,Ebben,jebbenrd@merriam-webster.com,Female,Xiapu
01/05/2023,987,Willy,Drivers,wdriversre@ustream.tv,Male,Bayan Qagan
01/05/2023,988,Gabriella,Hallford,ghallfordrf@abc.net.au,Female,Zhangjiagang
01/22/2023,989,Lucila,Skellen,lskellenrg@alexa.com,Female,Kalinovskaya
01/03/2023,990,Mallory,Bailey,mbaileyrh@hexun.com,Female,Schellenberg
01/14/2023,991,Alejandro,Snelgrove,asnelgroveri@devhub.com,Male,Jindaoxia
01/16/2023,992,Kass,O'Codihie,kocodihierj@walmart.com,Female,Boulogne-Billancourt
01/26/2023,993,Mei,Hullbrook,mhullbrookrk@gmpg.org,Polygender,Macayug
01/06/2023,994,Hermon,Berndsen,hberndsenrl@godaddy.com,Male,Luže
01/21/2023,995,Barney,Witch,bwitchrm@time.com,Male,Rokietnica
01/17/2023,996,Ellen,Gillimgham,egillimghamrn@cpanel.net,Female,Benhao
01/11/2023,997,Barbara-anne,O'Carmody,bocarmodyro@jimdo.com,Female,Empedrado
01/18/2023,998,Jard,Mandres,jmandresrp@unesco.org,Male,Rauco
01/14/2023,999,Tilda,Harling,tharlingrq@wsj.com,Female,Boussé
01/12/2023,1000,Benjie,Alfonsini,balfonsinirr@google.com.br,Male,Doāba
